ISO-10303-21;
HEADER;
FILE_DESCRIPTION (( 'STEP AP214' ),
    '1' );
FILE_NAME ('CP2102N-A01-GQFN24R.STEP',
    '2023-09-21T15:19:11',
    ( '' ),
    ( '' ),
    'SwSTEP 2.0',
    'SolidWorks 2021',
    '' );
FILE_SCHEMA (( 'AUTOMOTIVE_DESIGN' ));
ENDSEC;

DATA;
#1 = DIRECTION ( 'NONE',  ( -0.000000000000000000, -1.000000000000000000, -0.000000000000000000 ) ) ;
#2 = ORIENTED_EDGE ( 'NONE', *, *, #7, .T. ) ;
#3 = PRESENTATION_STYLE_ASSIGNMENT (( #3995 ) ) ;
#4 = FACE_OUTER_BOUND ( 'NONE', #25, .T. ) ;
#5 = CARTESIAN_POINT ( 'NONE',  ( 0.6250000000000005551, 0.05000000000000000278, 0.000000000000000000 ) ) ;
#6 = STYLED_ITEM ( 'NONE', ( #2621 ), #3566 ) ;
#7 = EDGE_CURVE ( 'NONE', #2737, #2864, #240, .T. ) ;
#8 = ORIENTED_EDGE ( 'NONE', *, *, #213, .F. ) ;
#9 = DIRECTION ( 'NONE',  ( 1.000000000000000000, -0.000000000000000000, -0.000000000000000000 ) ) ;
#10 = CARTESIAN_POINT ( 'NONE',  ( -1.999999999999999556, 0.1999999999999999833, 0.8750000000000005551 ) ) ;
#11 = EDGE_CURVE ( 'NONE', #6376, #8136, #6817, .T. ) ;
#12 = VERTEX_POINT ( 'NONE', #2255 ) ;
#13 = CARTESIAN_POINT ( 'NONE',  ( 0.8750000000000003331, 0.2000000000000000111, 2.000000000000000000 ) ) ;
#14 = VERTEX_POINT ( 'NONE', #4914 ) ;
#15 = DIRECTION ( 'NONE',  ( 0.000000000000000000, 0.000000000000000000, 1.000000000000000000 ) ) ;
#16 = CIRCLE ( 'NONE', #7254, 0.1249999999999998890 ) ;
#17 = VERTEX_POINT ( 'NONE', #7557 ) ;
#18 = DIRECTION ( 'NONE',  ( 0.000000000000000000, -1.000000000000000000, 0.000000000000000000 ) ) ;
#19 = FACE_OUTER_BOUND ( 'NONE', #4958, .T. ) ;
#20 = CARTESIAN_POINT ( 'NONE',  ( -1.999999999999999556, 0.05000000000000000278, 2.000000000000000444 ) ) ;
#21 = ORIENTED_EDGE ( 'NONE', *, *, #3507, .T. ) ;
#22 = LINE ( 'NONE', #636, #7778 ) ;
#23 = EDGE_CURVE ( 'NONE', #871, #5184, #5777, .T. ) ;
#24 = LINE ( 'NONE', #8593, #4627 ) ;
#25 = EDGE_LOOP ( 'NONE', ( #138, #467, #403, #6263 ) ) ;
#26 = CARTESIAN_POINT ( 'NONE',  ( -1.692307692307692069, 0.8000000000000000444, -1.558974358974359209 ) ) ;
#27 = ORIENTED_EDGE ( 'NONE', *, *, #8584, .F. ) ;
#28 = VERTEX_POINT ( 'NONE', #6510 ) ;
#29 = ADVANCED_FACE ( 'NONE', ( #5177 ), #7038, .T. ) ;
#30 = PRESENTATION_STYLE_ASSIGNMENT (( #5324 ) ) ;
#31 = CARTESIAN_POINT ( 'NONE',  ( -1.999999999999999556, 0.1999999999999999833, 1.125000000000000222 ) ) ;
#32 = VERTEX_POINT ( 'NONE', #4358 ) ;
#33 = VECTOR ( 'NONE', #5515, 1000.000000000000000 ) ;
#34 = ORIENTED_EDGE ( 'NONE', *, *, #2625, .T. ) ;
#35 = EDGE_CURVE ( 'NONE', #3628, #1592, #2303, .T. ) ;
#36 =( NAMED_UNIT ( * ) SI_UNIT ( $, .STERADIAN. ) SOLID_ANGLE_UNIT ( ) );
#37 = AXIS2_PLACEMENT_3D ( 'NONE', #5835, #6191, #5746 ) ;
#38 = CARTESIAN_POINT ( 'NONE',  ( -1.692307692307692069, 0.6999999999999999556, -1.825641025641026038 ) ) ;
#39 = SURFACE_STYLE_FILL_AREA ( #3500 ) ;
#40 = CARTESIAN_POINT ( 'NONE',  ( -0.6249999999999996669, 0.04999999999999999584, -1.725000000000000311 ) ) ;
#41 = AXIS2_PLACEMENT_3D ( 'NONE', #2205, #3435, #4864 ) ;
#42 = EDGE_CURVE ( 'NONE', #6223, #4017, #1727, .T. ) ;
#43 = ORIENTED_EDGE ( 'NONE', *, *, #7045, .F. ) ;
#44 = DIRECTION ( 'NONE',  ( 0.000000000000000000, -1.000000000000000000, 0.000000000000000000 ) ) ;
#45 = LINE ( 'NONE', #8264, #2212 ) ;
#46 = CARTESIAN_POINT ( 'NONE',  ( -1.999999999999999556, 0.04999999999999969746, -1.124999999999999556 ) ) ;
#47 = AXIS2_PLACEMENT_3D ( 'NONE', #4161, #4808, #3419 ) ;
#48 = AXIS2_PLACEMENT_3D ( 'NONE', #2733, #3382, #6807 ) ;
#49 = LINE ( 'NONE', #4039, #5471 ) ;
#50 = ORIENTED_EDGE ( 'NONE', *, *, #6293, .T. ) ;
#51 = FACE_OUTER_BOUND ( 'NONE', #3400, .T. ) ;
#52 = ORIENTED_EDGE ( 'NONE', *, *, #1757, .T. ) ;
#53 = CARTESIAN_POINT ( 'NONE',  ( 1.999999999999999556, 0.04999999999999969746, -1.124999999999999556 ) ) ;
#54 = ADVANCED_FACE ( 'NONE', ( #457 ), #3709, .F. ) ;
#55 = ORIENTED_EDGE ( 'NONE', *, *, #3471, .T. ) ;
#56 = AXIS2_PLACEMENT_3D ( 'NONE', #2924, #1658, #7662 ) ;
#57 = DIRECTION ( 'NONE',  ( -1.000000000000000000, 0.000000000000000000, 0.000000000000000000 ) ) ;
#58 = DIRECTION ( 'NONE',  ( 1.000000000000000000, 0.000000000000000000, 0.000000000000000000 ) ) ;
#59 = EDGE_CURVE ( 'NONE', #3008, #1421, #5228, .T. ) ;
#60 = CARTESIAN_POINT ( 'NONE',  ( 0.8750000000000003331, 0.2000000000000000111, -2.000000000000000000 ) ) ;
#61 = ORIENTED_EDGE ( 'NONE', *, *, #8035, .F. ) ;
#62 = LINE ( 'NONE', #6686, #3480 ) ;
#63 = LINE ( 'NONE', #4174, #729 ) ;
#64 = PRESENTATION_LAYER_ASSIGNMENT (  '', '', ( #7313 ) ) ;
#65 = ORIENTED_EDGE ( 'NONE', *, *, #3221, .T. ) ;
#66 = LINE ( 'NONE', #190, #1437 ) ;
#67 = EDGE_LOOP ( 'NONE', ( #4129, #2791, #6096, #475 ) ) ;
#68 = COLOUR_RGB ( '',0.7921568627450980005, 0.8196078431372548767, 0.9333333333333333481 ) ;
#69 = ORIENTED_EDGE ( 'NONE', *, *, #4604, .T. ) ;
#70 = EDGE_CURVE ( 'NONE', #5239, #6028, #7811, .T. ) ;
#71 = MECHANICAL_DESIGN_GEOMETRIC_PRESENTATION_REPRESENTATION (  '', ( #2459 ), #1753 ) ;
#72 = VECTOR ( 'NONE', #2917, 1000.000000000000000 ) ;
#73 = FACE_OUTER_BOUND ( 'NONE', #7091, .T. ) ;
#74 = ORIENTED_EDGE ( 'NONE', *, *, #3944, .F. ) ;
#75 = EDGE_LOOP ( 'NONE', ( #5952, #4546, #5805, #5934 ) ) ;
#76 = ADVANCED_FACE ( 'NONE', ( #1770 ), #1024, .T. ) ;
#77 = CARTESIAN_POINT ( 'NONE',  ( 0.6250000000000005551, 0.2000000000000000111, -1.725000000000000311 ) ) ;
#78 = ORIENTED_EDGE ( 'NONE', *, *, #2972, .F. ) ;
#79 = DIRECTION ( 'NONE',  ( 0.000000000000000000, 0.000000000000000000, -1.000000000000000000 ) ) ;
#80 =( NAMED_UNIT ( * ) SI_UNIT ( $, .STERADIAN. ) SOLID_ANGLE_UNIT ( ) );
#81 = EDGE_CURVE ( 'NONE', #5799, #4055, #6342, .T. ) ;
#82 = UNCERTAINTY_MEASURE_WITH_UNIT (LENGTH_MEASURE( 1.000000000000000082E-05 ), #6251, 'distance_accuracy_value', 'NONE');
#83 =( NAMED_UNIT ( * ) PLANE_ANGLE_UNIT ( ) SI_UNIT ( $, .RADIAN. ) );
#84 = DIRECTION ( 'NONE',  ( -0.000000000000000000, -1.000000000000000000, -0.000000000000000000 ) ) ;
#85 = ORIENTED_EDGE ( 'NONE', *, *, #7219, .F. ) ;
#86 = CARTESIAN_POINT ( 'NONE',  ( -1.124999999999999778, 0.000000000000000000, -2.000000000000000000 ) ) ;
#87 = CARTESIAN_POINT ( 'NONE',  ( 1.724999999999999867, 0.6716990566028301357, 0.1249999999999998890 ) ) ;
#88 = DIRECTION ( 'NONE',  ( 0.000000000000000000, 1.000000000000000000, 0.000000000000000000 ) ) ;
#89 = EDGE_CURVE ( 'NONE', #28, #5799, #2027, .T. ) ;
#90 = CARTESIAN_POINT ( 'NONE',  ( 1.999999999999999556, 0.6716990566028301357, 0.3750000000000005551 ) ) ;
#91 = CARTESIAN_POINT ( 'NONE',  ( 0.7500000000000004441, 0.2000000000000000111, -1.725000000000000089 ) ) ;
#92 = ORIENTED_EDGE ( 'NONE', *, *, #3446, .F. ) ;
#93 = DIRECTION ( 'NONE',  ( 0.000000000000000000, -1.000000000000000000, 0.000000000000000000 ) ) ;
#94 = VERTEX_POINT ( 'NONE', #5091 ) ;
#95 = DIRECTION ( 'NONE',  ( 0.000000000000000000, 1.000000000000000000, -0.000000000000000000 ) ) ;
#96 = DIRECTION ( 'NONE',  ( -0.000000000000000000, -1.000000000000000000, -0.000000000000000000 ) ) ;
#97 = FACE_OUTER_BOUND ( 'NONE', #5148, .T. ) ;
#98 = ORIENTED_EDGE ( 'NONE', *, *, #1851, .T. ) ;
#99 = LINE ( 'NONE', #5470, #5699 ) ;
#100 = EDGE_CURVE ( 'NONE', #5648, #3704, #418, .T. ) ;
#101 = PLANE ( 'NONE',  #1712 ) ;
#102 = ORIENTED_EDGE ( 'NONE', *, *, #766, .F. ) ;
#103 = DIRECTION ( 'NONE',  ( 1.000000000000000000, 0.000000000000000000, -7.885106708985496922E-16 ) ) ;
#104 = ORIENTED_EDGE ( 'NONE', *, *, #4240, .T. ) ;
#105 = ADVANCED_FACE ( 'NONE', ( #8280 ), #7728, .F. ) ;
#106 = AXIS2_PLACEMENT_3D ( 'NONE', #2933, #1801, #443 ) ;
#107 = ORIENTED_EDGE ( 'NONE', *, *, #4744, .T. ) ;
#108 = PLANE ( 'NONE',  #3281 ) ;
#109 = VECTOR ( 'NONE', #3160, 1000.000000000000000 ) ;
#110 = VECTOR ( 'NONE', #870, 1000.000000000000000 ) ;
#111 = EDGE_CURVE ( 'NONE', #1032, #4015, #4440, .T. ) ;
#112 = FILL_AREA_STYLE ('',( #6081 ) ) ;
#113 = CARTESIAN_POINT ( 'NONE',  ( 4.928191693115944574E-16, 0.05000000000000000278, -0.6250000000000011102 ) ) ;
#114 = EDGE_LOOP ( 'NONE', ( #2089, #3771, #1556, #5872 ) ) ;
#115 = CIRCLE ( 'NONE', #2359, 0.1250000000000002220 ) ;
#116 = VECTOR ( 'NONE', #143, 1000.000000000000000 ) ;
#117 = ORIENTED_EDGE ( 'NONE', *, *, #953, .T. ) ;
#118 = LINE ( 'NONE', #6785, #4444 ) ;
#119 = ORIENTED_EDGE ( 'NONE', *, *, #3150, .F. ) ;
#120 = LINE ( 'NONE', #6787, #1101 ) ;
#121 = AXIS2_PLACEMENT_3D ( 'NONE', #7287, #1939, #5209 ) ;
#122 = PRODUCT_DEFINITION ( 'UNKNOWN', '', #1813, #1480 ) ;
#123 = AXIS2_PLACEMENT_3D ( 'NONE', #5293, #491, #1981 ) ;
#124 = ADVANCED_FACE ( 'NONE', ( #3126 ), #5000, .T. ) ;
#125 = DIRECTION ( 'NONE',  ( 0.000000000000000000, 0.000000000000000000, 1.000000000000000000 ) ) ;
#126 = FACE_OUTER_BOUND ( 'NONE', #145, .T. ) ;
#127 = AXIS2_PLACEMENT_3D ( 'NONE', #4617, #7259, #4527 ) ;
#128 = VECTOR ( 'NONE', #1898, 1000.000000000000000 ) ;
#129 = ORIENTED_EDGE ( 'NONE', *, *, #8439, .F. ) ;
#130 = EDGE_CURVE ( 'NONE', #7516, #6850, #4482, .T. ) ;
#131 = DIRECTION ( 'NONE',  ( -1.000000000000000000, 0.000000000000000000, -7.885106708985496922E-16 ) ) ;
#132 = DIRECTION ( 'NONE',  ( 1.000000000000000000, 0.000000000000000000, -0.000000000000000000 ) ) ;
#133 = DIRECTION ( 'NONE',  ( 0.000000000000000000, 0.000000000000000000, -1.000000000000000000 ) ) ;
#134 = VECTOR ( 'NONE', #1044, 1000.000000000000000 ) ;
#135 = EDGE_CURVE ( 'NONE', #7896, #3756, #1742, .T. ) ;
#136 = DIRECTION ( 'NONE',  ( -0.000000000000000000, -1.000000000000000000, -0.000000000000000000 ) ) ;
#137 = DIRECTION ( 'NONE',  ( 0.000000000000000000, 1.000000000000000000, -0.000000000000000000 ) ) ;
#138 = ORIENTED_EDGE ( 'NONE', *, *, #1304, .T. ) ;
#139 = CARTESIAN_POINT ( 'NONE',  ( -1.724999999999999867, 0.6716990566028301357, -0.1249999999999996808 ) ) ;
#140 = ORIENTED_EDGE ( 'NONE', *, *, #1823, .T. ) ;
#141 = PRESENTATION_LAYER_ASSIGNMENT (  '', '', ( #3493 ) ) ;
#142 = CARTESIAN_POINT ( 'NONE',  ( 1.375000000000000444, 0.6716990566028298026, 2.000000000000000000 ) ) ;
#143 = DIRECTION ( 'NONE',  ( -0.000000000000000000, -1.000000000000000000, -0.000000000000000000 ) ) ;
#144 = CARTESIAN_POINT ( 'NONE',  ( 0.3750000000000003331, 0.2000000000000000111, 1.725000000000000311 ) ) ;
#145 = EDGE_LOOP ( 'NONE', ( #4096, #4449, #5522, #5366 ) ) ;
#146 = CARTESIAN_POINT ( 'NONE',  ( 1.724999999999999867, 0.000000000000000000, 1.250000000000000222 ) ) ;
#147 = DIRECTION ( 'NONE',  ( 0.000000000000000000, 1.000000000000000000, -0.000000000000000000 ) ) ;
#148 = VERTEX_POINT ( 'NONE', #1860 ) ;
#149 = AXIS2_PLACEMENT_3D ( 'NONE', #8056, #4085, #6847 ) ;
#150 = DIRECTION ( 'NONE',  ( 1.000000000000000000, -0.000000000000000000, 0.000000000000000000 ) ) ;
#151 = VERTEX_POINT ( 'NONE', #4524 ) ;
#152 = PLANE ( 'NONE',  #5372 ) ;
#153 = ORIENTED_EDGE ( 'NONE', *, *, #1424, .F. ) ;
#154 = EDGE_LOOP ( 'NONE', ( #7395, #800, #5225, #7001 ) ) ;
#155 = CARTESIAN_POINT ( 'NONE',  ( -1.724999999999999867, 0.6716990566028301357, 0.6249999999999998890 ) ) ;
#156 = EDGE_CURVE ( 'NONE', #5186, #4332, #1203, .T. ) ;
#157 = PRESENTATION_STYLE_ASSIGNMENT (( #1427 ) ) ;
#158 = CARTESIAN_POINT ( 'NONE',  ( -0.1249999999999996808, 0.2000000000000000111, 1.725000000000000311 ) ) ;
#159 = ORIENTED_EDGE ( 'NONE', *, *, #4057, .F. ) ;
#160 = LINE ( 'NONE', #7566, #8111 ) ;
#161 = VERTEX_POINT ( 'NONE', #5260 ) ;
#162 =( NAMED_UNIT ( * ) SI_UNIT ( $, .STERADIAN. ) SOLID_ANGLE_UNIT ( ) );
#163 = DIRECTION ( 'NONE',  ( -0.000000000000000000, -1.000000000000000000, -0.000000000000000000 ) ) ;
#164 = ADVANCED_FACE ( 'NONE', ( #7939 ), #4653, .F. ) ;
#165 = EDGE_LOOP ( 'NONE', ( #528, #5064, #5009, #803 ) ) ;
#166 = DIRECTION ( 'NONE',  ( 0.000000000000000000, 0.000000000000000000, -1.000000000000000000 ) ) ;
#167 = UNCERTAINTY_MEASURE_WITH_UNIT (LENGTH_MEASURE( 1.000000000000000082E-05 ), #5413, 'distance_accuracy_value', 'NONE');
#168 = DIRECTION ( 'NONE',  ( 0.000000000000000000, -0.000000000000000000, -1.000000000000000000 ) ) ;
#169 = ORIENTED_EDGE ( 'NONE', *, *, #5502, .T. ) ;
#170 = AXIS2_PLACEMENT_3D ( 'NONE', #3432, #5433, #8061 ) ;
#171 = EDGE_CURVE ( 'NONE', #969, #7028, #7992, .T. ) ;
#172 = LINE ( 'NONE', #7406, #4323 ) ;
#173 = DIRECTION ( 'NONE',  ( 0.000000000000000000, 0.000000000000000000, 1.000000000000000000 ) ) ;
#174 = CARTESIAN_POINT ( 'NONE',  ( -1.724999999999999867, 0.1999999999999999833, 1.375000000000000444 ) ) ;
#175 = DIRECTION ( 'NONE',  ( 0.000000000000000000, 1.000000000000000000, 0.000000000000000000 ) ) ;
#176 = CIRCLE ( 'NONE', #37, 0.1250000000000001110 ) ;
#177 = DIRECTION ( 'NONE',  ( 0.000000000000000000, 1.000000000000000000, 0.000000000000000000 ) ) ;
#178 = ORIENTED_EDGE ( 'NONE', *, *, #1435, .T. ) ;
#179 = CARTESIAN_POINT ( 'NONE',  ( -1.724999999999999867, 0.6716990566028301357, -1.249999999999999778 ) ) ;
#180 = ORIENTED_EDGE ( 'NONE', *, *, #3076, .F. ) ;
#181 = CARTESIAN_POINT ( 'NONE',  ( -4.928191693115944574E-16, 0.05000000000000000278, -0.6250000000000011102 ) ) ;
#182 = EDGE_CURVE ( 'NONE', #3897, #4301, #344, .T. ) ;
#183 = PLANE ( 'NONE',  #4586 ) ;
#184 = CARTESIAN_POINT ( 'NONE',  ( -8.870745047608691557E-16, 0.05000000000000000278, -1.125000000000000888 ) ) ;
#185 = CIRCLE ( 'NONE', #2977, 0.1249999999999998890 ) ;
#186 = ORIENTED_EDGE ( 'NONE', *, *, #7795, .F. ) ;
#187 = CARTESIAN_POINT ( 'NONE',  ( 0.6250000000000005551, 0.6716990566028298026, -1.725000000000000311 ) ) ;
#188 = DIRECTION ( 'NONE',  ( -0.000000000000000000, 0.000000000000000000, 1.000000000000000000 ) ) ;
#189 = VERTEX_POINT ( 'NONE', #5218 ) ;
#190 = CARTESIAN_POINT ( 'NONE',  ( 1.084202172485505026E-15, 0.05000000000000000278, 1.374999999999999112 ) ) ;
#191 = EDGE_LOOP ( 'NONE', ( #2655, #300, #984, #3137 ) ) ;
#192 = SURFACE_SIDE_STYLE ('',( #1595 ) ) ;
#193 = AXIS2_PLACEMENT_3D ( 'NONE', #4995, #4438, #8324 ) ;
#194 = ORIENTED_EDGE ( 'NONE', *, *, #1778, .T. ) ;
#195 = ORIENTED_EDGE ( 'NONE', *, *, #6284, .T. ) ;
#196 = DIRECTION ( 'NONE',  ( 0.000000000000000000, -0.000000000000000000, 1.000000000000000000 ) ) ;
#197 = VECTOR ( 'NONE', #7445, 1000.000000000000000 ) ;
#198 = LINE ( 'NONE', #4276, #571 ) ;
#199 = LINE ( 'NONE', #8200, #3822 ) ;
#200 = ORIENTED_EDGE ( 'NONE', *, *, #8520, .T. ) ;
#201 = LINE ( 'NONE', #7525, #2993 ) ;
#202 = AXIS2_PLACEMENT_3D ( 'NONE', #4180, #2254, #2948 ) ;
#203 = EDGE_LOOP ( 'NONE', ( #2916, #3832, #5824, #6874 ) ) ;
#204 = DIRECTION ( 'NONE',  ( -0.000000000000000000, -1.000000000000000000, -0.000000000000000000 ) ) ;
#205 = STYLED_ITEM ( 'NONE', ( #1672 ), #429 ) ;
#206 = ORIENTED_EDGE ( 'NONE', *, *, #2537, .T. ) ;
#207 = FACE_OUTER_BOUND ( 'NONE', #2649, .T. ) ;
#208 = CARTESIAN_POINT ( 'NONE',  ( -1.999999999999999556, 0.6716990566028301357, -0.1249999999999994588 ) ) ;
#209 = AXIS2_PLACEMENT_3D ( 'NONE', #6553, #8540, #7253 ) ;
#210 = ADVANCED_FACE ( 'NONE', ( #1330 ), #7893, .T. ) ;
#211 = ORIENTED_EDGE ( 'NONE', *, *, #1851, .F. ) ;
#212 = DIRECTION ( 'NONE',  ( 0.000000000000000000, -1.000000000000000000, 0.000000000000000000 ) ) ;
#213 = EDGE_CURVE ( 'NONE', #5946, #3354, #2650, .T. ) ;
#214 = DIRECTION ( 'NONE',  ( 0.000000000000000000, 0.000000000000000000, 1.000000000000000000 ) ) ;
#215 = ORIENTED_EDGE ( 'NONE', *, *, #1905, .F. ) ;
#216 = CARTESIAN_POINT ( 'NONE',  ( 0.6250000000000005551, 0.2000000000000000111, -1.725000000000000311 ) ) ;
#217 = DIRECTION ( 'NONE',  ( -7.885106708985496922E-16, 0.000000000000000000, 1.000000000000000000 ) ) ;
#218 = DIRECTION ( 'NONE',  ( -0.000000000000000000, 1.000000000000000000, -0.000000000000000000 ) ) ;
#219 = EDGE_CURVE ( 'NONE', #1159, #8062, #7256, .T. ) ;
#220 = DIRECTION ( 'NONE',  ( 0.000000000000000000, 1.000000000000000000, 0.000000000000000000 ) ) ;
#221 = VECTOR ( 'NONE', #4404, 1000.000000000000000 ) ;
#222 = DIRECTION ( 'NONE',  ( 0.000000000000000000, -0.000000000000000000, 1.000000000000000000 ) ) ;
#223 = ADVANCED_FACE ( 'NONE', ( #8543 ), #673, .F. ) ;
#224 = EDGE_LOOP ( 'NONE', ( #3581, #3124, #3868, #4143 ) ) ;
#225 = EDGE_CURVE ( 'NONE', #4332, #5799, #3960, .T. ) ;
#226 = CARTESIAN_POINT ( 'NONE',  ( -0.8749999999999994449, 0.6716990566028298026, 1.725000000000000311 ) ) ;
#227 = ORIENTED_EDGE ( 'NONE', *, *, #5576, .T. ) ;
#228 =( NAMED_UNIT ( * ) PLANE_ANGLE_UNIT ( ) SI_UNIT ( $, .RADIAN. ) );
#229 = FILL_AREA_STYLE_COLOUR ( '', #5688 ) ;
#230 = CARTESIAN_POINT ( 'NONE',  ( 1.225000000000000533, 0.000000000000000000, 1.225000000000000755 ) ) ;
#231 = VERTEX_POINT ( 'NONE', #7855 ) ;
#232 = DIRECTION ( 'NONE',  ( -0.000000000000000000, -0.000000000000000000, 1.000000000000000000 ) ) ;
#233 = DIRECTION ( 'NONE',  ( 0.000000000000000000, -1.000000000000000000, 0.000000000000000000 ) ) ;
#234 = ORIENTED_EDGE ( 'NONE', *, *, #5614, .T. ) ;
#235 = EDGE_CURVE ( 'NONE', #8514, #6399, #5863, .T. ) ;
#236 = CARTESIAN_POINT ( 'NONE',  ( -1.374999999999999556, 0.2000000000000000111, -1.725000000000000311 ) ) ;
#237 = ADVANCED_FACE ( 'NONE', ( #4566 ), #6556, .F. ) ;
#238 = ORIENTED_EDGE ( 'NONE', *, *, #596, .T. ) ;
#239 = CARTESIAN_POINT ( 'NONE',  ( -1.999999999999999556, 0.6716990566028301357, -1.124999999999999556 ) ) ;
#240 = LINE ( 'NONE', #6946, #898 ) ;
#241 = ORIENTED_EDGE ( 'NONE', *, *, #5730, .F. ) ;
#242 = LINE ( 'NONE', #6734, #4417 ) ;
#243 = EDGE_CURVE ( 'NONE', #1561, #2297, #201, .T. ) ;
#244 = DIRECTION ( 'NONE',  ( 0.000000000000000000, -1.000000000000000000, 0.000000000000000000 ) ) ;
#245 = CIRCLE ( 'NONE', #5953, 0.1249999999999998890 ) ;
#246 = DIRECTION ( 'NONE',  ( 1.000000000000000000, -0.000000000000000000, -0.000000000000000000 ) ) ;
#247 = EDGE_LOOP ( 'NONE', ( #5015, #5580 ) ) ;
#248 = CARTESIAN_POINT ( 'NONE',  ( -0.2499999999999995837, 0.6716990566028298026, -1.725000000000000089 ) ) ;
#249 = ORIENTED_EDGE ( 'NONE', *, *, #5922, .F. ) ;
#250 = VECTOR ( 'NONE', #565, 1000.000000000000000 ) ;
#251 = ORIENTED_EDGE ( 'NONE', *, *, #4713, .F. ) ;
#252 = CARTESIAN_POINT ( 'NONE',  ( -1.125000000000000000, 3.664823227814084650, 1.124999999999999556 ) ) ;
#253 = CARTESIAN_POINT ( 'NONE',  ( 1.724999999999999867, 0.6716990566028301357, 0.1250000000000001110 ) ) ;
#254 = CIRCLE ( 'NONE', #1095, 0.1249999999999998890 ) ;
#255 = ORIENTED_EDGE ( 'NONE', *, *, #8006, .T. ) ;
#256 = AXIS2_PLACEMENT_3D ( 'NONE', #4432, #7673, #7757 ) ;
#257 = DIRECTION ( 'NONE',  ( -1.000000000000000000, -0.000000000000000000, -7.885106708985496922E-16 ) ) ;
#258 = PLANE ( 'NONE',  #2207 ) ;
#259 = ORIENTED_EDGE ( 'NONE', *, *, #6094, .F. ) ;
#260 = AXIS2_PLACEMENT_3D ( 'NONE', #2266, #4284, #4927 ) ;
#261 = DIRECTION ( 'NONE',  ( 0.000000000000000000, 0.000000000000000000, 1.000000000000000000 ) ) ;
#262 = CARTESIAN_POINT ( 'NONE',  ( -1.724999999999999867, 0.6716990566028301357, 0.7500000000000002220 ) ) ;
#263 = VECTOR ( 'NONE', #577, 1000.000000000000000 ) ;
#264 = CARTESIAN_POINT ( 'NONE',  ( -0.1249999999999996808, 0.1999999999999999833, 2.000000000000000000 ) ) ;
#265 = CYLINDRICAL_SURFACE ( 'NONE', #1574, 0.1000000000000000472 ) ;
#266 = VECTOR ( 'NONE', #6157, 1000.000000000000000 ) ;
#267 = CARTESIAN_POINT ( 'NONE',  ( -0.1249999999999996808, 0.6716990566028298026, 1.725000000000000311 ) ) ;
#268 = DIRECTION ( 'NONE',  ( 0.000000000000000000, -1.000000000000000000, 0.000000000000000000 ) ) ;
#269 = EDGE_LOOP ( 'NONE', ( #7421, #8176, #7161, #5279 ) ) ;
#270 = FILL_AREA_STYLE ('',( #3693 ) ) ;
#271 = ADVANCED_FACE ( 'NONE', ( #6780 ), #6956, .T. ) ;
#272 = CARTESIAN_POINT ( 'NONE',  ( -1.249999999999999556, 0.6716990566028298026, 1.725000000000000089 ) ) ;
#273 = CARTESIAN_POINT ( 'NONE',  ( 0.3750000000000003331, 0.2000000000000000111, 2.000000000000000000 ) ) ;
#274 = AXIS2_PLACEMENT_3D ( 'NONE', #3859, #6579, #1222 ) ;
#275 = VERTEX_POINT ( 'NONE', #5446 ) ;
#276 = LINE ( 'NONE', #2076, #4051 ) ;
#277 = EDGE_CURVE ( 'NONE', #5345, #1592, #160, .T. ) ;
#278 = DIRECTION ( 'NONE',  ( 0.000000000000000000, 1.000000000000000000, 0.000000000000000000 ) ) ;
#279 = ORIENTED_EDGE ( 'NONE', *, *, #906, .F. ) ;
#280 = DIRECTION ( 'NONE',  ( -0.000000000000000000, -1.000000000000000000, -0.000000000000000000 ) ) ;
#281 = VERTEX_POINT ( 'NONE', #4145 ) ;
#282 = FACE_OUTER_BOUND ( 'NONE', #67, .T. ) ;
#283 =( GEOMETRIC_REPRESENTATION_CONTEXT ( 3 ) GLOBAL_UNCERTAINTY_ASSIGNED_CONTEXT ( ( #956 ) ) GLOBAL_UNIT_ASSIGNED_CONTEXT ( ( #2836, #1394, #80 ) ) REPRESENTATION_CONTEXT ( 'NONE', 'WORKASPACE' ) );
#284 = VERTEX_POINT ( 'NONE', #2874 ) ;
#285 = ORIENTED_EDGE ( 'NONE', *, *, #5868, .T. ) ;
#286 = CARTESIAN_POINT ( 'NONE',  ( 0.8750000000000003331, 0.6716990566028298026, -2.000000000000000000 ) ) ;
#287 = EDGE_CURVE ( 'NONE', #4193, #3029, #1604, .T. ) ;
#288 = CIRCLE ( 'NONE', #1404, 0.1250000000000001110 ) ;
#289 = CARTESIAN_POINT ( 'NONE',  ( 1.999999999999999556, 0.000000000000000000, -0.6249999999999994449 ) ) ;
#290 = LINE ( 'NONE', #6387, #7799 ) ;
#291 = PLANE ( 'NONE',  #1863 ) ;
#292 = ORIENTED_EDGE ( 'NONE', *, *, #6145, .T. ) ;
#293 = DIRECTION ( 'NONE',  ( 0.000000000000000000, -1.000000000000000000, 0.000000000000000000 ) ) ;
#294 = ORIENTED_EDGE ( 'NONE', *, *, #1558, .F. ) ;
#295 = CARTESIAN_POINT ( 'NONE',  ( 1.724999999999999867, 0.1999999999999999833, -1.124999999999999778 ) ) ;
#296 = EDGE_CURVE ( 'NONE', #2274, #8148, #4189, .T. ) ;
#297 = ORIENTED_EDGE ( 'NONE', *, *, #100, .T. ) ;
#298 = CARTESIAN_POINT ( 'NONE',  ( 1.125000000000000666, 0.2000000000000000944, 1.225000000000000755 ) ) ;
#299 = LINE ( 'NONE', #7699, #134 ) ;
#300 = ORIENTED_EDGE ( 'NONE', *, *, #6308, .T. ) ;
#301 = CARTESIAN_POINT ( 'NONE',  ( -1.999999999999999556, 0.000000000000000000, -1.375000000000000000 ) ) ;
#302 = EDGE_CURVE ( 'NONE', #2663, #1957, #3142, .T. ) ;
#303 = LINE ( 'NONE', #4243, #6923 ) ;
#304 = ORIENTED_EDGE ( 'NONE', *, *, #3037, .F. ) ;
#305 = DIRECTION ( 'NONE',  ( 0.000000000000000000, 0.000000000000000000, 1.000000000000000000 ) ) ;
#306 = DIRECTION ( 'NONE',  ( 0.000000000000000000, 0.000000000000000000, -1.000000000000000000 ) ) ;
#307 = CARTESIAN_POINT ( 'NONE',  ( 2.000000000000000444, 0.05000000000000000278, 2.000000000000000000 ) ) ;
#308 = DIRECTION ( 'NONE',  ( 0.000000000000000000, 0.000000000000000000, -1.000000000000000000 ) ) ;
#309 = DIRECTION ( 'NONE',  ( 0.000000000000000000, 1.000000000000000000, 0.000000000000000000 ) ) ;
#310 = VECTOR ( 'NONE', #3163, 1000.000000000000000 ) ;
#311 = VERTEX_POINT ( 'NONE', #1563 ) ;
#312 = DIRECTION ( 'NONE',  ( 0.000000000000000000, 0.000000000000000000, -1.000000000000000000 ) ) ;
#313 = CARTESIAN_POINT ( 'NONE',  ( 1.125000000000000666, 0.05000000000000012768, 1.225000000000000755 ) ) ;
#314 = CARTESIAN_POINT ( 'NONE',  ( -1.724999999999999867, 0.05000000000000002359, -0.7499999999999997780 ) ) ;
#315 = ORIENTED_EDGE ( 'NONE', *, *, #7047, .T. ) ;
#316 = DIRECTION ( 'NONE',  ( -1.000000000000000000, 0.000000000000000000, 7.885106708985496922E-16 ) ) ;
#317 = AXIS2_PLACEMENT_3D ( 'NONE', #7956, #2009, #1917 ) ;
#318 = CARTESIAN_POINT ( 'NONE',  ( -1.724999999999999867, 0.6716990566028301357, -0.6249999999999996669 ) ) ;
#319 = ORIENTED_EDGE ( 'NONE', *, *, #4310, .T. ) ;
#320 = FACE_OUTER_BOUND ( 'NONE', #5561, .T. ) ;
#321 = ADVANCED_FACE ( 'NONE', ( #4922 ), #4830, .F. ) ;
#322 = ORIENTED_EDGE ( 'NONE', *, *, #3909, .F. ) ;
#323 = EDGE_CURVE ( 'NONE', #8054, #3094, #947, .T. ) ;
#324 = VECTOR ( 'NONE', #1552, 1000.000000000000000 ) ;
#325 = VERTEX_POINT ( 'NONE', #6305 ) ;
#326 = PLANE ( 'NONE',  #8585 ) ;
#327 = ORIENTED_EDGE ( 'NONE', *, *, #2539, .F. ) ;
#328 = CARTESIAN_POINT ( 'NONE',  ( -1.724999999999999867, 0.000000000000000000, -0.7499999999999997780 ) ) ;
#329 = DIRECTION ( 'NONE',  ( 0.000000000000000000, 0.000000000000000000, -1.000000000000000000 ) ) ;
#330 = PLANE ( 'NONE',  #3800 ) ;
#331 = AXIS2_PLACEMENT_3D ( 'NONE', #500, #2605, #7121 ) ;
#332 = CARTESIAN_POINT ( 'NONE',  ( 1.125000000000000888, 0.000000000000000000, -1.125000000000000444 ) ) ;
#333 = EDGE_CURVE ( 'NONE', #1011, #4397, #3561, .T. ) ;
#334 = ORIENTED_EDGE ( 'NONE', *, *, #4353, .T. ) ;
#335 = CLOSED_SHELL ( 'NONE', ( #8315, #76, #884, #1568 ) ) ;
#336 = EDGE_CURVE ( 'NONE', #847, #7377, #2176, .T. ) ;
#337 = CARTESIAN_POINT ( 'NONE',  ( -0.2499999999999995837, 0.1999999999999999833, -1.725000000000000089 ) ) ;
#338 = EDGE_CURVE ( 'NONE', #8044, #8201, #8155, .T. ) ;
#339 = VERTEX_POINT ( 'NONE', #3490 ) ;
#340 = LINE ( 'NONE', #3138, #917 ) ;
#341 = VECTOR ( 'NONE', #1703, 1000.000000000000000 ) ;
#342 = EDGE_LOOP ( 'NONE', ( #7913, #1687, #6988, #8223 ) ) ;
#343 = PLANE ( 'NONE',  #8460 ) ;
#344 = CIRCLE ( 'NONE', #7579, 0.1250000000000002220 ) ;
#345 = CARTESIAN_POINT ( 'NONE',  ( -1.249999999999999556, 0.2000000000000000111, 1.725000000000000089 ) ) ;
#346 = ORIENTED_EDGE ( 'NONE', *, *, #4520, .F. ) ;
#347 = UNCERTAINTY_MEASURE_WITH_UNIT (LENGTH_MEASURE( 1.000000000000000082E-05 ), #5061, 'distance_accuracy_value', 'NONE');
#348 = CARTESIAN_POINT ( 'NONE',  ( 1.125000000000000666, 0.2000000000000000111, 2.000000000000000000 ) ) ;
#349 = EDGE_CURVE ( 'NONE', #1527, #7213, #8073, .T. ) ;
#350 = CARTESIAN_POINT ( 'NONE',  ( -0.7499999999999995559, 0.1999999999999999833, -1.725000000000000089 ) ) ;
#351 =( GEOMETRIC_REPRESENTATION_CONTEXT ( 3 ) GLOBAL_UNCERTAINTY_ASSIGNED_CONTEXT ( ( #2095 ) ) GLOBAL_UNIT_ASSIGNED_CONTEXT ( ( #1062, #228, #1585 ) ) REPRESENTATION_CONTEXT ( 'NONE', 'WORKASPACE' ) );
#352 = ORIENTED_EDGE ( 'NONE', *, *, #4498, .F. ) ;
#353 = CARTESIAN_POINT ( 'NONE',  ( 1.999999999999999556, 0.000000000000000000, 0.1250000000000001110 ) ) ;
#354 = DIRECTION ( 'NONE',  ( 0.000000000000000000, 0.000000000000000000, 1.000000000000000000 ) ) ;
#355 = AXIS2_PLACEMENT_3D ( 'NONE', #1540, #1583, #4725 ) ;
#356 = PLANE ( 'NONE',  #6808 ) ;
#357 =( GEOMETRIC_REPRESENTATION_CONTEXT ( 3 ) GLOBAL_UNCERTAINTY_ASSIGNED_CONTEXT ( ( #4286 ) ) GLOBAL_UNIT_ASSIGNED_CONTEXT ( ( #2489, #2398, #3049 ) ) REPRESENTATION_CONTEXT ( 'NONE', 'WORKASPACE' ) );
#358 = LINE ( 'NONE', #5030, #4251 ) ;
#359 = VECTOR ( 'NONE', #6428, 1000.000000000000000 ) ;
#360 = DIRECTION ( 'NONE',  ( 0.000000000000000000, 1.000000000000000000, 0.000000000000000000 ) ) ;
#361 = ORIENTED_EDGE ( 'NONE', *, *, #1982, .T. ) ;
#362 = CARTESIAN_POINT ( 'NONE',  ( -1.124999999999999778, 0.1999999999999999833, 2.000000000000000000 ) ) ;
#363 = DIRECTION ( 'NONE',  ( 0.000000000000000000, 0.000000000000000000, 1.000000000000000000 ) ) ;
#364 = FACE_OUTER_BOUND ( 'NONE', #4165, .T. ) ;
#365 = ORIENTED_EDGE ( 'NONE', *, *, #3514, .F. ) ;
#366 = DIRECTION ( 'NONE',  ( 0.000000000000000000, -1.000000000000000000, 0.000000000000000000 ) ) ;
#367 = DIRECTION ( 'NONE',  ( 0.000000000000000000, 1.000000000000000000, 0.000000000000000000 ) ) ;
#368 = ORIENTED_EDGE ( 'NONE', *, *, #8584, .T. ) ;
#369 = CARTESIAN_POINT ( 'NONE',  ( -1.724999999999999867, 0.6716990566028301357, 1.125000000000000222 ) ) ;
#370 = ORIENTED_EDGE ( 'NONE', *, *, #2587, .T. ) ;
#371 = CARTESIAN_POINT ( 'NONE',  ( -0.3749999999999994449, 0.05000000000000000278, 0.000000000000000000 ) ) ;
#372 = LINE ( 'NONE', #7685, #2496 ) ;
#373 = DIRECTION ( 'NONE',  ( 1.000000000000000000, -0.000000000000000000, 7.885106708985496922E-16 ) ) ;
#374 = EDGE_CURVE ( 'NONE', #7306, #6296, #2585, .T. ) ;
#375 = LINE ( 'NONE', #991, #7526 ) ;
#376 = EDGE_CURVE ( 'NONE', #2282, #5214, #2220, .T. ) ;
#377 = ORIENTED_EDGE ( 'NONE', *, *, #4912, .F. ) ;
#378 = PLANE ( 'NONE',  #7698 ) ;
#379 = ORIENTED_EDGE ( 'NONE', *, *, #4754, .T. ) ;
#380 = VERTEX_POINT ( 'NONE', #6866 ) ;
#381 = ORIENTED_EDGE ( 'NONE', *, *, #6048, .F. ) ;
#382 = DIRECTION ( 'NONE',  ( 0.000000000000000000, 0.000000000000000000, 1.000000000000000000 ) ) ;
#383 = ADVANCED_FACE ( 'NONE', ( #6217 ), #3671, .T. ) ;
#384 = ORIENTED_EDGE ( 'NONE', *, *, #5245, .T. ) ;
#385 = DIRECTION ( 'NONE',  ( 0.000000000000000000, 0.000000000000000000, -1.000000000000000000 ) ) ;
#386 = AXIS2_PLACEMENT_3D ( 'NONE', #3111, #6326, #8268 ) ;
#387 = LINE ( 'NONE', #4239, #3644 ) ;
#388 = EDGE_CURVE ( 'NONE', #951, #1147, #4967, .T. ) ;
#389 = ORIENTED_EDGE ( 'NONE', *, *, #3988, .T. ) ;
#390 = DIRECTION ( 'NONE',  ( -0.000000000000000000, -1.000000000000000000, -0.000000000000000000 ) ) ;
#391 = DIRECTION ( 'NONE',  ( 0.000000000000000000, 0.000000000000000000, -1.000000000000000000 ) ) ;
#392 = VECTOR ( 'NONE', #4289, 1000.000000000000000 ) ;
#393 = ORIENTED_EDGE ( 'NONE', *, *, #3731, .F. ) ;
#394 = FACE_OUTER_BOUND ( 'NONE', #2875, .T. ) ;
#395 = CARTESIAN_POINT ( 'NONE',  ( -1.249999999999999556, 0.6716990566028298026, 1.600000000000000311 ) ) ;
#396 = VECTOR ( 'NONE', #5809, 1000.000000000000000 ) ;
#397 = ADVANCED_FACE ( 'NONE', ( #994 ), #1104, .F. ) ;
#398 = CARTESIAN_POINT ( 'NONE',  ( 0.3750000000000003331, 0.2000000000000000111, 1.725000000000000311 ) ) ;
#399 = AXIS2_PLACEMENT_3D ( 'NONE', #1370, #7298, #2035 ) ;
#400 = CARTESIAN_POINT ( 'NONE',  ( 1.250000000000000444, 0.2000000000000000111, 1.725000000000000089 ) ) ;
#401 = CARTESIAN_POINT ( 'NONE',  ( 0.8750000000000003331, 0.1999999999999999833, -2.000000000000000000 ) ) ;
#402 = VECTOR ( 'NONE', #1566, 1000.000000000000000 ) ;
#403 = ORIENTED_EDGE ( 'NONE', *, *, #757, .T. ) ;
#404 = EDGE_CURVE ( 'NONE', #1539, #8026, #3600, .T. ) ;
#405 = VECTOR ( 'NONE', #7832, 1000.000000000000000 ) ;
#406 = FACE_OUTER_BOUND ( 'NONE', #7888, .T. ) ;
#407 = DIRECTION ( 'NONE',  ( 0.000000000000000000, 0.000000000000000000, -1.000000000000000000 ) ) ;
#408 = ORIENTED_EDGE ( 'NONE', *, *, #5347, .T. ) ;
#409 = ADVANCED_FACE ( 'NONE', ( #5035 ), #2244, .F. ) ;
#410 = CARTESIAN_POINT ( 'NONE',  ( -1.999999999999999556, 0.000000000000000000, -1.124999999999999556 ) ) ;
#411 = AXIS2_PLACEMENT_3D ( 'NONE', #6643, #3965, #8021 ) ;
#412 = CARTESIAN_POINT ( 'NONE',  ( -1.724999999999999867, 0.000000000000000000, -0.2499999999999997780 ) ) ;
#413 = ORIENTED_EDGE ( 'NONE', *, *, #1128, .F. ) ;
#414 = CARTESIAN_POINT ( 'NONE',  ( 1.250000000000000444, 0.2000000000000000111, -1.725000000000000089 ) ) ;
#415 = ORIENTED_EDGE ( 'NONE', *, *, #4288, .T. ) ;
#416 = MANIFOLD_SOLID_BREP ( 'LPattern4[8]', #3699 ) ;
#417 = VECTOR ( 'NONE', #5114, 1000.000000000000000 ) ;
#418 = LINE ( 'NONE', #4401, #3411 ) ;
#419 = DIRECTION ( 'NONE',  ( -0.000000000000000000, -1.000000000000000000, -0.000000000000000000 ) ) ;
#420 = DIRECTION ( 'NONE',  ( 0.000000000000000000, 0.000000000000000000, -1.000000000000000000 ) ) ;
#421 = FACE_OUTER_BOUND ( 'NONE', #4790, .T. ) ;
#422 = EDGE_LOOP ( 'NONE', ( #8008, #4023, #1683, #3845 ) ) ;
#423 = DIRECTION ( 'NONE',  ( 1.000000000000000000, 0.000000000000000000, -0.000000000000000000 ) ) ;
#424 = ORIENTED_EDGE ( 'NONE', *, *, #4826, .F. ) ;
#425 = VERTEX_POINT ( 'NONE', #1714 ) ;
#426 = EDGE_LOOP ( 'NONE', ( #2513, #993, #7884, #4786 ) ) ;
#427 = ADVANCED_FACE ( 'NONE', ( #6369 ), #5549, .T. ) ;
#428 = LINE ( 'NONE', #5741, #8266 ) ;
#429 = MANIFOLD_SOLID_BREP ( 'LPattern3[7]', #4528 ) ;
#430 = PRESENTATION_LAYER_ASSIGNMENT (  '', '', ( #1970 ) ) ;
#431 = VERTEX_POINT ( 'NONE', #1012 ) ;
#432 = CARTESIAN_POINT ( 'NONE',  ( 0.3750000000000003331, 0.6716990566028298026, 1.725000000000000311 ) ) ;
#433 = FACE_OUTER_BOUND ( 'NONE', #4052, .T. ) ;
#434 = ORIENTED_EDGE ( 'NONE', *, *, #2311, .F. ) ;
#435 = AXIS2_PLACEMENT_3D ( 'NONE', #6644, #1166, #6560 ) ;
#436 = ADVANCED_FACE ( 'NONE', ( #5721 ), #8357, .F. ) ;
#437 = DIRECTION ( 'NONE',  ( 1.000000000000000000, -0.000000000000000000, 0.000000000000000000 ) ) ;
#438 = VERTEX_POINT ( 'NONE', #8314 ) ;
#439 = LINE ( 'NONE', #962, #1251 ) ;
#440 = CARTESIAN_POINT ( 'NONE',  ( -1.724999999999999867, 0.000000000000000000, 1.250000000000000222 ) ) ;
#441 = CARTESIAN_POINT ( 'NONE',  ( -1.724999999999999867, 0.000000000000000000, -1.124999999999999778 ) ) ;
#442 = PLANE ( 'NONE',  #8524 ) ;
#443 = DIRECTION ( 'NONE',  ( 0.000000000000000000, 0.000000000000000000, -1.000000000000000000 ) ) ;
#444 = ORIENTED_EDGE ( 'NONE', *, *, #8039, .F. ) ;
#445 = EDGE_CURVE ( 'NONE', #6412, #3653, #6329, .T. ) ;
#446 = CARTESIAN_POINT ( 'NONE',  ( 1.125000000000000888, 0.2000000000000000944, -1.125000000000000444 ) ) ;
#447 = CARTESIAN_POINT ( 'NONE',  ( 0.3750000000000003331, 0.6716990566028298026, 2.000000000000000000 ) ) ;
#448 = CARTESIAN_POINT ( 'NONE',  ( 1.724999999999999867, 0.1999999999999999833, -0.1249999999999996808 ) ) ;
#449 = ORIENTED_EDGE ( 'NONE', *, *, #4511, .T. ) ;
#450 = LINE ( 'NONE', #6982, #6527 ) ;
#451 = FACE_OUTER_BOUND ( 'NONE', #5684, .T. ) ;
#452 = ORIENTED_EDGE ( 'NONE', *, *, #5314, .F. ) ;
#453 = AXIS2_PLACEMENT_3D ( 'NONE', #5084, #978, #5683 ) ;
#454 = DIRECTION ( 'NONE',  ( 1.000000000000000000, -0.000000000000000000, 0.000000000000000000 ) ) ;
#455 = ORIENTED_EDGE ( 'NONE', *, *, #2539, .T. ) ;
#456 = EDGE_CURVE ( 'NONE', #4574, #3968, #5098, .T. ) ;
#457 = FACE_OUTER_BOUND ( 'NONE', #3660, .T. ) ;
#458 = FACE_OUTER_BOUND ( 'NONE', #1555, .T. ) ;
#459 = CARTESIAN_POINT ( 'NONE',  ( -1.999999999999999556, 0.1999999999999999833, -1.375000000000000000 ) ) ;
#460 = CIRCLE ( 'NONE', #1165, 0.1249999999999998890 ) ;
#461 = DIRECTION ( 'NONE',  ( 0.000000000000000000, -1.000000000000000000, 0.000000000000000000 ) ) ;
#462 = ORIENTED_EDGE ( 'NONE', *, *, #6101, .T. ) ;
#463 = DIRECTION ( 'NONE',  ( -7.885106708985496922E-16, 0.000000000000000000, -1.000000000000000000 ) ) ;
#464 = ORIENTED_EDGE ( 'NONE', *, *, #6880, .T. ) ;
#465 = CIRCLE ( 'NONE', #6169, 0.1249999999999998890 ) ;
#466 = ORIENTED_EDGE ( 'NONE', *, *, #8303, .F. ) ;
#467 = ORIENTED_EDGE ( 'NONE', *, *, #6415, .F. ) ;
#468 = SURFACE_SIDE_STYLE ('',( #7696 ) ) ;
#469 = ORIENTED_EDGE ( 'NONE', *, *, #7195, .T. ) ;
#470 = CIRCLE ( 'NONE', #2577, 0.1250000000000002220 ) ;
#471 = ADVANCED_FACE ( 'NONE', ( #3948 ), #4640, .F. ) ;
#472 = VECTOR ( 'NONE', #4349, 1000.000000000000000 ) ;
#473 = DIRECTION ( 'NONE',  ( 0.000000000000000000, -1.000000000000000000, 0.000000000000000000 ) ) ;
#474 = LINE ( 'NONE', #6885, #1300 ) ;
#475 = ORIENTED_EDGE ( 'NONE', *, *, #1098, .F. ) ;
#476 = LINE ( 'NONE', #8432, #3613 ) ;
#477 = AXIS2_PLACEMENT_3D ( 'NONE', #91, #7411, #6758 ) ;
#478 = ORIENTED_EDGE ( 'NONE', *, *, #2851, .F. ) ;
#479 = DIRECTION ( 'NONE',  ( -0.000000000000000000, -1.000000000000000000, -0.000000000000000000 ) ) ;
#480 = LINE ( 'NONE', #4502, #7905 ) ;
#481 = ADVANCED_FACE ( 'NONE', ( #7756 ), #1191, .T. ) ;
#482 = DIRECTION ( 'NONE',  ( -0.000000000000000000, -0.000000000000000000, 1.000000000000000000 ) ) ;
#483 = AXIS2_PLACEMENT_3D ( 'NONE', #3192, #2548, #2591 ) ;
#484 = EDGE_CURVE ( 'NONE', #4879, #3828, #530, .T. ) ;
#485 = FACE_OUTER_BOUND ( 'NONE', #2469, .T. ) ;
#486 = VECTOR ( 'NONE', #6597, 1000.000000000000000 ) ;
#487 = DIRECTION ( 'NONE',  ( 0.000000000000000000, 1.000000000000000000, 0.000000000000000000 ) ) ;
#488 = ORIENTED_EDGE ( 'NONE', *, *, #6924, .T. ) ;
#489 = COLOUR_RGB ( '',0.7921568627450980005, 0.8196078431372548767, 0.9333333333333333481 ) ;
#490 = DIRECTION ( 'NONE',  ( 0.000000000000000000, 0.000000000000000000, -1.000000000000000000 ) ) ;
#491 = DIRECTION ( 'NONE',  ( 0.000000000000000000, 1.000000000000000000, -0.000000000000000000 ) ) ;
#492 = CARTESIAN_POINT ( 'NONE',  ( -1.692307692307692069, 0.6999999999999999556, -1.692307692307692513 ) ) ;
#493 = MECHANICAL_DESIGN_GEOMETRIC_PRESENTATION_REPRESENTATION (  '', ( #205 ), #8261 ) ;
#494 = EDGE_CURVE ( 'NONE', #425, #8399, #6499, .T. ) ;
#495 = ORIENTED_EDGE ( 'NONE', *, *, #4761, .T. ) ;
#496 = CARTESIAN_POINT ( 'NONE',  ( -1.724999999999999867, 0.1999999999999999833, -0.8750000000000001110 ) ) ;
#497 = ADVANCED_FACE ( 'NONE', ( #7153, #5761 ), #3158, .T. ) ;
#498 = DIRECTION ( 'NONE',  ( 0.7071067811865472397, 0.000000000000000000, 0.7071067811865479058 ) ) ;
#499 = VERTEX_POINT ( 'NONE', #7192 ) ;
#500 = CARTESIAN_POINT ( 'NONE',  ( 1.724999999999999867, 0.1999999999999999833, 1.250000000000000222 ) ) ;
#501 = VERTEX_POINT ( 'NONE', #8401 ) ;
#502 =( NAMED_UNIT ( * ) PLANE_ANGLE_UNIT ( ) SI_UNIT ( $, .RADIAN. ) );
#503 = VECTOR ( 'NONE', #2211, 1000.000000000000000 ) ;
#504 = DIRECTION ( 'NONE',  ( 0.000000000000000000, 0.000000000000000000, -1.000000000000000000 ) ) ;
#505 = DIRECTION ( 'NONE',  ( 0.000000000000000000, 1.000000000000000000, 0.000000000000000000 ) ) ;
#506 = CARTESIAN_POINT ( 'NONE',  ( -0.1249999999999996808, 0.1999999999999996503, 2.000000000000000444 ) ) ;
#507 = ADVANCED_FACE ( 'NONE', ( #5205 ), #5119, .T. ) ;
#508 = ADVANCED_FACE ( 'NONE', ( #3197 ), #2596, .F. ) ;
#509 = FACE_OUTER_BOUND ( 'NONE', #3766, .T. ) ;
#510 = ORIENTED_EDGE ( 'NONE', *, *, #3230, .F. ) ;
#511 = DIRECTION ( 'NONE',  ( -0.000000000000000000, -0.000000000000000000, -1.000000000000000000 ) ) ;
#512 = ORIENTED_EDGE ( 'NONE', *, *, #1184, .F. ) ;
#513 = VERTEX_POINT ( 'NONE', #8442 ) ;
#514 = DIRECTION ( 'NONE',  ( 0.000000000000000000, 1.000000000000000000, -0.000000000000000000 ) ) ;
#515 = EDGE_CURVE ( 'NONE', #4137, #6412, #1847, .T. ) ;
#516 = CARTESIAN_POINT ( 'NONE',  ( 1.225000000000000755, 0.05000000000000000278, 1.125000000000000888 ) ) ;
#517 = FACE_OUTER_BOUND ( 'NONE', #5959, .T. ) ;
#518 = ORIENTED_EDGE ( 'NONE', *, *, #7594, .F. ) ;
#519 = DIRECTION ( 'NONE',  ( 0.000000000000000000, -0.000000000000000000, 1.000000000000000000 ) ) ;
#520 = VERTEX_POINT ( 'NONE', #5165 ) ;
#521 = DIRECTION ( 'NONE',  ( -0.000000000000000000, -1.000000000000000000, -0.000000000000000000 ) ) ;
#522 = CARTESIAN_POINT ( 'NONE',  ( 1.724999999999999867, 0.6716990566028301357, 0.2500000000000002220 ) ) ;
#523 = CARTESIAN_POINT ( 'NONE',  ( -0.6249999999999996669, 0.2000000000000000111, 2.000000000000000000 ) ) ;
#524 = MANIFOLD_SOLID_BREP ( 'LPattern3[8]', #4666 ) ;
#525 = AXIS2_PLACEMENT_3D ( 'NONE', #6625, #5848, #3324 ) ;
#526 = CARTESIAN_POINT ( 'NONE',  ( 1.999999999999999556, 0.6716990566028301357, -0.8749999999999998890 ) ) ;
#527 = CARTESIAN_POINT ( 'NONE',  ( 0.2500000000000004441, 0.04999999999999999584, 1.725000000000000089 ) ) ;
#528 = ORIENTED_EDGE ( 'NONE', *, *, #3858, .F. ) ;
#529 = VECTOR ( 'NONE', #5294, 1000.000000000000000 ) ;
#530 = LINE ( 'NONE', #3241, #2592 ) ;
#531 = DIRECTION ( 'NONE',  ( 0.000000000000000000, 0.000000000000000000, -1.000000000000000000 ) ) ;
#532 = ADVANCED_FACE ( 'NONE', ( #1980 ), #1316, .F. ) ;
#533 = DIRECTION ( 'NONE',  ( 0.000000000000000000, -1.000000000000000000, 0.000000000000000000 ) ) ;
#534 = VECTOR ( 'NONE', #4497, 1000.000000000000000 ) ;
#535 = ORIENTED_EDGE ( 'NONE', *, *, #6551, .F. ) ;
#536 = DIRECTION ( 'NONE',  ( 0.000000000000000000, -1.000000000000000000, 0.000000000000000000 ) ) ;
#537 = DIRECTION ( 'NONE',  ( 1.000000000000000000, 0.000000000000000000, -0.000000000000000000 ) ) ;
#538 = VERTEX_POINT ( 'NONE', #5449 ) ;
#539 = AXIS2_PLACEMENT_3D ( 'NONE', #87, #217, #3414 ) ;
#540 = CARTESIAN_POINT ( 'NONE',  ( -1.374999999999999556, 0.1999999999999999833, 1.725000000000000311 ) ) ;
#541 = EDGE_LOOP ( 'NONE', ( #6216, #1638, #7704, #4437 ) ) ;
#542 = LINE ( 'NONE', #2070, #6616 ) ;
#543 = AXIS2_PLACEMENT_3D ( 'NONE', #6683, #3877, #675 ) ;
#544 = CARTESIAN_POINT ( 'NONE',  ( 1.375000000000000444, 0.2000000000000000111, 2.000000000000000000 ) ) ;
#545 = DIRECTION ( 'NONE',  ( -1.000000000000000000, 0.000000000000000000, -7.885106708985496922E-16 ) ) ;
#546 = EDGE_CURVE ( 'NONE', #2380, #8227, #2309, .T. ) ;
#547 = CARTESIAN_POINT ( 'NONE',  ( 2.000000000000000444, 0.05000000000000000278, -2.000000000000000000 ) ) ;
#548 = CIRCLE ( 'NONE', #1661, 0.1249999999999998890 ) ;
#549 = DIRECTION ( 'NONE',  ( -0.000000000000000000, -1.000000000000000000, -0.000000000000000000 ) ) ;
#550 = AXIS2_PLACEMENT_3D ( 'NONE', #4801, #7369, #8009 ) ;
#551 = CARTESIAN_POINT ( 'NONE',  ( 1.724999999999999867, 0.1999999999999999833, -1.249999999999999778 ) ) ;
#552 = ORIENTED_EDGE ( 'NONE', *, *, #1027, .T. ) ;
#553 = CARTESIAN_POINT ( 'NONE',  ( 1.125000000000000888, 0.2000000000000000944, -1.225000000000000311 ) ) ;
#554 = VERTEX_POINT ( 'NONE', #2876 ) ;
#555 = VECTOR ( 'NONE', #1196, 1000.000000000000000 ) ;
#556 = ORIENTED_EDGE ( 'NONE', *, *, #243, .T. ) ;
#557 = ADVANCED_FACE ( 'NONE', ( #7482 ), #4191, .F. ) ;
#558 = PLANE ( 'NONE',  #2042 ) ;
#559 = MANIFOLD_SOLID_BREP ( 'Fillet5', #7149 ) ;
#560 = VECTOR ( 'NONE', #6713, 1000.000000000000000 ) ;
#561 = CARTESIAN_POINT ( 'NONE',  ( 2.000000000000000444, 0.05000000000000000278, 2.000000000000000000 ) ) ;
#562 = DIRECTION ( 'NONE',  ( 0.000000000000000000, -0.000000000000000000, -1.000000000000000000 ) ) ;
#563 = ORIENTED_EDGE ( 'NONE', *, *, #2795, .F. ) ;
#564 = SURFACE_SIDE_STYLE ('',( #7056 ) ) ;
#565 = DIRECTION ( 'NONE',  ( 0.000000000000000000, -1.000000000000000000, 0.000000000000000000 ) ) ;
#566 = MECHANICAL_DESIGN_GEOMETRIC_PRESENTATION_REPRESENTATION (  '', ( #7921 ), #283 ) ;
#567 = EDGE_LOOP ( 'NONE', ( #297, #2061, #3482, #7291, #3517, #595, #102, #4415, #2163, #7957, #3980, #6391, #1564, #4201, #3017, #1431, #3759, #1774, #6901, #5787, #6498, #8528, #5913, #928, #6043, #583, #8127, #8196 ) ) ;
#568 = CARTESIAN_POINT ( 'NONE',  ( -1.124999999999999778, 0.6716990566028298026, -2.000000000000000000 ) ) ;
#569 = CARTESIAN_POINT ( 'NONE',  ( 1.724999999999999867, 0.000000000000000000, -1.375000000000000222 ) ) ;
#570 = DIRECTION ( 'NONE',  ( 0.000000000000000000, 0.000000000000000000, 1.000000000000000000 ) ) ;
#571 = VECTOR ( 'NONE', #3620, 1000.000000000000000 ) ;
#572 = EDGE_CURVE ( 'NONE', #8589, #7367, #949, .T. ) ;
#573 = CARTESIAN_POINT ( 'NONE',  ( 1.999999999999999556, 0.1999999999999999833, 1.375000000000000666 ) ) ;
#574 = FACE_OUTER_BOUND ( 'NONE', #1890, .T. ) ;
#575 = ORIENTED_EDGE ( 'NONE', *, *, #7138, .F. ) ;
#576 =( NAMED_UNIT ( * ) PLANE_ANGLE_UNIT ( ) SI_UNIT ( $, .RADIAN. ) );
#577 = DIRECTION ( 'NONE',  ( -0.000000000000000000, -1.000000000000000000, -0.000000000000000000 ) ) ;
#578 = CARTESIAN_POINT ( 'NONE',  ( -0.8749999999999994449, 0.2000000000000000111, -2.000000000000000000 ) ) ;
#579 = ORIENTED_EDGE ( 'NONE', *, *, #3471, .F. ) ;
#580 = CARTESIAN_POINT ( 'NONE',  ( -1.999999999999999556, 0.6716990566028301357, 0.8750000000000005551 ) ) ;
#581 = EDGE_CURVE ( 'NONE', #3802, #7543, #4969, .T. ) ;
#582 = DIRECTION ( 'NONE',  ( 1.000000000000000000, -0.000000000000000000, -1.084202172485504434E-16 ) ) ;
#583 = ORIENTED_EDGE ( 'NONE', *, *, #1118, .T. ) ;
#584 = CARTESIAN_POINT ( 'NONE',  ( 0.6250000000000003331, 0.1999999999999996503, -2.000000000000000000 ) ) ;
#585 = EDGE_LOOP ( 'NONE', ( #3420, #5701, #1733, #5740 ) ) ;
#586 = DIRECTION ( 'NONE',  ( 0.000000000000000000, 0.000000000000000000, -1.000000000000000000 ) ) ;
#587 = MANIFOLD_SOLID_BREP ( 'LPattern3[6]', #7430 ) ;
#588 = CARTESIAN_POINT ( 'NONE',  ( -0.3749999999999994449, 0.2000000000000000111, -1.725000000000000311 ) ) ;
#589 = CARTESIAN_POINT ( 'NONE',  ( 1.724999999999999867, 0.6716990566028301357, -0.3750000000000001110 ) ) ;
#590 = DIRECTION ( 'NONE',  ( -0.000000000000000000, 0.000000000000000000, -1.000000000000000000 ) ) ;
#591 = CARTESIAN_POINT ( 'NONE',  ( 1.375000000000000444, 0.6716990566028298026, 1.725000000000000311 ) ) ;
#592 = DIRECTION ( 'NONE',  ( -0.000000000000000000, -0.000000000000000000, 1.000000000000000000 ) ) ;
#593 = VERTEX_POINT ( 'NONE', #295 ) ;
#594 = CARTESIAN_POINT ( 'NONE',  ( -1.724999999999999867, 0.6716990566028301357, -0.3749999999999998890 ) ) ;
#595 = ORIENTED_EDGE ( 'NONE', *, *, #6417, .T. ) ;
#596 = EDGE_CURVE ( 'NONE', #3590, #2380, #7586, .T. ) ;
#597 = AXIS2_PLACEMENT_3D ( 'NONE', #4517, #3203, #5254 ) ;
#598 = ORIENTED_EDGE ( 'NONE', *, *, #2488, .T. ) ;
#599 = LINE ( 'NONE', #2664, #8415 ) ;
#600 = EDGE_CURVE ( 'NONE', #32, #2290, #4787, .T. ) ;
#601 = CARTESIAN_POINT ( 'NONE',  ( 0.1250000000000005551, 0.1999999999999999833, -1.725000000000000311 ) ) ;
#602 = AXIS2_PLACEMENT_3D ( 'NONE', #603, #2050, #562 ) ;
#603 = CARTESIAN_POINT ( 'NONE',  ( -1.249999999999999556, 0.2000000000000000111, 1.725000000000000089 ) ) ;
#604 = ADVANCED_FACE ( 'NONE', ( #8207 ), #1475, .F. ) ;
#605 = ORIENTED_EDGE ( 'NONE', *, *, #7748, .F. ) ;
#606 = LINE ( 'NONE', #6400, #7714 ) ;
#607 = DIRECTION ( 'NONE',  ( 0.000000000000000000, -1.000000000000000000, 0.000000000000000000 ) ) ;
#608 = EDGE_LOOP ( 'NONE', ( #890, #4106, #5633, #2579 ) ) ;
#609 = CIRCLE ( 'NONE', #5618, 0.1249999999999998890 ) ;
#610 = CARTESIAN_POINT ( 'NONE',  ( -1.724999999999999867, 0.000000000000000000, -1.375000000000000000 ) ) ;
#611 = DIRECTION ( 'NONE',  ( 0.000000000000000000, -1.000000000000000000, 0.000000000000000000 ) ) ;
#612 = CARTESIAN_POINT ( 'NONE',  ( -0.3749999999999994449, 0.04999999999999999584, 1.725000000000000311 ) ) ;
#613 = EDGE_CURVE ( 'NONE', #1592, #677, #3426, .T. ) ;
#614 = VECTOR ( 'NONE', #4899, 1000.000000000000000 ) ;
#615 = CARTESIAN_POINT ( 'NONE',  ( 0.7500000000000004441, 0.2000000000000000111, 1.725000000000000089 ) ) ;
#616 = DIRECTION ( 'NONE',  ( -0.000000000000000000, -1.000000000000000000, -0.000000000000000000 ) ) ;
#617 = VERTEX_POINT ( 'NONE', #3846 ) ;
#618 = CARTESIAN_POINT ( 'NONE',  ( 1.225000000000000533, 3.664823227814084650, 1.225000000000000755 ) ) ;
#619 = CARTESIAN_POINT ( 'NONE',  ( -0.8749999999999994449, 0.000000000000000000, 1.725000000000000311 ) ) ;
#620 = MECHANICAL_DESIGN_GEOMETRIC_PRESENTATION_REPRESENTATION (  '', ( #2446 ), #2024 ) ;
#621 = ORIENTED_EDGE ( 'NONE', *, *, #3768, .T. ) ;
#622 = LINE ( 'NONE', #7846, #7095 ) ;
#623 = AXIS2_PLACEMENT_3D ( 'NONE', #813, #6173, #4280 ) ;
#624 = LINE ( 'NONE', #3292, #8507 ) ;
#625 = ORIENTED_EDGE ( 'NONE', *, *, #6357, .T. ) ;
#626 = LINE ( 'NONE', #3916, #3549 ) ;
#627 = EDGE_LOOP ( 'NONE', ( #3476, #2319, #2420, #7881 ) ) ;
#628 = DIRECTION ( 'NONE',  ( 0.000000000000000000, -1.000000000000000000, 0.000000000000000000 ) ) ;
#629 = STYLED_ITEM ( 'NONE', ( #1463 ), #6413 ) ;
#630 = VERTEX_POINT ( 'NONE', #5658 ) ;
#631 = VECTOR ( 'NONE', #4147, 1000.000000000000000 ) ;
#632 = DIRECTION ( 'NONE',  ( 0.000000000000000000, -1.000000000000000000, 0.000000000000000000 ) ) ;
#633 = CARTESIAN_POINT ( 'NONE',  ( 1.250000000000000444, 0.2000000000000000111, -1.725000000000000089 ) ) ;
#634 = CARTESIAN_POINT ( 'NONE',  ( -1.724999999999999867, 0.000000000000000000, 0.2500000000000002220 ) ) ;
#635 = ORIENTED_EDGE ( 'NONE', *, *, #1282, .F. ) ;
#636 = CARTESIAN_POINT ( 'NONE',  ( -1.999999999999999556, 0.6716990566028301357, 0.3750000000000005551 ) ) ;
#637 = AXIS2_PLACEMENT_3D ( 'NONE', #7126, #5649, #1075 ) ;
#638 = VECTOR ( 'NONE', #5258, 1000.000000000000000 ) ;
#639 = LINE ( 'NONE', #1865, #6972 ) ;
#640 = ORIENTED_EDGE ( 'NONE', *, *, #1223, .T. ) ;
#641 = DIRECTION ( 'NONE',  ( 0.000000000000000000, 0.000000000000000000, -1.000000000000000000 ) ) ;
#642 = ORIENTED_EDGE ( 'NONE', *, *, #4697, .T. ) ;
#643 = EDGE_CURVE ( 'NONE', #3335, #3100, #2461, .T. ) ;
#644 = VERTEX_POINT ( 'NONE', #5059 ) ;
#645 = EDGE_CURVE ( 'NONE', #6253, #2639, #428, .T. ) ;
#646 =( NAMED_UNIT ( * ) PLANE_ANGLE_UNIT ( ) SI_UNIT ( $, .RADIAN. ) );
#647 = CARTESIAN_POINT ( 'NONE',  ( -1.084202172485506998E-15, 0.05000000000000000278, -1.375000000000001332 ) ) ;
#648 = ORIENTED_EDGE ( 'NONE', *, *, #1859, .F. ) ;
#649 = SURFACE_SIDE_STYLE ('',( #6617 ) ) ;
#650 = EDGE_CURVE ( 'NONE', #694, #8231, #2869, .T. ) ;
#651 = VERTEX_POINT ( 'NONE', #5703 ) ;
#652 = CARTESIAN_POINT ( 'NONE',  ( 1.724999999999999867, 0.6716990566028301357, -0.6249999999999996669 ) ) ;
#653 = EDGE_CURVE ( 'NONE', #5111, #1500, #6437, .T. ) ;
#654 = CARTESIAN_POINT ( 'NONE',  ( 0.1250000000000005551, 0.2000000000000000111, 2.000000000000000000 ) ) ;
#655 = FACE_OUTER_BOUND ( 'NONE', #3368, .T. ) ;
#656 = CARTESIAN_POINT ( 'NONE',  ( -6.505213034913026604E-16, 0.05000000000000000278, 1.225000000000000089 ) ) ;
#657 = VERTEX_POINT ( 'NONE', #7739 ) ;
#658 = EDGE_CURVE ( 'NONE', #6999, #5727, #2445, .T. ) ;
#659 = CARTESIAN_POINT ( 'NONE',  ( -1.249999999999999556, 0.6716990566028298026, 1.725000000000000089 ) ) ;
#660 = DIRECTION ( 'NONE',  ( 0.000000000000000000, 0.000000000000000000, -1.000000000000000000 ) ) ;
#661 = ORIENTED_EDGE ( 'NONE', *, *, #287, .F. ) ;
#662 = LINE ( 'NONE', #3201, #3905 ) ;
#663 = VECTOR ( 'NONE', #4595, 1000.000000000000000 ) ;
#664 = DIRECTION ( 'NONE',  ( 0.000000000000000000, 0.000000000000000000, 1.000000000000000000 ) ) ;
#665 = VERTEX_POINT ( 'NONE', #8291 ) ;
#666 = LINE ( 'NONE', #3337, #4523 ) ;
#667 = ORIENTED_EDGE ( 'NONE', *, *, #6974, .T. ) ;
#668 = FACE_OUTER_BOUND ( 'NONE', #422, .T. ) ;
#669 = MANIFOLD_SOLID_BREP ( 'LPattern3[4]', #4937 ) ;
#670 = VERTEX_POINT ( 'NONE', #6353 ) ;
#671 = COLOUR_RGB ( '',0.7921568627450980005, 0.8196078431372548767, 0.9333333333333333481 ) ;
#672 = AXIS2_PLACEMENT_3D ( 'NONE', #6474, #505, #6343 ) ;
#673 = CYLINDRICAL_SURFACE ( 'NONE', #2294, 0.1249999999999998890 ) ;
#674 = EDGE_CURVE ( 'NONE', #3448, #8578, #340, .T. ) ;
#675 = DIRECTION ( 'NONE',  ( 0.000000000000000000, 0.000000000000000000, -1.000000000000000000 ) ) ;
#676 = LINE ( 'NONE', #5865, #5289 ) ;
#677 = VERTEX_POINT ( 'NONE', #5791 ) ;
#678 = PLANE ( 'NONE',  #8174 ) ;
#679 = AXIS2_PLACEMENT_3D ( 'NONE', #440, #7706, #6230 ) ;
#680 = LINE ( 'NONE', #3351, #5720 ) ;
#681 = VERTEX_POINT ( 'NONE', #7003 ) ;
#682 = AXIS2_PLACEMENT_3D ( 'NONE', #633, #5944, #2651 ) ;
#683 = FACE_OUTER_BOUND ( 'NONE', #3936, .T. ) ;
#684 = EDGE_CURVE ( 'NONE', #1388, #2193, #6309, .T. ) ;
#685 = VERTEX_POINT ( 'NONE', #2353 ) ;
#686 = ORIENTED_EDGE ( 'NONE', *, *, #1797, .F. ) ;
#687 =( LENGTH_UNIT ( ) NAMED_UNIT ( * ) SI_UNIT ( .MILLI., .METRE. ) );
#688 = MANIFOLD_SOLID_BREP ( 'LPattern3[9]', #6035 ) ;
#689 = VECTOR ( 'NONE', #7450, 1000.000000000000000 ) ;
#690 = CARTESIAN_POINT ( 'NONE',  ( 2.000000000000000444, 0.1999999999999996503, -0.3749999999999998890 ) ) ;
#691 = VECTOR ( 'NONE', #4053, 1000.000000000000000 ) ;
#692 = CARTESIAN_POINT ( 'NONE',  ( -0.7499999999999995559, 0.2000000000000000111, 1.600000000000000311 ) ) ;
#693 = ORIENTED_EDGE ( 'NONE', *, *, #5094, .F. ) ;
#694 = VERTEX_POINT ( 'NONE', #2047 ) ;
#695 = VECTOR ( 'NONE', #9, 1000.000000000000000 ) ;
#696 = FACE_OUTER_BOUND ( 'NONE', #4453, .T. ) ;
#697 = DIRECTION ( 'NONE',  ( -1.000000000000000000, 0.000000000000000000, 0.000000000000000000 ) ) ;
#698 = MANIFOLD_SOLID_BREP ( 'LPattern3[2]', #2020 ) ;
#699 = VECTOR ( 'NONE', #6052, 1000.000000000000000 ) ;
#700 = DIRECTION ( 'NONE',  ( 0.000000000000000000, 0.000000000000000000, -1.000000000000000000 ) ) ;
#701 = DIRECTION ( 'NONE',  ( -1.000000000000000000, 0.000000000000000000, 0.000000000000000000 ) ) ;
#702 = VERTEX_POINT ( 'NONE', #4369 ) ;
#703 = DIRECTION ( 'NONE',  ( 0.000000000000000000, -1.000000000000000000, 0.000000000000000000 ) ) ;
#704 = FACE_OUTER_BOUND ( 'NONE', #1077, .T. ) ;
#705 = COLOUR_RGB ( '',0.7921568627450980005, 0.8196078431372548767, 0.9333333333333333481 ) ;
#706 = LINE ( 'NONE', #6547, #1666 ) ;
#707 = LINE ( 'NONE', #5460, #2129 ) ;
#708 = ORIENTED_EDGE ( 'NONE', *, *, #5313, .T. ) ;
#709 = DIRECTION ( 'NONE',  ( 1.000000000000000000, 0.000000000000000000, -7.885106708985496922E-16 ) ) ;
#710 = ADVANCED_FACE ( 'NONE', ( #5271 ), #558, .T. ) ;
#711 = ORIENTED_EDGE ( 'NONE', *, *, #5601, .F. ) ;
#712 = LINE ( 'NONE', #1284, #3722 ) ;
#713 = MANIFOLD_SOLID_BREP ( 'Boss-Extrude2[1]', #8246 ) ;
#714 = AXIS2_PLACEMENT_3D ( 'NONE', #2111, #4765, #1451 ) ;
#715 = ORIENTED_EDGE ( 'NONE', *, *, #11, .T. ) ;
#716 = DIRECTION ( 'NONE',  ( 0.000000000000000000, 0.000000000000000000, -1.000000000000000000 ) ) ;
#717 = PLANE ( 'NONE',  #4846 ) ;
#718 = LINE ( 'NONE', #1545, #8183 ) ;
#719 = ORIENTED_EDGE ( 'NONE', *, *, #864, .T. ) ;
#720 = LINE ( 'NONE', #591, #8043 ) ;
#721 = DIRECTION ( 'NONE',  ( 7.885106708985496922E-16, 0.000000000000000000, -1.000000000000000000 ) ) ;
#722 = ORIENTED_EDGE ( 'NONE', *, *, #1045, .F. ) ;
#723 = FACE_OUTER_BOUND ( 'NONE', #8360, .T. ) ;
#724 = ORIENTED_EDGE ( 'NONE', *, *, #11, .F. ) ;
#725 = ORIENTED_EDGE ( 'NONE', *, *, #3753, .F. ) ;
#726 = CARTESIAN_POINT ( 'NONE',  ( -1.999999999999999556, 0.1999999999999999833, -1.124999999999999556 ) ) ;
#727 = LINE ( 'NONE', #3398, #5343 ) ;
#728 = VERTEX_POINT ( 'NONE', #4577 ) ;
#729 = VECTOR ( 'NONE', #4054, 1000.000000000000000 ) ;
#730 = ORIENTED_EDGE ( 'NONE', *, *, #3881, .F. ) ;
#731 = EDGE_CURVE ( 'NONE', #5610, #7282, #6748, .T. ) ;
#732 = FILL_AREA_STYLE_COLOUR ( '', #671 ) ;
#733 = CARTESIAN_POINT ( 'NONE',  ( 0.1250000000000005551, 0.2000000000000000111, -1.725000000000000311 ) ) ;
#734 = VECTOR ( 'NONE', #246, 1000.000000000000000 ) ;
#735 = DIRECTION ( 'NONE',  ( 1.000000000000000000, 0.000000000000000000, -7.885106708985496922E-16 ) ) ;
#736 = FACE_OUTER_BOUND ( 'NONE', #3553, .T. ) ;
#737 = CIRCLE ( 'NONE', #7288, 0.1249999999999998890 ) ;
#738 = ORIENTED_EDGE ( 'NONE', *, *, #5455, .F. ) ;
#739 = CARTESIAN_POINT ( 'NONE',  ( -0.2499999999999995837, 0.2000000000000000111, 1.600000000000000311 ) ) ;
#740 = FACE_OUTER_BOUND ( 'NONE', #5172, .T. ) ;
#741 = CARTESIAN_POINT ( 'NONE',  ( 1.724999999999999867, 0.1999999999999999833, -0.3749999999999998890 ) ) ;
#742 = EDGE_CURVE ( 'NONE', #6373, #6792, #3932, .T. ) ;
#743 = VECTOR ( 'NONE', #1158, 1000.000000000000000 ) ;
#744 = VECTOR ( 'NONE', #3602, 1000.000000000000000 ) ;
#745 = CARTESIAN_POINT ( 'NONE',  ( 1.999999999999999556, 0.000000000000000000, -0.6249999999999994449 ) ) ;
#746 = DIRECTION ( 'NONE',  ( -0.000000000000000000, -1.000000000000000000, -0.000000000000000000 ) ) ;
#747 = ORIENTED_EDGE ( 'NONE', *, *, #6621, .F. ) ;
#748 = DIRECTION ( 'NONE',  ( 0.000000000000000000, 0.000000000000000000, -1.000000000000000000 ) ) ;
#749 = VERTEX_POINT ( 'NONE', #3394 ) ;
#750 = AXIS2_PLACEMENT_3D ( 'NONE', #3587, #2969, #4334 ) ;
#751 = DIRECTION ( 'NONE',  ( 0.000000000000000000, -0.000000000000000000, 1.000000000000000000 ) ) ;
#752 = EDGE_CURVE ( 'NONE', #311, #5326, #599, .T. ) ;
#753 = DIRECTION ( 'NONE',  ( -1.000000000000000000, 0.000000000000000000, 7.885106708985496922E-16 ) ) ;
#754 = VECTOR ( 'NONE', #1161, 1000.000000000000000 ) ;
#755 = ORIENTED_EDGE ( 'NONE', *, *, #7350, .T. ) ;
#756 = FACE_OUTER_BOUND ( 'NONE', #6899, .T. ) ;
#757 = EDGE_CURVE ( 'NONE', #5997, #189, #7312, .T. ) ;
#758 = DIRECTION ( 'NONE',  ( -0.000000000000000000, -1.000000000000000000, -0.000000000000000000 ) ) ;
#759 = VECTOR ( 'NONE', #6571, 1000.000000000000000 ) ;
#760 = ORIENTED_EDGE ( 'NONE', *, *, #5689, .F. ) ;
#761 = DIRECTION ( 'NONE',  ( 0.000000000000000000, -1.000000000000000000, 0.000000000000000000 ) ) ;
#762 = ORIENTED_EDGE ( 'NONE', *, *, #600, .T. ) ;
#763 = ORIENTED_EDGE ( 'NONE', *, *, #7085, .F. ) ;
#764 = LINE ( 'NONE', #1510, #5102 ) ;
#765 = VECTOR ( 'NONE', #4762, 1000.000000000000000 ) ;
#766 = EDGE_CURVE ( 'NONE', #6031, #5577, #5439, .T. ) ;
#767 = SURFACE_STYLE_USAGE ( .BOTH. , #5442 ) ;
#768 = PLANE ( 'NONE',  #1720 ) ;
#769 = ORIENTED_EDGE ( 'NONE', *, *, #6668, .F. ) ;
#770 = VECTOR ( 'NONE', #3483, 1000.000000000000000 ) ;
#771 = EDGE_CURVE ( 'NONE', #5796, #4022, #1600, .T. ) ;
#772 = ORIENTED_EDGE ( 'NONE', *, *, #35, .T. ) ;
#773 = EDGE_CURVE ( 'NONE', #3872, #6642, #942, .T. ) ;
#774 = ORIENTED_EDGE ( 'NONE', *, *, #2479, .F. ) ;
#775 = CARTESIAN_POINT ( 'NONE',  ( 1.999999999999999556, 0.6716990566028301357, -0.6249999999999994449 ) ) ;
#776 = FILL_AREA_STYLE_COLOUR ( '', #2852 ) ;
#777 = ADVANCED_FACE ( 'NONE', ( #901 ), #108, .F. ) ;
#778 = CARTESIAN_POINT ( 'NONE',  ( 1.999999999999999556, 0.6716990566028301357, 1.375000000000000666 ) ) ;
#779 = ORIENTED_EDGE ( 'NONE', *, *, #7177, .F. ) ;
#780 = PLANE ( 'NONE',  #3627 ) ;
#781 = CARTESIAN_POINT ( 'NONE',  ( 1.999999999999999556, 0.000000000000000000, 0.8750000000000005551 ) ) ;
#782 = CARTESIAN_POINT ( 'NONE',  ( 1.724999999999999867, 0.6716990566028301357, 1.375000000000000444 ) ) ;
#783 = FACE_OUTER_BOUND ( 'NONE', #5742, .T. ) ;
#784 = CARTESIAN_POINT ( 'NONE',  ( 1.225000000000000533, 0.000000000000000000, 1.125000000000000888 ) ) ;
#785 = EDGE_CURVE ( 'NONE', #6549, #3701, #3573, .T. ) ;
#786 = VERTEX_POINT ( 'NONE', #4740 ) ;
#787 = LINE ( 'NONE', #8053, #765 ) ;
#788 = EDGE_LOOP ( 'NONE', ( #5169, #2185, #4430, #7032, #1695, #8156, #8248, #815 ) ) ;
#789 = EDGE_CURVE ( 'NONE', #8430, #6253, #8067, .T. ) ;
#790 = CARTESIAN_POINT ( 'NONE',  ( 1.724999999999999867, 0.1999999999999999833, -0.6249999999999996669 ) ) ;
#791 = CARTESIAN_POINT ( 'NONE',  ( -1.692307692307692069, 0.6999999999999999556, -1.825641025641026038 ) ) ;
#792 = LINE ( 'NONE', #3516, #1960 ) ;
#793 = AXIS2_PLACEMENT_3D ( 'NONE', #2799, #5496, #168 ) ;
#794 = ORIENTED_EDGE ( 'NONE', *, *, #6511, .F. ) ;
#795 = CARTESIAN_POINT ( 'NONE',  ( 1.999999999999999556, 0.6716990566028301357, -0.6249999999999994449 ) ) ;
#796 = DIRECTION ( 'NONE',  ( -1.000000000000000000, 0.000000000000000000, -7.885106708985496922E-16 ) ) ;
#797 = ORIENTED_EDGE ( 'NONE', *, *, #3227, .F. ) ;
#798 = DIRECTION ( 'NONE',  ( -0.000000000000000000, -0.000000000000000000, 1.000000000000000000 ) ) ;
#799 = ADVANCED_FACE ( 'NONE', ( #805 ), #1426, .T. ) ;
#800 = ORIENTED_EDGE ( 'NONE', *, *, #4618, .F. ) ;
#801 =( NAMED_UNIT ( * ) PLANE_ANGLE_UNIT ( ) SI_UNIT ( $, .RADIAN. ) );
#802 = AXIS2_PLACEMENT_3D ( 'NONE', #4544, #7230, #1920 ) ;
#803 = ORIENTED_EDGE ( 'NONE', *, *, #7319, .T. ) ;
#804 = ORIENTED_EDGE ( 'NONE', *, *, #3618, .F. ) ;
#805 = FACE_OUTER_BOUND ( 'NONE', #2900, .T. ) ;
#806 = VECTOR ( 'NONE', #3866, 1000.000000000000000 ) ;
#807 = PRESENTATION_LAYER_ASSIGNMENT (  '', '', ( #1243 ) ) ;
#808 = SURFACE_STYLE_FILL_AREA ( #2049 ) ;
#809 = DIRECTION ( 'NONE',  ( -0.000000000000000000, -0.000000000000000000, -1.000000000000000000 ) ) ;
#810 = EDGE_LOOP ( 'NONE', ( #6867, #3959, #3444, #408 ) ) ;
#811 = VECTOR ( 'NONE', #7750, 1000.000000000000000 ) ;
#812 = EDGE_CURVE ( 'NONE', #4005, #4842, #2315, .T. ) ;
#813 = CARTESIAN_POINT ( 'NONE',  ( 1.724999999999999867, 0.05000000000000002359, -0.2499999999999997780 ) ) ;
#814 = AXIS2_PLACEMENT_3D ( 'NONE', #5668, #6362, #3067 ) ;
#815 = ORIENTED_EDGE ( 'NONE', *, *, #5540, .T. ) ;
#816 = CARTESIAN_POINT ( 'NONE',  ( -0.7499999999999995559, 0.2000000000000000111, 1.725000000000000089 ) ) ;
#817 =( NAMED_UNIT ( * ) PLANE_ANGLE_UNIT ( ) SI_UNIT ( $, .RADIAN. ) );
#818 = ORIENTED_EDGE ( 'NONE', *, *, #6715, .F. ) ;
#819 = LINE ( 'NONE', #3496, #6660 ) ;
#820 = VECTOR ( 'NONE', #5514, 1000.000000000000000 ) ;
#821 = AXIS2_PLACEMENT_3D ( 'NONE', #8036, #4024, #1476 ) ;
#822 = PRESENTATION_STYLE_ASSIGNMENT (( #2716 ) ) ;
#823 = CARTESIAN_POINT ( 'NONE',  ( 1.999999999999999556, 0.1999999999999999833, -0.8749999999999998890 ) ) ;
#824 = VECTOR ( 'NONE', #2694, 1000.000000000000000 ) ;
#825 = VECTOR ( 'NONE', #5070, 1000.000000000000000 ) ;
#826 = ORIENTED_EDGE ( 'NONE', *, *, #4215, .T. ) ;
#827 = FACE_OUTER_BOUND ( 'NONE', #915, .T. ) ;
#828 = LINE ( 'NONE', #3547, #3328 ) ;
#829 = CARTESIAN_POINT ( 'NONE',  ( -0.3749999999999994449, 0.2000000000000000111, 2.000000000000000000 ) ) ;
#830 = VECTOR ( 'NONE', #2056, 1000.000000000000000 ) ;
#831 = DIRECTION ( 'NONE',  ( 0.000000000000000000, 0.000000000000000000, -1.000000000000000000 ) ) ;
#832 = CYLINDRICAL_SURFACE ( 'NONE', #477, 0.1249999999999998890 ) ;
#833 = VERTEX_POINT ( 'NONE', #3616 ) ;
#834 = LINE ( 'NONE', #8135, #3285 ) ;
#835 = ORIENTED_EDGE ( 'NONE', *, *, #4509, .F. ) ;
#836 = STYLED_ITEM ( 'NONE', ( #30 ), #3607 ) ;
#837 = CARTESIAN_POINT ( 'NONE',  ( -0.1249999999999996808, 0.2000000000000000111, 1.725000000000000311 ) ) ;
#838 = SURFACE_SIDE_STYLE ('',( #886 ) ) ;
#839 = LINE ( 'NONE', #2074, #5074 ) ;
#840 = EDGE_CURVE ( 'NONE', #3567, #3008, #6212, .T. ) ;
#841 = ORIENTED_EDGE ( 'NONE', *, *, #5067, .T. ) ;
#842 = CARTESIAN_POINT ( 'NONE',  ( -1.124999999999999778, 0.2000000000000000111, -2.000000000000000000 ) ) ;
#843 = DIRECTION ( 'NONE',  ( 0.000000000000000000, -0.000000000000000000, 1.000000000000000000 ) ) ;
#844 = ORIENTED_EDGE ( 'NONE', *, *, #3238, .T. ) ;
#845 = VECTOR ( 'NONE', #4014, 1000.000000000000000 ) ;
#846 = DIRECTION ( 'NONE',  ( -0.000000000000000000, 0.000000000000000000, 1.000000000000000000 ) ) ;
#847 = VERTEX_POINT ( 'NONE', #5480 ) ;
#848 = DIRECTION ( 'NONE',  ( -1.000000000000000000, 0.000000000000000000, 1.084202172485504434E-16 ) ) ;
#849 = EDGE_LOOP ( 'NONE', ( #466, #6977, #2985, #7994 ) ) ;
#850 = EDGE_LOOP ( 'NONE', ( #4657, #6552, #1782, #452, #6479 ) ) ;
#851 = CARTESIAN_POINT ( 'NONE',  ( 1.724999999999999867, 0.1999999999999999833, -0.3750000000000001110 ) ) ;
#852 = EDGE_CURVE ( 'NONE', #4521, #3957, #4274, .T. ) ;
#853 =( NAMED_UNIT ( * ) PLANE_ANGLE_UNIT ( ) SI_UNIT ( $, .RADIAN. ) );
#854 = EDGE_CURVE ( 'NONE', #1477, #3453, #242, .T. ) ;
#855 = CARTESIAN_POINT ( 'NONE',  ( -0.6249999999999996669, 0.000000000000000000, 2.000000000000000000 ) ) ;
#856 = ORIENTED_EDGE ( 'NONE', *, *, #2504, .T. ) ;
#857 = DIRECTION ( 'NONE',  ( -1.000000000000000000, 0.000000000000000000, -0.000000000000000000 ) ) ;
#858 = ORIENTED_EDGE ( 'NONE', *, *, #5961, .F. ) ;
#859 = CARTESIAN_POINT ( 'NONE',  ( 1.375000000000000444, 0.1999999999999999833, -2.000000000000000000 ) ) ;
#860 = EDGE_CURVE ( 'NONE', #3002, #2554, #2457, .T. ) ;
#861 = SURFACE_SIDE_STYLE ('',( #2055 ) ) ;
#862 = ORIENTED_EDGE ( 'NONE', *, *, #1788, .F. ) ;
#863 = DIRECTION ( 'NONE',  ( 0.000000000000000000, 0.000000000000000000, -1.000000000000000000 ) ) ;
#864 = EDGE_CURVE ( 'NONE', #2639, #3042, #764, .T. ) ;
#865 = DIRECTION ( 'NONE',  ( 0.000000000000000000, -1.000000000000000000, 0.000000000000000000 ) ) ;
#866 = AXIS2_PLACEMENT_3D ( 'NONE', #2203, #1420, #188 ) ;
#867 = ORIENTED_EDGE ( 'NONE', *, *, #6113, .F. ) ;
#868 = UNCERTAINTY_MEASURE_WITH_UNIT (LENGTH_MEASURE( 1.000000000000000082E-05 ), #6652, 'distance_accuracy_value', 'NONE');
#869 = DIRECTION ( 'NONE',  ( -1.000000000000000000, 0.000000000000000000, -7.885106708985496922E-16 ) ) ;
#870 = DIRECTION ( 'NONE',  ( -0.000000000000000000, -1.000000000000000000, -0.000000000000000000 ) ) ;
#871 = VERTEX_POINT ( 'NONE', #2907 ) ;
#872 = VECTOR ( 'NONE', #1067, 1000.000000000000000 ) ;
#873 = CARTESIAN_POINT ( 'NONE',  ( 0.8750000000000003331, 0.2000000000000000111, 2.000000000000000000 ) ) ;
#874 = CARTESIAN_POINT ( 'NONE',  ( 1.125000000000000666, 0.000000000000000000, 1.725000000000000311 ) ) ;
#875 = ADVANCED_FACE ( 'NONE', ( #7432 ), #6080, .F. ) ;
#876 = EDGE_CURVE ( 'NONE', #12, #275, #1466, .T. ) ;
#877 = DIRECTION ( 'NONE',  ( -7.885106708985496922E-16, 0.000000000000000000, 1.000000000000000000 ) ) ;
#878 = CARTESIAN_POINT ( 'NONE',  ( 1.999999999999999556, 0.6716990566028301357, 1.125000000000000222 ) ) ;
#879 = AXIS2_PLACEMENT_3D ( 'NONE', #1086, #7743, #7135 ) ;
#880 = CARTESIAN_POINT ( 'NONE',  ( -1.249999999999999556, 0.2000000000000000111, -1.725000000000000089 ) ) ;
#881 = EDGE_LOOP ( 'NONE', ( #5747, #1412, #2487, #200 ) ) ;
#882 = DIRECTION ( 'NONE',  ( 1.000000000000000000, 0.000000000000000000, 0.000000000000000000 ) ) ;
#883 = ORIENTED_EDGE ( 'NONE', *, *, #1694, .F. ) ;
#884 = ADVANCED_FACE ( 'NONE', ( #4873 ), #2171, .T. ) ;
#885 = DIRECTION ( 'NONE',  ( -1.000000000000000000, 0.000000000000000000, -7.885106708985496922E-16 ) ) ;
#886 = SURFACE_STYLE_FILL_AREA ( #5387 ) ;
#887 = DIRECTION ( 'NONE',  ( 0.000000000000000000, 0.000000000000000000, -1.000000000000000000 ) ) ;
#888 = AXIS2_PLACEMENT_3D ( 'NONE', #5608, #7651, #4964 ) ;
#889 = AXIS2_PLACEMENT_3D ( 'NONE', #6892, #2330, #4988 ) ;
#890 = ORIENTED_EDGE ( 'NONE', *, *, #977, .T. ) ;
#891 = DIRECTION ( 'NONE',  ( -0.000000000000000000, -0.000000000000000000, 1.000000000000000000 ) ) ;
#892 = FACE_OUTER_BOUND ( 'NONE', #4065, .T. ) ;
#893 = ORIENTED_EDGE ( 'NONE', *, *, #5351, .F. ) ;
#894 = DIRECTION ( 'NONE',  ( 0.000000000000000000, -0.000000000000000000, -1.000000000000000000 ) ) ;
#895 = ORIENTED_EDGE ( 'NONE', *, *, #4424, .T. ) ;
#896 = CARTESIAN_POINT ( 'NONE',  ( -1.999999999999999556, 0.04999999999999969746, 0.1250000000000001110 ) ) ;
#897 = VECTOR ( 'NONE', #1407, 1000.000000000000000 ) ;
#898 = VECTOR ( 'NONE', #8194, 1000.000000000000000 ) ;
#899 = ORIENTED_EDGE ( 'NONE', *, *, #7466, .F. ) ;
#900 = EDGE_LOOP ( 'NONE', ( #6347, #1912, #1850, #5291 ) ) ;
#901 = FACE_OUTER_BOUND ( 'NONE', #7448, .T. ) ;
#902 = VECTOR ( 'NONE', #125, 1000.000000000000000 ) ;
#903 = DIRECTION ( 'NONE',  ( 0.000000000000000000, 0.000000000000000000, 1.000000000000000000 ) ) ;
#904 = DIRECTION ( 'NONE',  ( 0.000000000000000000, 0.000000000000000000, -1.000000000000000000 ) ) ;
#905 = VERTEX_POINT ( 'NONE', #2867 ) ;
#906 = EDGE_CURVE ( 'NONE', #4003, #4162, #1751, .T. ) ;
#907 = DIRECTION ( 'NONE',  ( 0.000000000000000000, 0.000000000000000000, 1.000000000000000000 ) ) ;
#908 = STYLED_ITEM ( 'NONE', ( #4270 ), #6429 ) ;
#909 = ORIENTED_EDGE ( 'NONE', *, *, #4249, .T. ) ;
#910 = EDGE_CURVE ( 'NONE', #3682, #5949, #2298, .T. ) ;
#911 = MECHANICAL_DESIGN_GEOMETRIC_PRESENTATION_REPRESENTATION (  '', ( #8405 ), #4271 ) ;
#912 = VERTEX_POINT ( 'NONE', #8238 ) ;
#913 = DIRECTION ( 'NONE',  ( 0.000000000000000000, -1.000000000000000000, 0.000000000000000000 ) ) ;
#914 = CARTESIAN_POINT ( 'NONE',  ( -1.999999999999999556, 0.000000000000000000, -0.6249999999999994449 ) ) ;
#915 = EDGE_LOOP ( 'NONE', ( #835, #5563, #4407, #2906 ) ) ;
#916 = CARTESIAN_POINT ( 'NONE',  ( -1.999999999999999556, 0.1999999999999996503, 0.3750000000000005551 ) ) ;
#917 = VECTOR ( 'NONE', #7655, 1000.000000000000000 ) ;
#918 = ADVANCED_FACE ( 'NONE', ( #7604 ), #7647, .F. ) ;
#919 = DIRECTION ( 'NONE',  ( 0.000000000000000000, -1.000000000000000000, 0.000000000000000000 ) ) ;
#920 = ORIENTED_EDGE ( 'NONE', *, *, #5402, .T. ) ;
#921 = EDGE_CURVE ( 'NONE', #948, #8026, #2997, .T. ) ;
#922 = DIRECTION ( 'NONE',  ( -1.000000000000000000, 0.000000000000000000, 7.885106708985496922E-16 ) ) ;
#923 = CARTESIAN_POINT ( 'NONE',  ( -1.999999999999999556, 0.1999999999999999833, -0.6249999999999994449 ) ) ;
#924 = DIRECTION ( 'NONE',  ( 0.000000000000000000, 1.000000000000000000, 0.000000000000000000 ) ) ;
#925 = CARTESIAN_POINT ( 'NONE',  ( -0.3749999999999994449, 0.2000000000000000111, 1.725000000000000311 ) ) ;
#926 = PLANE ( 'NONE',  #5224 ) ;
#927 = DIRECTION ( 'NONE',  ( 0.000000000000000000, 0.000000000000000000, 1.000000000000000000 ) ) ;
#928 = ORIENTED_EDGE ( 'NONE', *, *, #8571, .T. ) ;
#929 = EDGE_CURVE ( 'NONE', #4521, #3804, #6384, .T. ) ;
#930 = DIRECTION ( 'NONE',  ( -7.885106708985496922E-16, 0.000000000000000000, -1.000000000000000000 ) ) ;
#931 = CARTESIAN_POINT ( 'NONE',  ( 1.999999999999999556, 0.6716990566028301357, 0.6250000000000001110 ) ) ;
#932 = CARTESIAN_POINT ( 'NONE',  ( 0.6250000000000005551, 0.2000000000000000111, 1.725000000000000311 ) ) ;
#933 = VERTEX_POINT ( 'NONE', #5003 ) ;
#934 = CARTESIAN_POINT ( 'NONE',  ( -0.8749999999999994449, 0.1999999999999999833, -1.725000000000000311 ) ) ;
#935 = DIRECTION ( 'NONE',  ( -1.000000000000000000, 0.000000000000000000, 7.885106708985496922E-16 ) ) ;
#936 = ORIENTED_EDGE ( 'NONE', *, *, #2827, .T. ) ;
#937 = DIRECTION ( 'NONE',  ( 0.000000000000000000, -0.000000000000000000, 1.000000000000000000 ) ) ;
#938 = ORIENTED_EDGE ( 'NONE', *, *, #3719, .F. ) ;
#939 = EDGE_CURVE ( 'NONE', #8162, #513, #4314, .T. ) ;
#940 = ORIENTED_EDGE ( 'NONE', *, *, #1296, .T. ) ;
#941 = ORIENTED_EDGE ( 'NONE', *, *, #3477, .T. ) ;
#942 = LINE ( 'NONE', #7559, #503 ) ;
#943 = DIRECTION ( 'NONE',  ( 0.000000000000000000, 0.000000000000000000, -1.000000000000000000 ) ) ;
#944 = CYLINDRICAL_SURFACE ( 'NONE', #3505, 0.1249999999999998890 ) ;
#945 = PLANE ( 'NONE',  #6312 ) ;
#946 = VERTEX_POINT ( 'NONE', #987 ) ;
#947 = LINE ( 'NONE', #3531, #4400 ) ;
#948 = VERTEX_POINT ( 'NONE', #1121 ) ;
#949 = LINE ( 'NONE', #859, #6190 ) ;
#950 = AXIS2_PLACEMENT_3D ( 'NONE', #1820, #7039, #1771 ) ;
#951 = VERTEX_POINT ( 'NONE', #3128 ) ;
#952 = CARTESIAN_POINT ( 'NONE',  ( -1.249999999999999556, 0.2000000000000000111, 1.725000000000000089 ) ) ;
#953 = EDGE_CURVE ( 'NONE', #8064, #7321, #5241, .T. ) ;
#954 = VECTOR ( 'NONE', #354, 1000.000000000000000 ) ;
#955 = ORIENTED_EDGE ( 'NONE', *, *, #7590, .T. ) ;
#956 = UNCERTAINTY_MEASURE_WITH_UNIT (LENGTH_MEASURE( 1.000000000000000082E-05 ), #2836, 'distance_accuracy_value', 'NONE');
#957 = VECTOR ( 'NONE', #2157, 1000.000000000000000 ) ;
#958 = CARTESIAN_POINT ( 'NONE',  ( 1.250000000000000444, 0.2000000000000000111, 1.725000000000000089 ) ) ;
#959 = CARTESIAN_POINT ( 'NONE',  ( 1.724999999999999867, 0.6716990566028301357, -1.375000000000000000 ) ) ;
#960 = ORIENTED_EDGE ( 'NONE', *, *, #2085, .T. ) ;
#961 = VECTOR ( 'NONE', #6264, 1000.000000000000000 ) ;
#962 = CARTESIAN_POINT ( 'NONE',  ( 1.999999999999999556, 0.6716990566028301357, 0.1250000000000001110 ) ) ;
#963 = CARTESIAN_POINT ( 'NONE',  ( -1.999999999999999556, 0.6716990566028301357, -0.8749999999999998890 ) ) ;
#964 = CIRCLE ( 'NONE', #5837, 0.1249999999999998890 ) ;
#965 = CARTESIAN_POINT ( 'NONE',  ( 0.7500000000000004441, 0.2000000000000000111, -1.725000000000000089 ) ) ;
#966 = AXIS2_PLACEMENT_3D ( 'NONE', #6421, #1677, #8407 ) ;
#967 = CARTESIAN_POINT ( 'NONE',  ( -0.8749999999999994449, 0.05000000000000000278, 0.000000000000000000 ) ) ;
#968 = CYLINDRICAL_SURFACE ( 'NONE', #6509, 0.1249999999999998890 ) ;
#969 = VERTEX_POINT ( 'NONE', #6297 ) ;
#970 = FILL_AREA_STYLE ('',( #4387 ) ) ;
#971 = LINE ( 'NONE', #8403, #7214 ) ;
#972 = DIRECTION ( 'NONE',  ( 0.000000000000000000, 0.000000000000000000, 1.000000000000000000 ) ) ;
#973 = VECTOR ( 'NONE', #4158, 1000.000000000000000 ) ;
#974 = ADVANCED_FACE ( 'NONE', ( #4442 ), #3799, .F. ) ;
#975 = VERTEX_POINT ( 'NONE', #459 ) ;
#976 = DIRECTION ( 'NONE',  ( 0.000000000000000000, -1.000000000000000000, 0.000000000000000000 ) ) ;
#977 = EDGE_CURVE ( 'NONE', #3828, #1156, #1335, .T. ) ;
#978 = DIRECTION ( 'NONE',  ( -7.885106708985496922E-16, 0.000000000000000000, 1.000000000000000000 ) ) ;
#979 = VERTEX_POINT ( 'NONE', #1729 ) ;
#980 = CARTESIAN_POINT ( 'NONE',  ( 1.999999999999999556, 0.1999999999999999833, -0.6249999999999994449 ) ) ;
#981 = VERTEX_POINT ( 'NONE', #2343 ) ;
#982 = LINE ( 'NONE', #7600, #7320 ) ;
#983 = AXIS2_PLACEMENT_3D ( 'NONE', #6661, #697, #3365 ) ;
#984 = ORIENTED_EDGE ( 'NONE', *, *, #4679, .T. ) ;
#985 = CARTESIAN_POINT ( 'NONE',  ( -1.374999999999999556, 0.1999999999999999833, -1.725000000000000311 ) ) ;
#986 = ORIENTED_EDGE ( 'NONE', *, *, #2537, .F. ) ;
#987 = CARTESIAN_POINT ( 'NONE',  ( 0.6250000000000005551, 0.000000000000000000, 1.725000000000000311 ) ) ;
#988 = VECTOR ( 'NONE', #7338, 1000.000000000000000 ) ;
#989 = EDGE_CURVE ( 'NONE', #151, #2810, #1772, .T. ) ;
#990 = CYLINDRICAL_SURFACE ( 'NONE', #5317, 0.1250000000000002220 ) ;
#991 = CARTESIAN_POINT ( 'NONE',  ( -1.724999999999999867, 0.6716990566028301357, -1.124999999999999778 ) ) ;
#992 = CARTESIAN_POINT ( 'NONE',  ( -1.999999999999999556, 0.04999999999999969746, -0.3749999999999998890 ) ) ;
#993 = ORIENTED_EDGE ( 'NONE', *, *, #7222, .T. ) ;
#994 = FACE_OUTER_BOUND ( 'NONE', #5319, .T. ) ;
#995 = ORIENTED_EDGE ( 'NONE', *, *, #3755, .F. ) ;
#996 = DIRECTION ( 'NONE',  ( 1.000000000000000000, -0.000000000000000000, -1.084202172485504434E-16 ) ) ;
#997 = EDGE_LOOP ( 'NONE', ( #4639, #5143, #2682, #1646 ) ) ;
#998 = CARTESIAN_POINT ( 'NONE',  ( -0.7499999999999995559, 0.000000000000000000, 1.725000000000000089 ) ) ;
#999 = CARTESIAN_POINT ( 'NONE',  ( 1.724999999999999867, 0.1999999999999999833, 0.6250000000000001110 ) ) ;
#1000 = VERTEX_POINT ( 'NONE', #5692 ) ;
#1001 = CARTESIAN_POINT ( 'NONE',  ( -1.224999999999999645, 3.664823227814084650, 1.124999999999999778 ) ) ;
#1002 = CARTESIAN_POINT ( 'NONE',  ( 1.125000000000000888, 3.664823227814084650, -1.225000000000000311 ) ) ;
#1003 = EDGE_LOOP ( 'NONE', ( #5227, #5591, #8550, #8118 ) ) ;
#1004 = DIRECTION ( 'NONE',  ( -0.000000000000000000, -1.000000000000000000, -0.000000000000000000 ) ) ;
#1005 = DIRECTION ( 'NONE',  ( 0.000000000000000000, 0.000000000000000000, 1.000000000000000000 ) ) ;
#1006 = DIRECTION ( 'NONE',  ( 0.000000000000000000, -0.000000000000000000, 1.000000000000000000 ) ) ;
#1007 = PLANE ( 'NONE',  #4391 ) ;
#1008 = FACE_OUTER_BOUND ( 'NONE', #1052, .T. ) ;
#1009 = VECTOR ( 'NONE', #136, 1000.000000000000000 ) ;
#1010 = EDGE_CURVE ( 'NONE', #3332, #5646, #3752, .T. ) ;
#1011 = VERTEX_POINT ( 'NONE', #1164 ) ;
#1012 = CARTESIAN_POINT ( 'NONE',  ( 2.000000000000000444, 0.1999999999999996503, 0.1249999999999998890 ) ) ;
#1013 = DIRECTION ( 'NONE',  ( 1.000000000000000000, 0.000000000000000000, 0.000000000000000000 ) ) ;
#1014 = EDGE_CURVE ( 'NONE', #8062, #2297, #5133, .T. ) ;
#1015 = CARTESIAN_POINT ( 'NONE',  ( 2.000000000000000444, 0.05000000000000000278, 2.000000000000000000 ) ) ;
#1016 = ORIENTED_EDGE ( 'NONE', *, *, #7620, .F. ) ;
#1017 = DIRECTION ( 'NONE',  ( 0.000000000000000000, 0.000000000000000000, -1.000000000000000000 ) ) ;
#1018 = VECTOR ( 'NONE', #4021, 1000.000000000000000 ) ;
#1019 = FACE_OUTER_BOUND ( 'NONE', #6184, .T. ) ;
#1020 = ORIENTED_EDGE ( 'NONE', *, *, #7890, .F. ) ;
#1021 = CARTESIAN_POINT ( 'NONE',  ( 1.999999999999999556, 0.1999999999999999833, -1.124999999999999556 ) ) ;
#1022 = EDGE_LOOP ( 'NONE', ( #3034, #3399, #1901, #5108, #6442 ) ) ;
#1023 = VECTOR ( 'NONE', #5086, 1000.000000000000000 ) ;
#1024 = CYLINDRICAL_SURFACE ( 'NONE', #8253, 0.1333333333333333870 ) ;
#1025 = AXIS2_PLACEMENT_3D ( 'NONE', #314, #6933, #972 ) ;
#1026 = DIRECTION ( 'NONE',  ( -0.000000000000000000, 0.000000000000000000, -1.000000000000000000 ) ) ;
#1027 = EDGE_CURVE ( 'NONE', #905, #7960, #5093, .T. ) ;
#1028 = CARTESIAN_POINT ( 'NONE',  ( 0.3750000000000003331, 0.000000000000000000, 1.725000000000000311 ) ) ;
#1029 = CARTESIAN_POINT ( 'NONE',  ( -1.724999999999999867, 0.05000000000000002359, 1.250000000000000222 ) ) ;
#1030 = DIRECTION ( 'NONE',  ( 1.000000000000000000, -0.000000000000000000, 7.885106708985496922E-16 ) ) ;
#1031 = AXIS2_PLACEMENT_3D ( 'NONE', #2280, #8220, #3109 ) ;
#1032 = VERTEX_POINT ( 'NONE', #3040 ) ;
#1033 = DIRECTION ( 'NONE',  ( -0.000000000000000000, 0.000000000000000000, -1.000000000000000000 ) ) ;
#1034 = ORIENTED_EDGE ( 'NONE', *, *, #6350, .F. ) ;
#1035 = CLOSED_SHELL ( 'NONE', ( #8072, #271, #1740, #2048, #7925, #5567, #4148 ) ) ;
#1036 = VERTEX_POINT ( 'NONE', #1028 ) ;
#1037 = VERTEX_POINT ( 'NONE', #3711 ) ;
#1038 = EDGE_CURVE ( 'NONE', #2774, #431, #7731, .T. ) ;
#1039 = DIRECTION ( 'NONE',  ( 1.000000000000000000, 0.000000000000000000, 5.310377987684102867E-16 ) ) ;
#1040 = CIRCLE ( 'NONE', #2582, 0.1249999999999998890 ) ;
#1041 = ORIENTED_EDGE ( 'NONE', *, *, #1859, .T. ) ;
#1042 = DIRECTION ( 'NONE',  ( 0.000000000000000000, -1.000000000000000000, 0.000000000000000000 ) ) ;
#1043 = VECTOR ( 'NONE', #1647, 1000.000000000000000 ) ;
#1044 = DIRECTION ( 'NONE',  ( 8.850629979473501081E-17, 0.000000000000000000, -1.000000000000000000 ) ) ;
#1045 = EDGE_CURVE ( 'NONE', #6000, #3295, #3089, .T. ) ;
#1046 = ORIENTED_EDGE ( 'NONE', *, *, #5982, .F. ) ;
#1047 = VECTOR ( 'NONE', #1176, 1000.000000000000000 ) ;
#1048 = UNCERTAINTY_MEASURE_WITH_UNIT (LENGTH_MEASURE( 1.000000000000000082E-05 ), #4712, 'distance_accuracy_value', 'NONE');
#1049 = CARTESIAN_POINT ( 'NONE',  ( 1.250000000000000444, 0.04999999999999999584, -1.725000000000000089 ) ) ;
#1050 = LINE ( 'NONE', #1002, #4309 ) ;
#1051 = AXIS2_PLACEMENT_3D ( 'NONE', #7283, #4510, #5973 ) ;
#1052 = EDGE_LOOP ( 'NONE', ( #826, #4066, #3885, #370 ) ) ;
#1053 = ADVANCED_FACE ( 'NONE', ( #8370 ), #1821, .F. ) ;
#1054 = CYLINDRICAL_SURFACE ( 'NONE', #7641, 0.1250000000000002220 ) ;
#1055 = CARTESIAN_POINT ( 'NONE',  ( 1.125000000000000666, 0.1999999999999999833, -1.725000000000000311 ) ) ;
#1056 = AXIS2_PLACEMENT_3D ( 'NONE', #7164, #1365, #15 ) ;
#1057 = DIRECTION ( 'NONE',  ( 0.000000000000000000, 0.000000000000000000, -1.000000000000000000 ) ) ;
#1058 = AXIS2_PLACEMENT_3D ( 'NONE', #8470, #3807, #3763 ) ;
#1059 = DIRECTION ( 'NONE',  ( 0.000000000000000000, 0.000000000000000000, 1.000000000000000000 ) ) ;
#1060 = DIRECTION ( 'NONE',  ( 0.000000000000000000, -1.000000000000000000, 0.000000000000000000 ) ) ;
#1061 = ORIENTED_EDGE ( 'NONE', *, *, #4629, .T. ) ;
#1062 =( LENGTH_UNIT ( ) NAMED_UNIT ( * ) SI_UNIT ( .MILLI., .METRE. ) );
#1063 = DIRECTION ( 'NONE',  ( 0.000000000000000000, 0.000000000000000000, -1.000000000000000000 ) ) ;
#1064 = LINE ( 'NONE', #273, #472 ) ;
#1065 = VERTEX_POINT ( 'NONE', #4011 ) ;
#1066 = DIRECTION ( 'NONE',  ( 0.000000000000000000, -1.000000000000000000, 0.000000000000000000 ) ) ;
#1067 = DIRECTION ( 'NONE',  ( 0.000000000000000000, -1.000000000000000000, 0.000000000000000000 ) ) ;
#1068 = ORIENTED_EDGE ( 'NONE', *, *, #3450, .F. ) ;
#1069 = LINE ( 'NONE', #1113, #6732 ) ;
#1070 = VERTEX_POINT ( 'NONE', #3923 ) ;
#1071 = EDGE_CURVE ( 'NONE', #5930, #1277, #7858, .T. ) ;
#1072 = DIRECTION ( 'NONE',  ( 7.885106708985496922E-16, -0.000000000000000000, 1.000000000000000000 ) ) ;
#1073 = DIRECTION ( 'NONE',  ( 0.000000000000000000, 0.000000000000000000, -1.000000000000000000 ) ) ;
#1074 = FACE_OUTER_BOUND ( 'NONE', #3512, .T. ) ;
#1075 = DIRECTION ( 'NONE',  ( 0.000000000000000000, -0.000000000000000000, -1.000000000000000000 ) ) ;
#1076 = CARTESIAN_POINT ( 'NONE',  ( -1.724999999999999867, 0.6716990566028301357, 0.8750000000000003331 ) ) ;
#1077 = EDGE_LOOP ( 'NONE', ( #5558, #7552, #5484, #2356 ) ) ;
#1078 = LINE ( 'NONE', #6302, #1170 ) ;
#1079 = ORIENTED_EDGE ( 'NONE', *, *, #785, .F. ) ;
#1080 = EDGE_LOOP ( 'NONE', ( #6638, #7554, #4985, #3808 ) ) ;
#1081 = VERTEX_POINT ( 'NONE', #6641 ) ;
#1082 = DIRECTION ( 'NONE',  ( 0.000000000000000000, 0.000000000000000000, 1.000000000000000000 ) ) ;
#1083 = VERTEX_POINT ( 'NONE', #3878 ) ;
#1084 = CIRCLE ( 'NONE', #2339, 0.1250000000000002220 ) ;
#1085 = DIRECTION ( 'NONE',  ( -0.000000000000000000, -1.000000000000000000, -0.000000000000000000 ) ) ;
#1086 = CARTESIAN_POINT ( 'NONE',  ( -1.249999999999999556, 0.2000000000000000111, 1.725000000000000089 ) ) ;
#1087 = EDGE_CURVE ( 'NONE', #6193, #6294, #8466, .T. ) ;
#1088 = VERTEX_POINT ( 'NONE', #8588 ) ;
#1089 = AXIS2_PLACEMENT_3D ( 'NONE', #8292, #1082, #4925 ) ;
#1090 = CARTESIAN_POINT ( 'NONE',  ( -1.999999999999999556, 0.04999999999999969746, -0.6249999999999994449 ) ) ;
#1091 = AXIS2_PLACEMENT_3D ( 'NONE', #4422, #7011, #1572 ) ;
#1092 = ORIENTED_EDGE ( 'NONE', *, *, #7394, .F. ) ;
#1093 = CARTESIAN_POINT ( 'NONE',  ( 1.999999999999999556, 0.1999999999999999833, -0.6249999999999994449 ) ) ;
#1094 = FACE_OUTER_BOUND ( 'NONE', #5571, .T. ) ;
#1095 = AXIS2_PLACEMENT_3D ( 'NONE', #5418, #6711, #2720 ) ;
#1096 = CARTESIAN_POINT ( 'NONE',  ( -0.2499999999999995837, 0.2000000000000000111, -1.725000000000000089 ) ) ;
#1097 = CIRCLE ( 'NONE', #7489, 0.1000000000000000472 ) ;
#1098 = EDGE_CURVE ( 'NONE', #5911, #4124, #1908, .T. ) ;
#1099 = DIRECTION ( 'NONE',  ( 0.000000000000000000, -1.000000000000000000, 0.000000000000000000 ) ) ;
#1100 = CARTESIAN_POINT ( 'NONE',  ( -1.374999999999999556, 0.000000000000000000, -1.725000000000000311 ) ) ;
#1101 = VECTOR ( 'NONE', #6745, 1000.000000000000000 ) ;
#1102 = ORIENTED_EDGE ( 'NONE', *, *, #643, .F. ) ;
#1103 = AXIS2_PLACEMENT_3D ( 'NONE', #4246, #2407, #2320 ) ;
#1104 = PLANE ( 'NONE',  #4949 ) ;
#1105 = PLANE ( 'NONE',  #2503 ) ;
#1106 = DIRECTION ( 'NONE',  ( -1.000000000000000000, 0.000000000000000000, 7.885106708985496922E-16 ) ) ;
#1107 = ORIENTED_EDGE ( 'NONE', *, *, #4498, .T. ) ;
#1108 = DIRECTION ( 'NONE',  ( 7.885106708985496922E-16, 0.000000000000000000, 1.000000000000000000 ) ) ;
#1109 = VECTOR ( 'NONE', #3214, 1000.000000000000000 ) ;
#1110 = CARTESIAN_POINT ( 'NONE',  ( -0.1249999999999996808, 0.6716990566028298026, -2.000000000000000000 ) ) ;
#1111 = ORIENTED_EDGE ( 'NONE', *, *, #650, .F. ) ;
#1112 = VECTOR ( 'NONE', #7961, 1000.000000000000000 ) ;
#1113 = CARTESIAN_POINT ( 'NONE',  ( 0.6250000000000005551, 0.2000000000000000111, 1.725000000000000311 ) ) ;
#1114 = ORIENTED_EDGE ( 'NONE', *, *, #4228, .T. ) ;
#1115 = PRESENTATION_STYLE_ASSIGNMENT (( #3661 ) ) ;
#1116 = AXIS2_PLACEMENT_3D ( 'NONE', #6111, #4214, #4905 ) ;
#1117 = AXIS2_PLACEMENT_3D ( 'NONE', #3456, #88, #2844 ) ;
#1118 = EDGE_CURVE ( 'NONE', #5431, #6156, #4050, .T. ) ;
#1119 = DIRECTION ( 'NONE',  ( -1.000000000000000000, 0.000000000000000000, -7.885106708985496922E-16 ) ) ;
#1120 = CARTESIAN_POINT ( 'NONE',  ( 0.3750000000000003331, 0.04999999999999999584, -1.725000000000000311 ) ) ;
#1121 = CARTESIAN_POINT ( 'NONE',  ( -0.8749999999999994449, 0.1999999999999999833, 2.000000000000000000 ) ) ;
#1122 = DIRECTION ( 'NONE',  ( -1.000000000000000000, 0.000000000000000000, 0.000000000000000000 ) ) ;
#1123 = ORIENTED_EDGE ( 'NONE', *, *, #1358, .T. ) ;
#1124 = VECTOR ( 'NONE', #7269, 1000.000000000000000 ) ;
#1125 = DIRECTION ( 'NONE',  ( 1.000000000000000000, 0.000000000000000000, 7.885106708985496922E-16 ) ) ;
#1126 = EDGE_LOOP ( 'NONE', ( #4739, #178, #4608, #6897 ) ) ;
#1127 = VERTEX_POINT ( 'NONE', #4568 ) ;
#1128 = EDGE_CURVE ( 'NONE', #499, #284, #5904, .T. ) ;
#1129 = VERTEX_POINT ( 'NONE', #5822 ) ;
#1130 = CARTESIAN_POINT ( 'NONE',  ( 1.724999999999999867, 0.1999999999999999833, 0.7500000000000002220 ) ) ;
#1131 = EDGE_CURVE ( 'NONE', #2383, #5326, #8500, .T. ) ;
#1132 = ORIENTED_EDGE ( 'NONE', *, *, #1260, .F. ) ;
#1133 = DIRECTION ( 'NONE',  ( -0.000000000000000000, -0.000000000000000000, 1.000000000000000000 ) ) ;
#1134 = CARTESIAN_POINT ( 'NONE',  ( -1.692307692307692069, 0.6999999999999999556, -1.558974358974359209 ) ) ;
#1135 = ORIENTED_EDGE ( 'NONE', *, *, #515, .F. ) ;
#1136 = CIRCLE ( 'NONE', #8203, 0.1250000000000002220 ) ;
#1137 = DIRECTION ( 'NONE',  ( 0.000000000000000000, 0.000000000000000000, 1.000000000000000000 ) ) ;
#1138 = LINE ( 'NONE', #8516, #1792 ) ;
#1139 = EDGE_CURVE ( 'NONE', #651, #969, #676, .T. ) ;
#1140 = ORIENTED_EDGE ( 'NONE', *, *, #4424, .F. ) ;
#1141 = EDGE_CURVE ( 'NONE', #7968, #2290, #8459, .T. ) ;
#1142 = LINE ( 'NONE', #4547, #1382 ) ;
#1143 = LINE ( 'NONE', #569, #8597 ) ;
#1144 = CARTESIAN_POINT ( 'NONE',  ( -1.249999999999999556, 0.2000000000000000111, 1.600000000000000311 ) ) ;
#1145 = LINE ( 'NONE', #526, #5364 ) ;
#1146 = CARTESIAN_POINT ( 'NONE',  ( 1.724999999999999867, 0.6716990566028301357, 1.250000000000000222 ) ) ;
#1147 = VERTEX_POINT ( 'NONE', #3962 ) ;
#1148 = EDGE_CURVE ( 'NONE', #5056, #3701, #7340, .T. ) ;
#1149 = DIRECTION ( 'NONE',  ( 0.000000000000000000, 0.000000000000000000, 1.000000000000000000 ) ) ;
#1150 = ADVANCED_FACE ( 'NONE', ( #7942 ), #8545, .T. ) ;
#1151 = CARTESIAN_POINT ( 'NONE',  ( -1.999999999999999556, 0.05000000000000000278, -1.999999999999999556 ) ) ;
#1152 = DIRECTION ( 'NONE',  ( 0.000000000000000000, 1.000000000000000000, 0.000000000000000000 ) ) ;
#1153 = ORIENTED_EDGE ( 'NONE', *, *, #2322, .F. ) ;
#1154 = DIRECTION ( 'NONE',  ( 8.850629979473501081E-17, 0.000000000000000000, -1.000000000000000000 ) ) ;
#1155 = DIRECTION ( 'NONE',  ( 0.000000000000000000, 0.000000000000000000, 1.000000000000000000 ) ) ;
#1156 = VERTEX_POINT ( 'NONE', #5179 ) ;
#1157 = AXIS2_PLACEMENT_3D ( 'NONE', #4436, #278, #4354 ) ;
#1158 = DIRECTION ( 'NONE',  ( 0.000000000000000000, -1.000000000000000000, 0.000000000000000000 ) ) ;
#1159 = VERTEX_POINT ( 'NONE', #1371 ) ;
#1160 = FILL_AREA_STYLE_COLOUR ( '', #5920 ) ;
#1161 = DIRECTION ( 'NONE',  ( 0.000000000000000000, 0.000000000000000000, -1.000000000000000000 ) ) ;
#1162 = EDGE_CURVE ( 'NONE', #2531, #8074, #2661, .T. ) ;
#1163 = DIRECTION ( 'NONE',  ( 0.000000000000000000, -1.000000000000000000, 0.000000000000000000 ) ) ;
#1164 = CARTESIAN_POINT ( 'NONE',  ( 1.724999999999999867, 0.05000000000000002359, -0.1249999999999996808 ) ) ;
#1165 = AXIS2_PLACEMENT_3D ( 'NONE', #5795, #3850, #4207 ) ;
#1166 = DIRECTION ( 'NONE',  ( 0.000000000000000000, -1.000000000000000000, 0.000000000000000000 ) ) ;
#1167 = ORIENTED_EDGE ( 'NONE', *, *, #5301, .F. ) ;
#1168 = DIRECTION ( 'NONE',  ( -0.000000000000000000, -1.000000000000000000, 0.000000000000000000 ) ) ;
#1169 = VERTEX_POINT ( 'NONE', #506 ) ;
#1170 = VECTOR ( 'NONE', #6389, 1000.000000000000000 ) ;
#1171 = ORIENTED_EDGE ( 'NONE', *, *, #1490, .F. ) ;
#1172 = VECTOR ( 'NONE', #4042, 1000.000000000000000 ) ;
#1173 = CARTESIAN_POINT ( 'NONE',  ( 1.724999999999999867, 0.05000000000000002359, -1.249999999999999778 ) ) ;
#1174 = CARTESIAN_POINT ( 'NONE',  ( 0.2500000000000004441, 0.1999999999999999833, 1.725000000000000089 ) ) ;
#1175 = ORIENTED_EDGE ( 'NONE', *, *, #1699, .T. ) ;
#1176 = DIRECTION ( 'NONE',  ( -0.000000000000000000, -0.000000000000000000, -1.000000000000000000 ) ) ;
#1177 = ADVANCED_FACE ( 'NONE', ( #1862 ), #5262, .T. ) ;
#1178 = DIRECTION ( 'NONE',  ( 0.000000000000000000, -0.000000000000000000, -1.000000000000000000 ) ) ;
#1179 = VECTOR ( 'NONE', #7109, 1000.000000000000000 ) ;
#1180 = ORIENTED_EDGE ( 'NONE', *, *, #6011, .T. ) ;
#1181 = DIRECTION ( 'NONE',  ( 0.000000000000000000, 0.000000000000000000, -1.000000000000000000 ) ) ;
#1182 = CARTESIAN_POINT ( 'NONE',  ( 0.000000000000000000, 0.05000000000000000278, 0.000000000000000000 ) ) ;
#1183 = DIRECTION ( 'NONE',  ( 0.000000000000000000, 0.000000000000000000, 1.000000000000000000 ) ) ;
#1184 = EDGE_CURVE ( 'NONE', #8064, #1539, #5989, .T. ) ;
#1185 = CARTESIAN_POINT ( 'NONE',  ( -0.7499999999999995559, 0.04999999999999999584, -1.725000000000000089 ) ) ;
#1186 = STYLED_ITEM ( 'NONE', ( #4259 ), #416 ) ;
#1187 = ADVANCED_FACE ( 'NONE', ( #4655 ), #6599, .F. ) ;
#1188 = FACE_OUTER_BOUND ( 'NONE', #7671, .T. ) ;
#1189 = VERTEX_POINT ( 'NONE', #5310 ) ;
#1190 = AXIS2_PLACEMENT_3D ( 'NONE', #1858, #2608, #5984 ) ;
#1191 = PLANE ( 'NONE',  #6332 ) ;
#1192 = CARTESIAN_POINT ( 'NONE',  ( -1.224999999999999645, 0.2000000000000000944, -1.025000000000000799 ) ) ;
#1193 = DIRECTION ( 'NONE',  ( 0.000000000000000000, 0.000000000000000000, -1.000000000000000000 ) ) ;
#1194 = AXIS2_PLACEMENT_3D ( 'NONE', #2264, #4924, #1829 ) ;
#1195 = ORIENTED_EDGE ( 'NONE', *, *, #1966, .T. ) ;
#1196 = DIRECTION ( 'NONE',  ( -0.000000000000000000, 1.000000000000000000, -0.000000000000000000 ) ) ;
#1197 = LINE ( 'NONE', #3870, #3955 ) ;
#1198 = ORIENTED_EDGE ( 'NONE', *, *, #5301, .T. ) ;
#1199 = CARTESIAN_POINT ( 'NONE',  ( -1.999999999999999556, 0.000000000000000000, 0.8750000000000005551 ) ) ;
#1200 = EDGE_CURVE ( 'NONE', #8020, #1471, #1332, .T. ) ;
#1201 = ORIENTED_EDGE ( 'NONE', *, *, #4543, .T. ) ;
#1202 = CARTESIAN_POINT ( 'NONE',  ( 2.000000000000000444, 0.05000000000000000278, 2.000000000000000000 ) ) ;
#1203 = LINE ( 'NONE', #1244, #6325 ) ;
#1204 = DIRECTION ( 'NONE',  ( 0.000000000000000000, -0.000000000000000000, 1.000000000000000000 ) ) ;
#1205 = CARTESIAN_POINT ( 'NONE',  ( -0.8749999999999994449, 0.6716990566028298026, 1.725000000000000311 ) ) ;
#1206 = CARTESIAN_POINT ( 'NONE',  ( -1.249999999999999556, 0.2000000000000000111, -1.725000000000000089 ) ) ;
#1207 = DIRECTION ( 'NONE',  ( 0.000000000000000000, 1.000000000000000000, 0.000000000000000000 ) ) ;
#1208 = ORIENTED_EDGE ( 'NONE', *, *, #7232, .F. ) ;
#1209 = DIRECTION ( 'NONE',  ( 1.000000000000000000, 0.000000000000000000, -7.885106708985496922E-16 ) ) ;
#1210 = VERTEX_POINT ( 'NONE', #2114 ) ;
#1211 = EDGE_LOOP ( 'NONE', ( #6685, #1198, #4478, #1996, #2623, #7335, #381, #1253, #4221, #7231, #3911, #7413, #1938, #6614, #1425, #2046, #2538, #8134, #8537, #598, #2415, #3524, #5700, #8423, #4409, #7599, #1376, #6893 ) ) ;
#1212 = SURFACE_SIDE_STYLE ('',( #7176 ) ) ;
#1213 = DIRECTION ( 'NONE',  ( -0.000000000000000000, 0.000000000000000000, 1.000000000000000000 ) ) ;
#1214 = CARTESIAN_POINT ( 'NONE',  ( -0.7499999999999995559, 0.2000000000000000111, 1.725000000000000089 ) ) ;
#1215 = ORIENTED_EDGE ( 'NONE', *, *, #6667, .T. ) ;
#1216 = CARTESIAN_POINT ( 'NONE',  ( 0.1250000000000005551, 0.000000000000000000, -2.000000000000000000 ) ) ;
#1217 = DIRECTION ( 'NONE',  ( -0.000000000000000000, -1.000000000000000000, -0.000000000000000000 ) ) ;
#1218 = VERTEX_POINT ( 'NONE', #1416 ) ;
#1219 = AXIS2_PLACEMENT_3D ( 'NONE', #3785, #360, #7628 ) ;
#1220 = LINE ( 'NONE', #6535, #4176 ) ;
#1221 = DIRECTION ( 'NONE',  ( -0.000000000000000000, 1.000000000000000000, -0.000000000000000000 ) ) ;
#1222 = DIRECTION ( 'NONE',  ( 0.000000000000000000, 0.000000000000000000, -1.000000000000000000 ) ) ;
#1223 = EDGE_CURVE ( 'NONE', #5509, #6742, #792, .T. ) ;
#1224 = VECTOR ( 'NONE', #1273, 1000.000000000000000 ) ;
#1225 = PLANE ( 'NONE',  #6462 ) ;
#1226 = LINE ( 'NONE', #7838, #4989 ) ;
#1227 = ORIENTED_EDGE ( 'NONE', *, *, #5790, .F. ) ;
#1228 = VECTOR ( 'NONE', #6059, 1000.000000000000000 ) ;
#1229 = PRESENTATION_STYLE_ASSIGNMENT (( #1933 ) ) ;
#1230 = ADVANCED_FACE ( 'NONE', ( #1453 ), #6025, .F. ) ;
#1231 = CARTESIAN_POINT ( 'NONE',  ( 1.724999999999999867, 0.6716990566028301357, 0.6249999999999998890 ) ) ;
#1232 = CARTESIAN_POINT ( 'NONE',  ( 1.999999999999999556, 0.04999999999999969746, -0.6249999999999994449 ) ) ;
#1233 = VECTOR ( 'NONE', #6317, 1000.000000000000000 ) ;
#1234 = EDGE_LOOP ( 'NONE', ( #2742, #5436, #7203, #346 ) ) ;
#1235 = LINE ( 'NONE', #2683, #2778 ) ;
#1236 = EDGE_CURVE ( 'NONE', #7737, #5584, #6849, .T. ) ;
#1237 = PLANE ( 'NONE',  #5198 ) ;
#1238 = VERTEX_POINT ( 'NONE', #2768 ) ;
#1239 = MECHANICAL_DESIGN_GEOMETRIC_PRESENTATION_REPRESENTATION (  '', ( #3625 ), #2219 ) ;
#1240 = CARTESIAN_POINT ( 'NONE',  ( -1.999999999999999556, 0.6716990566028301357, 0.8750000000000005551 ) ) ;
#1241 = ORIENTED_EDGE ( 'NONE', *, *, #2830, .F. ) ;
#1242 = FACE_OUTER_BOUND ( 'NONE', #3729, .T. ) ;
#1243 = STYLED_ITEM ( 'NONE', ( #3427 ), #7741 ) ;
#1244 = CARTESIAN_POINT ( 'NONE',  ( -0.3749999999999994449, 0.2000000000000000111, -1.725000000000000311 ) ) ;
#1245 = ADVANCED_FACE ( 'NONE', ( #7509 ), #4087, .T. ) ;
#1246 = CARTESIAN_POINT ( 'NONE',  ( 0.8750000000000003331, 0.2000000000000000111, -2.000000000000000000 ) ) ;
#1247 = DIRECTION ( 'NONE',  ( -1.000000000000000000, 0.000000000000000000, -0.000000000000000000 ) ) ;
#1248 = VECTOR ( 'NONE', #1763, 1000.000000000000000 ) ;
#1249 = ADVANCED_FACE ( 'NONE', ( #97 ), #3467, .T. ) ;
#1250 = DIRECTION ( 'NONE',  ( -0.000000000000000000, -1.000000000000000000, -0.000000000000000000 ) ) ;
#1251 = VECTOR ( 'NONE', #5585, 1000.000000000000000 ) ;
#1252 = DIRECTION ( 'NONE',  ( 1.000000000000000000, -0.000000000000000000, -0.000000000000000000 ) ) ;
#1253 = ORIENTED_EDGE ( 'NONE', *, *, #42, .T. ) ;
#1254 = CARTESIAN_POINT ( 'NONE',  ( 1.999999999999999556, 0.6716990566028301357, 0.3750000000000005551 ) ) ;
#1255 = EDGE_LOOP ( 'NONE', ( #2833, #3308, #5327, #4216 ) ) ;
#1256 = AXIS2_PLACEMENT_3D ( 'NONE', #2855, #5429, #6723 ) ;
#1257 = AXIS2_PLACEMENT_3D ( 'NONE', #6060, #4117, #133 ) ;
#1258 = ORIENTED_EDGE ( 'NONE', *, *, #6139, .T. ) ;
#1259 = DIRECTION ( 'NONE',  ( 0.000000000000000000, 0.000000000000000000, 1.000000000000000000 ) ) ;
#1260 = EDGE_CURVE ( 'NONE', #7534, #6549, #718, .T. ) ;
#1261 = AXIS2_PLACEMENT_3D ( 'NONE', #6439, #1916, #7823 ) ;
#1262 = DIRECTION ( 'NONE',  ( -0.000000000000000000, -1.000000000000000000, -0.000000000000000000 ) ) ;
#1263 = DIRECTION ( 'NONE',  ( 0.000000000000000000, 0.000000000000000000, 1.000000000000000000 ) ) ;
#1264 = ORIENTED_EDGE ( 'NONE', *, *, #2606, .F. ) ;
#1265 = DIRECTION ( 'NONE',  ( 0.000000000000000000, -1.000000000000000000, 0.000000000000000000 ) ) ;
#1266 = PLANE ( 'NONE',  #7759 ) ;
#1267 = EDGE_LOOP ( 'NONE', ( #1700, #6086, #5076, #92 ) ) ;
#1268 = CARTESIAN_POINT ( 'NONE',  ( -0.7499999999999995559, 0.04999999999999999584, 1.725000000000000089 ) ) ;
#1269 = DIRECTION ( 'NONE',  ( 0.000000000000000000, -0.000000000000000000, -1.000000000000000000 ) ) ;
#1270 = LINE ( 'NONE', #5243, #2090 ) ;
#1271 =( GEOMETRIC_REPRESENTATION_CONTEXT ( 3 ) GLOBAL_UNCERTAINTY_ASSIGNED_CONTEXT ( ( #6359 ) ) GLOBAL_UNIT_ASSIGNED_CONTEXT ( ( #2707, #4141, #2744 ) ) REPRESENTATION_CONTEXT ( 'NONE', 'WORKASPACE' ) );
#1272 = CARTESIAN_POINT ( 'NONE',  ( -1.124999999999999778, 0.2000000000000000111, -2.000000000000000000 ) ) ;
#1273 = DIRECTION ( 'NONE',  ( -0.000000000000000000, -0.000000000000000000, 1.000000000000000000 ) ) ;
#1274 = EDGE_LOOP ( 'NONE', ( #6708, #2891, #5434, #8508 ) ) ;
#1275 = PLANE ( 'NONE',  #3619 ) ;
#1276 = CYLINDRICAL_SURFACE ( 'NONE', #7898, 0.1249999999999998890 ) ;
#1277 = VERTEX_POINT ( 'NONE', #4128 ) ;
#1278 = FACE_OUTER_BOUND ( 'NONE', #850, .T. ) ;
#1279 = CARTESIAN_POINT ( 'NONE',  ( -1.224999999999999645, 0.05000000000000000278, 0.000000000000000000 ) ) ;
#1280 = VERTEX_POINT ( 'NONE', #8095 ) ;
#1281 = CARTESIAN_POINT ( 'NONE',  ( 1.724999999999999867, 0.000000000000000000, 1.125000000000000000 ) ) ;
#1282 = EDGE_CURVE ( 'NONE', #7216, #2475, #2813, .T. ) ;
#1283 = ORIENTED_EDGE ( 'NONE', *, *, #840, .F. ) ;
#1284 = CARTESIAN_POINT ( 'NONE',  ( 2.000000000000000444, 0.05000000000000000278, -2.000000000000000000 ) ) ;
#1285 = ORIENTED_EDGE ( 'NONE', *, *, #5730, .T. ) ;
#1286 = EDGE_CURVE ( 'NONE', #7074, #6390, #4815, .T. ) ;
#1287 = DIRECTION ( 'NONE',  ( 0.000000000000000000, 0.000000000000000000, -1.000000000000000000 ) ) ;
#1288 = FACE_OUTER_BOUND ( 'NONE', #8297, .T. ) ;
#1289 = CARTESIAN_POINT ( 'NONE',  ( -1.374999999999999556, 0.05000000000000000278, 0.000000000000000000 ) ) ;
#1290 = ORIENTED_EDGE ( 'NONE', *, *, #1558, .T. ) ;
#1291 = CARTESIAN_POINT ( 'NONE',  ( 0.8750000000000003331, 0.2000000000000000111, -2.000000000000000000 ) ) ;
#1292 = CARTESIAN_POINT ( 'NONE',  ( 1.724999999999999867, 0.000000000000000000, -0.1249999999999996808 ) ) ;
#1293 = ORIENTED_EDGE ( 'NONE', *, *, #1670, .F. ) ;
#1294 = DIRECTION ( 'NONE',  ( -0.000000000000000000, -1.000000000000000000, 0.000000000000000000 ) ) ;
#1295 = ORIENTED_EDGE ( 'NONE', *, *, #6656, .T. ) ;
#1296 = EDGE_CURVE ( 'NONE', #3806, #7636, #6201, .T. ) ;
#1297 = VECTOR ( 'NONE', #8493, 1000.000000000000000 ) ;
#1298 = ORIENTED_EDGE ( 'NONE', *, *, #7396, .T. ) ;
#1299 = CARTESIAN_POINT ( 'NONE',  ( 1.724999999999999867, 0.000000000000000000, -0.3750000000000001110 ) ) ;
#1300 = VECTOR ( 'NONE', #3180, 1000.000000000000000 ) ;
#1301 = CARTESIAN_POINT ( 'NONE',  ( -1.999999999999999556, 0.6716990566028301357, 0.1250000000000001110 ) ) ;
#1302 = EDGE_CURVE ( 'NONE', #5603, #7286, #2246, .T. ) ;
#1303 = ORIENTED_EDGE ( 'NONE', *, *, #3238, .F. ) ;
#1304 = EDGE_CURVE ( 'NONE', #4784, #2927, #8138, .T. ) ;
#1305 = ORIENTED_EDGE ( 'NONE', *, *, #4713, .T. ) ;
#1306 = VECTOR ( 'NONE', #7607, 1000.000000000000000 ) ;
#1307 = DIRECTION ( 'NONE',  ( 0.000000000000000000, 0.000000000000000000, 1.000000000000000000 ) ) ;
#1308 = LINE ( 'NONE', #3817, #8311 ) ;
#1309 = CARTESIAN_POINT ( 'NONE',  ( -1.999999999999999556, 0.05000000000000000278, 2.000000000000000444 ) ) ;
#1310 = AXIS2_PLACEMENT_3D ( 'NONE', #3084, #8232, #8364 ) ;
#1311 = CARTESIAN_POINT ( 'NONE',  ( 1.999999999999999556, 0.1999999999999999833, 0.8750000000000005551 ) ) ;
#1312 = EDGE_CURVE ( 'NONE', #3121, #847, #6684, .T. ) ;
#1313 = CARTESIAN_POINT ( 'NONE',  ( 0.3750000000000003331, 0.1999999999999999833, 2.000000000000000000 ) ) ;
#1314 = CLOSED_SHELL ( 'NONE', ( #8234, #8560, #604, #6680, #1387, #5466 ) ) ;
#1315 = ORIENTED_EDGE ( 'NONE', *, *, #3206, .T. ) ;
#1316 = PLANE ( 'NONE',  #1051 ) ;
#1317 = LINE ( 'NONE', #5807, #263 ) ;
#1318 = CARTESIAN_POINT ( 'NONE',  ( 0.8750000000000003331, 0.000000000000000000, 2.000000000000000000 ) ) ;
#1319 = AXIS2_PLACEMENT_3D ( 'NONE', #7922, #6454, #1929 ) ;
#1320 = VERTEX_POINT ( 'NONE', #2158 ) ;
#1321 = CARTESIAN_POINT ( 'NONE',  ( 1.724999999999999867, 0.6716990566028301357, -0.8749999999999998890 ) ) ;
#1322 = AXIS2_PLACEMENT_3D ( 'NONE', #5902, #4008, #8498 ) ;
#1323 = LINE ( 'NONE', #4645, #5335 ) ;
#1324 = EDGE_LOOP ( 'NONE', ( #3670, #6645, #4121, #3886 ) ) ;
#1325 = DIRECTION ( 'NONE',  ( 0.000000000000000000, -1.000000000000000000, 0.000000000000000000 ) ) ;
#1326 = ORIENTED_EDGE ( 'NONE', *, *, #2444, .F. ) ;
#1327 = DIRECTION ( 'NONE',  ( 0.000000000000000000, 0.000000000000000000, -1.000000000000000000 ) ) ;
#1328 =( GEOMETRIC_REPRESENTATION_CONTEXT ( 3 ) GLOBAL_UNCERTAINTY_ASSIGNED_CONTEXT ( ( #6267 ) ) GLOBAL_UNIT_ASSIGNED_CONTEXT ( ( #2293, #502, #1725 ) ) REPRESENTATION_CONTEXT ( 'NONE', 'WORKASPACE' ) );
#1329 = VERTEX_POINT ( 'NONE', #2895 ) ;
#1330 = FACE_OUTER_BOUND ( 'NONE', #2594, .T. ) ;
#1331 = DIRECTION ( 'NONE',  ( 1.000000000000000000, 0.000000000000000000, 7.885106708985496922E-16 ) ) ;
#1332 = LINE ( 'NONE', #20, #824 ) ;
#1333 = ORIENTED_EDGE ( 'NONE', *, *, #8255, .T. ) ;
#1334 = DIRECTION ( 'NONE',  ( 0.000000000000000000, -1.000000000000000000, 0.000000000000000000 ) ) ;
#1335 = CIRCLE ( 'NONE', #4966, 0.1250000000000001110 ) ;
#1336 = AXIS2_PLACEMENT_3D ( 'NONE', #226, #882, #2892 ) ;
#1337 = CARTESIAN_POINT ( 'NONE',  ( -0.1249999999999996808, 0.2000000000000000111, -2.000000000000000000 ) ) ;
#1338 = ORIENTED_EDGE ( 'NONE', *, *, #1445, .T. ) ;
#1339 = DIRECTION ( 'NONE',  ( 0.000000000000000000, 0.000000000000000000, 1.000000000000000000 ) ) ;
#1340 = ORIENTED_EDGE ( 'NONE', *, *, #8255, .F. ) ;
#1341 = ORIENTED_EDGE ( 'NONE', *, *, #7267, .T. ) ;
#1342 = SURFACE_STYLE_FILL_AREA ( #2575 ) ;
#1343 = CARTESIAN_POINT ( 'NONE',  ( -0.6249999999999996669, 0.1999999999999999833, 2.000000000000000000 ) ) ;
#1344 = EDGE_CURVE ( 'NONE', #380, #6223, #1495, .T. ) ;
#1345 = CARTESIAN_POINT ( 'NONE',  ( -1.999999999999999556, 0.1999999999999996503, 0.8750000000000005551 ) ) ;
#1346 = ORIENTED_EDGE ( 'NONE', *, *, #7738, .F. ) ;
#1347 = ORIENTED_EDGE ( 'NONE', *, *, #1184, .T. ) ;
#1348 = LINE ( 'NONE', #7442, #2922 ) ;
#1349 = LINE ( 'NONE', #4972, #2507 ) ;
#1350 = ADVANCED_FACE ( 'NONE', ( #7419 ), #1588, .F. ) ;
#1351 = PLANE ( 'NONE',  #983 ) ;
#1352 = PLANE ( 'NONE',  #6604 ) ;
#1353 = CARTESIAN_POINT ( 'NONE',  ( 0.3750000000000003331, 0.000000000000000000, -1.725000000000000311 ) ) ;
#1354 = ORIENTED_EDGE ( 'NONE', *, *, #2486, .T. ) ;
#1355 = DIRECTION ( 'NONE',  ( 0.000000000000000000, -0.000000000000000000, 1.000000000000000000 ) ) ;
#1356 = LINE ( 'NONE', #4719, #7487 ) ;
#1357 = ORIENTED_EDGE ( 'NONE', *, *, #8047, .T. ) ;
#1358 = EDGE_CURVE ( 'NONE', #325, #3332, #839, .T. ) ;
#1359 = LINE ( 'NONE', #6839, #8471 ) ;
#1360 = AXIS2_PLACEMENT_3D ( 'NONE', #4112, #7403, #5453 ) ;
#1361 = DIRECTION ( 'NONE',  ( 1.000000000000000000, 0.000000000000000000, -7.885106708985496922E-16 ) ) ;
#1362 = ORIENTED_EDGE ( 'NONE', *, *, #3193, .T. ) ;
#1363 = DIRECTION ( 'NONE',  ( 1.000000000000000000, -0.000000000000000000, 7.885106708985496922E-16 ) ) ;
#1364 = ORIENTED_EDGE ( 'NONE', *, *, #6339, .F. ) ;
#1365 = DIRECTION ( 'NONE',  ( -0.000000000000000000, -1.000000000000000000, -0.000000000000000000 ) ) ;
#1366 = EDGE_LOOP ( 'NONE', ( #4367, #3747, #7580, #6205 ) ) ;
#1367 = PRESENTATION_LAYER_ASSIGNMENT (  '', '', ( #5972 ) ) ;
#1368 = AXIS2_PLACEMENT_3D ( 'NONE', #8329, #5049, #5647 ) ;
#1369 = CARTESIAN_POINT ( 'NONE',  ( -0.2499999999999995837, 0.1999999999999999833, 1.725000000000000089 ) ) ;
#1370 = CARTESIAN_POINT ( 'NONE',  ( 1.999999999999999556, 0.6716990566028301357, 1.375000000000000666 ) ) ;
#1371 = CARTESIAN_POINT ( 'NONE',  ( -1.999999999999999556, 0.000000000000000000, 1.125000000000000222 ) ) ;
#1372 = ORIENTED_EDGE ( 'NONE', *, *, #6821, .F. ) ;
#1373 = LINE ( 'NONE', #5355, #4868 ) ;
#1374 = VECTOR ( 'NONE', #4390, 1000.000000000000000 ) ;
#1375 = PLANE ( 'NONE',  #2558 ) ;
#1376 = ORIENTED_EDGE ( 'NONE', *, *, #7123, .F. ) ;
#1377 = CARTESIAN_POINT ( 'NONE',  ( -0.3749999999999994449, 0.1999999999999999833, 1.725000000000000311 ) ) ;
#1378 = ORIENTED_EDGE ( 'NONE', *, *, #6663, .F. ) ;
#1379 = ADVANCED_FACE ( 'NONE', ( #7381 ), #6070, .F. ) ;
#1380 = AXIS2_PLACEMENT_3D ( 'NONE', #5027, #2408, #4939 ) ;
#1381 = ORIENTED_EDGE ( 'NONE', *, *, #5138, .F. ) ;
#1382 = VECTOR ( 'NONE', #1840, 1000.000000000000000 ) ;
#1383 =( NAMED_UNIT ( * ) PLANE_ANGLE_UNIT ( ) SI_UNIT ( $, .RADIAN. ) );
#1384 = VECTOR ( 'NONE', #5596, 1000.000000000000000 ) ;
#1385 = LINE ( 'NONE', #1301, #4778 ) ;
#1386 = ORIENTED_EDGE ( 'NONE', *, *, #5396, .T. ) ;
#1387 = ADVANCED_FACE ( 'NONE', ( #7635 ), #5723, .F. ) ;
#1388 = VERTEX_POINT ( 'NONE', #3652 ) ;
#1389 = ADVANCED_FACE ( 'NONE', ( #2418 ), #4299, .F. ) ;
#1390 = CIRCLE ( 'NONE', #6257, 0.1249999999999998890 ) ;
#1391 = CARTESIAN_POINT ( 'NONE',  ( 1.724999999999999867, 0.1999999999999999833, 1.125000000000000000 ) ) ;
#1392 = VERTEX_POINT ( 'NONE', #1674 ) ;
#1393 = CARTESIAN_POINT ( 'NONE',  ( 1.999999999999999556, 0.6716990566028301357, -0.1249999999999994588 ) ) ;
#1394 =( NAMED_UNIT ( * ) PLANE_ANGLE_UNIT ( ) SI_UNIT ( $, .RADIAN. ) );
#1395 = UNCERTAINTY_MEASURE_WITH_UNIT (LENGTH_MEASURE( 1.000000000000000082E-05 ), #7531, 'distance_accuracy_value', 'NONE');
#1396 = VECTOR ( 'NONE', #735, 1000.000000000000000 ) ;
#1397 = LINE ( 'NONE', #3323, #902 ) ;
#1398 = EDGE_CURVE ( 'NONE', #3240, #3095, #1064, .T. ) ;
#1399 = DIRECTION ( 'NONE',  ( -0.000000000000000000, -1.000000000000000000, -0.000000000000000000 ) ) ;
#1400 = ORIENTED_EDGE ( 'NONE', *, *, #4573, .T. ) ;
#1401 = ADVANCED_FACE ( 'NONE', ( #5080 ), #8359, .T. ) ;
#1402 = PLANE ( 'NONE',  #2648 ) ;
#1403 = CARTESIAN_POINT ( 'NONE',  ( 0.2500000000000004441, 0.2000000000000000111, -1.725000000000000089 ) ) ;
#1404 = AXIS2_PLACEMENT_3D ( 'NONE', #1029, #6862, #903 ) ;
#1405 = CYLINDRICAL_SURFACE ( 'NONE', #6112, 0.1249999999999998890 ) ;
#1406 = FACE_OUTER_BOUND ( 'NONE', #6254, .T. ) ;
#1407 = DIRECTION ( 'NONE',  ( 0.000000000000000000, 0.000000000000000000, 1.000000000000000000 ) ) ;
#1408 = ORIENTED_EDGE ( 'NONE', *, *, #1621, .T. ) ;
#1409 = DIRECTION ( 'NONE',  ( 1.000000000000000000, 0.000000000000000000, 0.000000000000000000 ) ) ;
#1410 = VECTOR ( 'NONE', #2392, 1000.000000000000000 ) ;
#1411 = EDGE_CURVE ( 'NONE', #3562, #6818, #6285, .T. ) ;
#1412 = ORIENTED_EDGE ( 'NONE', *, *, #4234, .F. ) ;
#1413 = EDGE_CURVE ( 'NONE', #2450, #4285, #4433, .T. ) ;
#1414 = DIRECTION ( 'NONE',  ( -1.000000000000000000, 0.000000000000000000, 7.885106708985496922E-16 ) ) ;
#1415 = LINE ( 'NONE', #7380, #4720 ) ;
#1416 = CARTESIAN_POINT ( 'NONE',  ( -0.6249999999999996669, 0.1999999999999999833, -1.725000000000000311 ) ) ;
#1417 = VERTEX_POINT ( 'NONE', #2284 ) ;
#1418 = LINE ( 'NONE', #4089, #4596 ) ;
#1419 = EDGE_CURVE ( 'NONE', #4915, #6001, #7069, .T. ) ;
#1420 = DIRECTION ( 'NONE',  ( -1.000000000000000000, 0.000000000000000000, -0.000000000000000000 ) ) ;
#1421 = VERTEX_POINT ( 'NONE', #448 ) ;
#1422 = PLANE ( 'NONE',  #8518 ) ;
#1423 = ORIENTED_EDGE ( 'NONE', *, *, #6279, .T. ) ;
#1424 = EDGE_CURVE ( 'NONE', #3393, #2646, #3690, .T. ) ;
#1425 = ORIENTED_EDGE ( 'NONE', *, *, #7324, .F. ) ;
#1426 = PLANE ( 'NONE',  #5095 ) ;
#1427 = SURFACE_STYLE_USAGE ( .BOTH. , #4741 ) ;
#1428 = DIRECTION ( 'NONE',  ( 7.885106708985496922E-16, -0.000000000000000000, 1.000000000000000000 ) ) ;
#1429 = ORIENTED_EDGE ( 'NONE', *, *, #130, .T. ) ;
#1430 = VECTOR ( 'NONE', #7762, 1000.000000000000000 ) ;
#1431 = ORIENTED_EDGE ( 'NONE', *, *, #2423, .T. ) ;
#1432 = ORIENTED_EDGE ( 'NONE', *, *, #4941, .F. ) ;
#1433 = VECTOR ( 'NONE', #3268, 1000.000000000000000 ) ;
#1434 = SURFACE_STYLE_USAGE ( .BOTH. , #4108 ) ;
#1435 = EDGE_CURVE ( 'NONE', #1671, #4811, #5635, .T. ) ;
#1436 = CARTESIAN_POINT ( 'NONE',  ( 0.1250000000000005551, 0.000000000000000000, -1.725000000000000311 ) ) ;
#1437 = VECTOR ( 'NONE', #6769, 1000.000000000000000 ) ;
#1438 = VERTEX_POINT ( 'NONE', #4261 ) ;
#1439 = LINE ( 'NONE', #4115, #1517 ) ;
#1440 = LINE ( 'NONE', #7970, #2350 ) ;
#1441 = EDGE_CURVE ( 'NONE', #7360, #1011, #5678, .T. ) ;
#1442 = CYLINDRICAL_SURFACE ( 'NONE', #1117, 0.1000000000000000472 ) ;
#1443 = AXIS2_PLACEMENT_3D ( 'NONE', #7334, #746, #2847 ) ;
#1444 = CARTESIAN_POINT ( 'NONE',  ( 1.375000000000000444, 0.2000000000000000111, -1.725000000000000311 ) ) ;
#1445 = EDGE_CURVE ( 'NONE', #2195, #7747, #3741, .T. ) ;
#1446 = PLANE ( 'NONE',  #47 ) ;
#1447 = ORIENTED_EDGE ( 'NONE', *, *, #4500, .F. ) ;
#1448 = DIRECTION ( 'NONE',  ( 0.000000000000000000, 0.000000000000000000, 1.000000000000000000 ) ) ;
#1449 = ORIENTED_EDGE ( 'NONE', *, *, #5768, .F. ) ;
#1450 = CIRCLE ( 'NONE', #8250, 0.1249999999999998890 ) ;
#1451 = DIRECTION ( 'NONE',  ( 1.000000000000000000, 0.000000000000000000, 7.885106708985496922E-16 ) ) ;
#1452 = CARTESIAN_POINT ( 'NONE',  ( -1.124999999999999778, 0.2000000000000000944, 1.224999999999999423 ) ) ;
#1453 = FACE_OUTER_BOUND ( 'NONE', #2455, .T. ) ;
#1454 = AXIS2_PLACEMENT_3D ( 'NONE', #1516, #3579, #6260 ) ;
#1455 = ORIENTED_EDGE ( 'NONE', *, *, #785, .T. ) ;
#1456 = CARTESIAN_POINT ( 'NONE',  ( -0.6249999999999996669, 0.2000000000000000111, 2.000000000000000000 ) ) ;
#1457 = ADVANCED_FACE ( 'NONE', ( #364 ), #8404, .F. ) ;
#1458 = DIRECTION ( 'NONE',  ( 0.000000000000000000, 0.000000000000000000, 1.000000000000000000 ) ) ;
#1459 = COLOUR_RGB ( '',0.7921568627450980005, 0.8196078431372548767, 0.9333333333333333481 ) ;
#1460 = ORIENTED_EDGE ( 'NONE', *, *, #2583, .F. ) ;
#1461 = DIRECTION ( 'NONE',  ( 0.000000000000000000, 0.000000000000000000, 1.000000000000000000 ) ) ;
#1462 = ORIENTED_EDGE ( 'NONE', *, *, #3558, .T. ) ;
#1463 = PRESENTATION_STYLE_ASSIGNMENT (( #3478 ) ) ;
#1464 = COLOUR_RGB ( '',0.7921568627450980005, 0.8196078431372548767, 0.9333333333333333481 ) ;
#1465 = ORIENTED_EDGE ( 'NONE', *, *, #4077, .F. ) ;
#1466 = LINE ( 'NONE', #4916, #6615 ) ;
#1467 = CIRCLE ( 'NONE', #7860, 0.1250000000000002220 ) ;
#1468 = VECTOR ( 'NONE', #5188, 1000.000000000000000 ) ;
#1469 = EDGE_CURVE ( 'NONE', #644, #3672, #2379, .T. ) ;
#1470 = DIRECTION ( 'NONE',  ( 0.000000000000000000, -0.000000000000000000, -1.000000000000000000 ) ) ;
#1471 = VERTEX_POINT ( 'NONE', #2468 ) ;
#1472 = DIRECTION ( 'NONE',  ( 1.000000000000000000, -0.000000000000000000, 7.885106708985496922E-16 ) ) ;
#1473 = VERTEX_POINT ( 'NONE', #6419 ) ;
#1474 = ADVANCED_FACE ( 'NONE', ( #5037 ), #6371, .T. ) ;
#1475 = PLANE ( 'NONE',  #1194 ) ;
#1476 = DIRECTION ( 'NONE',  ( -1.000000000000000000, 0.000000000000000000, -7.885106708985496922E-16 ) ) ;
#1477 = VERTEX_POINT ( 'NONE', #3079 ) ;
#1478 = LINE ( 'NONE', #3319, #3195 ) ;
#1479 =( NAMED_UNIT ( * ) SI_UNIT ( $, .STERADIAN. ) SOLID_ANGLE_UNIT ( ) );
#1480 = PRODUCT_DEFINITION_CONTEXT ( 'detailed design', #3184, 'design' ) ;
#1481 = DIRECTION ( 'NONE',  ( 0.000000000000000000, 0.000000000000000000, -1.000000000000000000 ) ) ;
#1482 = ORIENTED_EDGE ( 'NONE', *, *, #2851, .T. ) ;
#1483 = CARTESIAN_POINT ( 'NONE',  ( -1.224999999999999645, 0.05000000000000000278, 1.124999999999999334 ) ) ;
#1484 = DIRECTION ( 'NONE',  ( 0.000000000000000000, -1.000000000000000000, 0.000000000000000000 ) ) ;
#1485 = LINE ( 'NONE', #6189, #973 ) ;
#1486 = DIRECTION ( 'NONE',  ( -1.000000000000000000, 0.000000000000000000, -0.000000000000000000 ) ) ;
#1487 = PLANE ( 'NONE',  #7012 ) ;
#1488 = ORIENTED_EDGE ( 'NONE', *, *, #4941, .T. ) ;
#1489 = PLANE ( 'NONE',  #5641 ) ;
#1490 = EDGE_CURVE ( 'NONE', #3042, #8430, #6377, .T. ) ;
#1491 = ORIENTED_EDGE ( 'NONE', *, *, #6565, .F. ) ;
#1492 = LINE ( 'NONE', #142, #4481 ) ;
#1493 = CARTESIAN_POINT ( 'NONE',  ( -1.999999999999999556, 0.1999999999999999833, 0.3750000000000005551 ) ) ;
#1494 = EDGE_CURVE ( 'NONE', #8479, #339, #3998, .T. ) ;
#1495 = LINE ( 'NONE', #4170, #7916 ) ;
#1496 = VECTOR ( 'NONE', #8440, 1000.000000000000000 ) ;
#1497 = ORIENTED_EDGE ( 'NONE', *, *, #572, .T. ) ;
#1498 = DIRECTION ( 'NONE',  ( -0.000000000000000000, -1.000000000000000000, -0.000000000000000000 ) ) ;
#1499 = CARTESIAN_POINT ( 'NONE',  ( -1.724999999999999867, 0.6716990566028301357, 1.125000000000000222 ) ) ;
#1500 = VERTEX_POINT ( 'NONE', #3950 ) ;
#1501 = CARTESIAN_POINT ( 'NONE',  ( -1.999999999999999556, 0.1999999999999999833, -0.6249999999999994449 ) ) ;
#1502 = ORIENTED_EDGE ( 'NONE', *, *, #4738, .F. ) ;
#1503 = DIRECTION ( 'NONE',  ( 0.000000000000000000, -1.000000000000000000, 0.000000000000000000 ) ) ;
#1504 = VECTOR ( 'NONE', #3938, 1000.000000000000000 ) ;
#1505 = EDGE_CURVE ( 'NONE', #593, #520, #1807, .T. ) ;
#1506 = ORIENTED_EDGE ( 'NONE', *, *, #1554, .F. ) ;
#1507 = EDGE_CURVE ( 'NONE', #1169, #6999, #3910, .T. ) ;
#1508 = EDGE_CURVE ( 'NONE', #1417, #981, #2637, .T. ) ;
#1509 = VERTEX_POINT ( 'NONE', #5975 ) ;
#1510 = CARTESIAN_POINT ( 'NONE',  ( -1.999999999999999556, 0.000000000000000000, -1.124999999999999556 ) ) ;
#1511 =( GEOMETRIC_REPRESENTATION_CONTEXT ( 3 ) GLOBAL_UNCERTAINTY_ASSIGNED_CONTEXT ( ( #3409 ) ) GLOBAL_UNIT_ASSIGNED_CONTEXT ( ( #7462, #6891, #2197 ) ) REPRESENTATION_CONTEXT ( 'NONE', 'WORKASPACE' ) );
#1512 = FILL_AREA_STYLE_COLOUR ( '', #6126 ) ;
#1513 = DIRECTION ( 'NONE',  ( 0.000000000000000000, 0.000000000000000000, -1.000000000000000000 ) ) ;
#1514 = ORIENTED_EDGE ( 'NONE', *, *, #2504, .F. ) ;
#1515 = VECTOR ( 'NONE', #3942, 1000.000000000000000 ) ;
#1516 = CARTESIAN_POINT ( 'NONE',  ( -1.249999999999999556, 0.000000000000000000, 1.725000000000000089 ) ) ;
#1517 = VECTOR ( 'NONE', #6710, 1000.000000000000000 ) ;
#1518 = EDGE_CURVE ( 'NONE', #4724, #311, #5933, .T. ) ;
#1519 = ORIENTED_EDGE ( 'NONE', *, *, #5821, .F. ) ;
#1520 = EDGE_CURVE ( 'NONE', #5111, #1438, #6237, .T. ) ;
#1521 = LINE ( 'NONE', #6049, #3634 ) ;
#1522 = ORIENTED_EDGE ( 'NONE', *, *, #2562, .T. ) ;
#1523 = DIRECTION ( 'NONE',  ( -7.885106708985496922E-16, 0.000000000000000000, -1.000000000000000000 ) ) ;
#1524 = AXIS2_PLACEMENT_3D ( 'NONE', #3791, #1108, #7595 ) ;
#1525 = PLANE ( 'NONE',  #4613 ) ;
#1526 = EDGE_CURVE ( 'NONE', #14, #161, #4642, .T. ) ;
#1527 = VERTEX_POINT ( 'NONE', #7883 ) ;
#1528 =( LENGTH_UNIT ( ) NAMED_UNIT ( * ) SI_UNIT ( .MILLI., .METRE. ) );
#1529 = LINE ( 'NONE', #6835, #110 ) ;
#1530 = VECTOR ( 'NONE', #5468, 1000.000000000000000 ) ;
#1531 = VECTOR ( 'NONE', #5459, 1000.000000000000000 ) ;
#1532 = ORIENTED_EDGE ( 'NONE', *, *, #5793, .T. ) ;
#1533 = CARTESIAN_POINT ( 'NONE',  ( -1.724999999999999867, 0.6716990566028301357, -0.8750000000000001110 ) ) ;
#1534 = DIRECTION ( 'NONE',  ( -1.000000000000000000, 0.000000000000000000, -0.000000000000000000 ) ) ;
#1535 = PLANE ( 'NONE',  #1257 ) ;
#1536 = VECTOR ( 'NONE', #4331, 1000.000000000000000 ) ;
#1537 = CARTESIAN_POINT ( 'NONE',  ( 1.225000000000000755, 0.2000000000000000944, -1.125000000000000444 ) ) ;
#1538 = CARTESIAN_POINT ( 'NONE',  ( 1.125000000000000666, 0.000000000000000000, -1.725000000000000311 ) ) ;
#1539 = VERTEX_POINT ( 'NONE', #619 ) ;
#1540 = CARTESIAN_POINT ( 'NONE',  ( 0.6250000000000005551, 0.6716990566028298026, -1.725000000000000311 ) ) ;
#1541 = ORIENTED_EDGE ( 'NONE', *, *, #1927, .F. ) ;
#1542 = VECTOR ( 'NONE', #6763, 1000.000000000000000 ) ;
#1543 = CARTESIAN_POINT ( 'NONE',  ( 0.8750000000000003331, 0.2000000000000000111, -1.725000000000000311 ) ) ;
#1544 = CARTESIAN_POINT ( 'NONE',  ( 1.225000000000000755, 0.05000000000000000278, -1.125000000000000444 ) ) ;
#1545 = CARTESIAN_POINT ( 'NONE',  ( 6.899468370362301302E-16, 0.05000000000000000278, 0.8749999999999988898 ) ) ;
#1546 = ORIENTED_EDGE ( 'NONE', *, *, #3193, .F. ) ;
#1547 = LINE ( 'NONE', #1590, #5155 ) ;
#1548 = EDGE_CURVE ( 'NONE', #7960, #2996, #7245, .T. ) ;
#1549 = CARTESIAN_POINT ( 'NONE',  ( -1.249999999999999556, 0.2000000000000000111, -1.725000000000000089 ) ) ;
#1550 = VERTEX_POINT ( 'NONE', #2553 ) ;
#1551 = VECTOR ( 'NONE', #7127, 1000.000000000000000 ) ;
#1552 = DIRECTION ( 'NONE',  ( -0.000000000000000000, -0.000000000000000000, -1.000000000000000000 ) ) ;
#1553 = ORIENTED_EDGE ( 'NONE', *, *, #5314, .T. ) ;
#1554 = EDGE_CURVE ( 'NONE', #4458, #1392, #3243, .T. ) ;
#1555 = EDGE_LOOP ( 'NONE', ( #5963, #3445, #4037, #1944 ) ) ;
#1556 = ORIENTED_EDGE ( 'NONE', *, *, #7177, .T. ) ;
#1557 = CARTESIAN_POINT ( 'NONE',  ( -0.7499999999999995559, 0.2000000000000000111, -1.725000000000000089 ) ) ;
#1558 = EDGE_CURVE ( 'NONE', #5727, #7183, #6461, .T. ) ;
#1559 = DIRECTION ( 'NONE',  ( 1.000000000000000000, -0.000000000000000000, 7.885106708985496922E-16 ) ) ;
#1560 = LINE ( 'NONE', #2824, #7550 ) ;
#1561 = VERTEX_POINT ( 'NONE', #7927 ) ;
#1562 = EDGE_CURVE ( 'NONE', #8574, #5971, #2599, .T. ) ;
#1563 = CARTESIAN_POINT ( 'NONE',  ( -0.8749999999999994449, 0.04999999999999969746, -2.000000000000000000 ) ) ;
#1564 = ORIENTED_EDGE ( 'NONE', *, *, #1518, .T. ) ;
#1565 = ORIENTED_EDGE ( 'NONE', *, *, #1788, .T. ) ;
#1566 = DIRECTION ( 'NONE',  ( 0.000000000000000000, -1.000000000000000000, 0.000000000000000000 ) ) ;
#1567 = LINE ( 'NONE', #8342, #1965 ) ;
#1568 = ADVANCED_FACE ( 'NONE', ( #7802 ), #7155, .F. ) ;
#1569 = VECTOR ( 'NONE', #2603, 1000.000000000000000 ) ;
#1570 = ADVANCED_FACE ( 'NONE', ( #4557 ), #5251, .F. ) ;
#1571 = VERTEX_POINT ( 'NONE', #1232 ) ;
#1572 = DIRECTION ( 'NONE',  ( 0.000000000000000000, 0.000000000000000000, 1.000000000000000000 ) ) ;
#1573 = ORIENTED_EDGE ( 'NONE', *, *, #2224, .T. ) ;
#1574 = AXIS2_PLACEMENT_3D ( 'NONE', #7538, #7053, #1579 ) ;
#1575 = DIRECTION ( 'NONE',  ( 0.000000000000000000, -1.000000000000000000, 0.000000000000000000 ) ) ;
#1576 = CYLINDRICAL_SURFACE ( 'NONE', #4315, 0.1250000000000002220 ) ;
#1577 = DIRECTION ( 'NONE',  ( 1.000000000000000000, 0.000000000000000000, 7.885106708985496922E-16 ) ) ;
#1578 = ADVANCED_FACE ( 'NONE', ( #3330 ), #1935, .T. ) ;
#1579 = DIRECTION ( 'NONE',  ( 0.000000000000000000, 0.000000000000000000, 1.000000000000000000 ) ) ;
#1580 = AXIS2_PLACEMENT_3D ( 'NONE', #8102, #761, #894 ) ;
#1581 = LINE ( 'NONE', #1710, #4795 ) ;
#1582 = ORIENTED_EDGE ( 'NONE', *, *, #3689, .F. ) ;
#1583 = DIRECTION ( 'NONE',  ( 1.000000000000000000, -0.000000000000000000, 0.000000000000000000 ) ) ;
#1584 = ORIENTED_EDGE ( 'NONE', *, *, #2327, .F. ) ;
#1585 =( NAMED_UNIT ( * ) SI_UNIT ( $, .STERADIAN. ) SOLID_ANGLE_UNIT ( ) );
#1586 = EDGE_CURVE ( 'NONE', #6700, #2543, #6501, .T. ) ;
#1587 = CARTESIAN_POINT ( 'NONE',  ( -0.2499999999999995837, 0.1999999999999999833, 1.725000000000000089 ) ) ;
#1588 = CYLINDRICAL_SURFACE ( 'NONE', #48, 0.1249999999999998890 ) ;
#1589 = ORIENTED_EDGE ( 'NONE', *, *, #6525, .F. ) ;
#1590 = CARTESIAN_POINT ( 'NONE',  ( 1.225000000000000755, 3.664823227814084650, -1.125000000000000444 ) ) ;
#1591 = DIRECTION ( 'NONE',  ( 0.000000000000000000, -0.000000000000000000, 1.000000000000000000 ) ) ;
#1592 = VERTEX_POINT ( 'NONE', #3199 ) ;
#1593 = LINE ( 'NONE', #1501, #2572 ) ;
#1594 = ORIENTED_EDGE ( 'NONE', *, *, #42, .F. ) ;
#1595 = SURFACE_STYLE_FILL_AREA ( #7555 ) ;
#1596 = VECTOR ( 'NONE', #7837, 1000.000000000000000 ) ;
#1597 = CLOSED_SHELL ( 'NONE', ( #1578, #7055, #2066, #6403, #6848, #3780, #4852 ) ) ;
#1598 = ORIENTED_EDGE ( 'NONE', *, *, #3003, .F. ) ;
#1599 = ORIENTED_EDGE ( 'NONE', *, *, #6320, .F. ) ;
#1600 = LINE ( 'NONE', #286, #8001 ) ;
#1601 = VECTOR ( 'NONE', #1099, 1000.000000000000000 ) ;
#1602 = CARTESIAN_POINT ( 'NONE',  ( 1.375000000000000444, 0.000000000000000000, 1.725000000000000311 ) ) ;
#1603 = DIRECTION ( 'NONE',  ( -0.000000000000000000, -1.000000000000000000, -0.000000000000000000 ) ) ;
#1604 = CIRCLE ( 'NONE', #3847, 0.1249999999999998890 ) ;
#1605 = CARTESIAN_POINT ( 'NONE',  ( -8.870745047608672821E-16, 0.05000000000000000278, 1.124999999999998668 ) ) ;
#1606 = EDGE_LOOP ( 'NONE', ( #1812, #3080, #5532, #52 ) ) ;
#1607 = CARTESIAN_POINT ( 'NONE',  ( 0.3750000000000003331, 0.05000000000000000278, 0.000000000000000000 ) ) ;
#1608 = COLOUR_RGB ( '',0.7921568627450980005, 0.8196078431372548767, 0.9333333333333333481 ) ;
#1609 = ADVANCED_FACE ( 'NONE', ( #5338 ), #1276, .T. ) ;
#1610 = VERTEX_POINT ( 'NONE', #6755 ) ;
#1611 = PRESENTATION_STYLE_ASSIGNMENT (( #4884 ) ) ;
#1612 = AXIS2_PLACEMENT_3D ( 'NONE', #3825, #6459, #8529 ) ;
#1613 = ADVANCED_FACE ( 'NONE', ( #704 ), #4802, .F. ) ;
#1614 = ORIENTED_EDGE ( 'NONE', *, *, #8006, .F. ) ;
#1615 = PLANE ( 'NONE',  #260 ) ;
#1616 = FILL_AREA_STYLE ('',( #5744 ) ) ;
#1617 = EDGE_LOOP ( 'NONE', ( #3161, #2614, #2497, #7984 ) ) ;
#1618 = FACE_OUTER_BOUND ( 'NONE', #2118, .T. ) ;
#1619 = LINE ( 'NONE', #5583, #6233 ) ;
#1620 = EDGE_LOOP ( 'NONE', ( #3725, #6595, #4183, #2170 ) ) ;
#1621 = EDGE_CURVE ( 'NONE', #438, #3448, #2023, .T. ) ;
#1622 = CARTESIAN_POINT ( 'NONE',  ( 0.3750000000000003331, 0.000000000000000000, 2.000000000000000000 ) ) ;
#1623 = DIRECTION ( 'NONE',  ( -0.000000000000000000, -1.000000000000000000, -0.000000000000000000 ) ) ;
#1624 = FACE_OUTER_BOUND ( 'NONE', #5451, .T. ) ;
#1625 = CARTESIAN_POINT ( 'NONE',  ( -1.724999999999999867, 0.1999999999999999833, -0.1249999999999996808 ) ) ;
#1626 = LINE ( 'NONE', #401, #8576 ) ;
#1627 = ORIENTED_EDGE ( 'NONE', *, *, #3655, .F. ) ;
#1628 =( NAMED_UNIT ( * ) PLANE_ANGLE_UNIT ( ) SI_UNIT ( $, .RADIAN. ) );
#1629 = EDGE_CURVE ( 'NONE', #6294, #1473, #7407, .T. ) ;
#1630 = FACE_OUTER_BOUND ( 'NONE', #2642, .T. ) ;
#1631 = DIRECTION ( 'NONE',  ( 0.000000000000000000, 0.000000000000000000, 1.000000000000000000 ) ) ;
#1632 = ORIENTED_EDGE ( 'NONE', *, *, #5756, .T. ) ;
#1633 = DIRECTION ( 'NONE',  ( 0.000000000000000000, 0.000000000000000000, 1.000000000000000000 ) ) ;
#1634 = DIRECTION ( 'NONE',  ( 1.000000000000000000, -0.000000000000000000, 0.000000000000000000 ) ) ;
#1635 = ORIENTED_EDGE ( 'NONE', *, *, #7106, .T. ) ;
#1636 = DIRECTION ( 'NONE',  ( 0.000000000000000000, 0.000000000000000000, -1.000000000000000000 ) ) ;
#1637 = EDGE_LOOP ( 'NONE', ( #2777, #2044, #7798, #4081 ) ) ;
#1638 = ORIENTED_EDGE ( 'NONE', *, *, #7484, .F. ) ;
#1639 = CARTESIAN_POINT ( 'NONE',  ( 1.999999999999999556, 0.1999999999999999833, 0.3750000000000005551 ) ) ;
#1640 = ORIENTED_EDGE ( 'NONE', *, *, #1162, .F. ) ;
#1641 = DIRECTION ( 'NONE',  ( 0.000000000000000000, 1.000000000000000000, 0.000000000000000000 ) ) ;
#1642 = LINE ( 'NONE', #7521, #6820 ) ;
#1643 = DIRECTION ( 'NONE',  ( -0.000000000000000000, -1.000000000000000000, -0.000000000000000000 ) ) ;
#1644 = CARTESIAN_POINT ( 'NONE',  ( -1.999999999999999556, 0.6716990566028301357, -0.6249999999999994449 ) ) ;
#1645 = EDGE_CURVE ( 'NONE', #657, #1471, #2757, .T. ) ;
#1646 = ORIENTED_EDGE ( 'NONE', *, *, #4628, .T. ) ;
#1647 = DIRECTION ( 'NONE',  ( -0.000000000000000000, -1.000000000000000000, -0.000000000000000000 ) ) ;
#1648 = VECTOR ( 'NONE', #2929, 1000.000000000000000 ) ;
#1649 = ORIENTED_EDGE ( 'NONE', *, *, #1141, .T. ) ;
#1650 = VECTOR ( 'NONE', #7618, 1000.000000000000000 ) ;
#1651 = ORIENTED_EDGE ( 'NONE', *, *, #6824, .T. ) ;
#1652 = DIRECTION ( 'NONE',  ( 1.000000000000000000, 0.000000000000000000, 5.310377987684102867E-16 ) ) ;
#1653 = SURFACE_SIDE_STYLE ('',( #4372 ) ) ;
#1654 = VECTOR ( 'NONE', #7400, 1000.000000000000000 ) ;
#1655 = ADVANCED_FACE ( 'NONE', ( #740 ), #7451, .F. ) ;
#1656 = ORIENTED_EDGE ( 'NONE', *, *, #8047, .F. ) ;
#1657 = CIRCLE ( 'NONE', #5278, 0.1249999999999998890 ) ;
#1658 = DIRECTION ( 'NONE',  ( -0.000000000000000000, -1.000000000000000000, -0.000000000000000000 ) ) ;
#1659 = DIRECTION ( 'NONE',  ( 0.000000000000000000, 1.000000000000000000, 0.000000000000000000 ) ) ;
#1660 = VERTEX_POINT ( 'NONE', #4157 ) ;
#1661 = AXIS2_PLACEMENT_3D ( 'NONE', #998, #7658, #863 ) ;
#1662 = DIRECTION ( 'NONE',  ( 0.000000000000000000, 1.000000000000000000, 0.000000000000000000 ) ) ;
#1663 = LINE ( 'NONE', #923, #954 ) ;
#1664 = AXIS2_PLACEMENT_3D ( 'NONE', #2276, #3777, #4938 ) ;
#1665 = FACE_OUTER_BOUND ( 'NONE', #8491, .T. ) ;
#1666 = VECTOR ( 'NONE', #5170, 1000.000000000000000 ) ;
#1667 = LINE ( 'NONE', #967, #5901 ) ;
#1668 = EDGE_CURVE ( 'NONE', #6412, #2195, #1440, .T. ) ;
#1669 = LINE ( 'NONE', #3738, #6648 ) ;
#1670 = EDGE_CURVE ( 'NONE', #6207, #5444, #1356, .T. ) ;
#1671 = VERTEX_POINT ( 'NONE', #4684 ) ;
#1672 = PRESENTATION_STYLE_ASSIGNMENT (( #4903 ) ) ;
#1673 = CARTESIAN_POINT ( 'NONE',  ( -0.1249999999999996808, 0.000000000000000000, -1.725000000000000311 ) ) ;
#1674 = CARTESIAN_POINT ( 'NONE',  ( -0.8749999999999994449, 0.000000000000000000, -1.725000000000000311 ) ) ;
#1675 = VECTOR ( 'NONE', #1975, 1000.000000000000000 ) ;
#1676 = ORIENTED_EDGE ( 'NONE', *, *, #4389, .F. ) ;
#1677 = DIRECTION ( 'NONE',  ( 1.000000000000000000, 0.000000000000000000, -0.000000000000000000 ) ) ;
#1678 = PLANE ( 'NONE',  #1855 ) ;
#1679 = EDGE_CURVE ( 'NONE', #6151, #1088, #254, .T. ) ;
#1680 = ORIENTED_EDGE ( 'NONE', *, *, #1441, .F. ) ;
#1681 = FACE_OUTER_BOUND ( 'NONE', #8378, .T. ) ;
#1682 = ADVANCED_FACE ( 'NONE', ( #5458 ), #6838, .F. ) ;
#1683 = ORIENTED_EDGE ( 'NONE', *, *, #4701, .T. ) ;
#1684 = VECTOR ( 'NONE', #1213, 1000.000000000000000 ) ;
#1685 = DIRECTION ( 'NONE',  ( 0.000000000000000000, 0.000000000000000000, -1.000000000000000000 ) ) ;
#1686 = LINE ( 'NONE', #7769, #4446 ) ;
#1687 = ORIENTED_EDGE ( 'NONE', *, *, #6038, .T. ) ;
#1688 = DIRECTION ( 'NONE',  ( 0.000000000000000000, -1.000000000000000000, 0.000000000000000000 ) ) ;
#1689 = EDGE_CURVE ( 'NONE', #3672, #6574, #8010, .T. ) ;
#1690 = VECTOR ( 'NONE', #8284, 1000.000000000000000 ) ;
#1691 = CARTESIAN_POINT ( 'NONE',  ( -0.2499999999999995837, 0.1999999999999999833, 1.600000000000000311 ) ) ;
#1692 = DIRECTION ( 'NONE',  ( 0.000000000000000000, 0.000000000000000000, -1.000000000000000000 ) ) ;
#1693 = CARTESIAN_POINT ( 'NONE',  ( -1.999999999999999556, 0.6716990566028301357, 1.375000000000000666 ) ) ;
#1694 = EDGE_CURVE ( 'NONE', #1277, #4224, #6099, .T. ) ;
#1695 = ORIENTED_EDGE ( 'NONE', *, *, #494, .T. ) ;
#1696 = ORIENTED_EDGE ( 'NONE', *, *, #3881, .T. ) ;
#1697 = ORIENTED_EDGE ( 'NONE', *, *, #2363, .F. ) ;
#1698 = CARTESIAN_POINT ( 'NONE',  ( -1.724999999999999867, 0.6716990566028301357, -0.1249999999999996808 ) ) ;
#1699 = EDGE_CURVE ( 'NONE', #5057, #1828, #2102, .T. ) ;
#1700 = ORIENTED_EDGE ( 'NONE', *, *, #5094, .T. ) ;
#1701 = PLANE ( 'NONE',  #2771 ) ;
#1702 = EDGE_LOOP ( 'NONE', ( #2627, #1171, #7385, #3389 ) ) ;
#1703 = DIRECTION ( 'NONE',  ( -0.000000000000000000, 1.000000000000000000, -0.000000000000000000 ) ) ;
#1704 = LINE ( 'NONE', #2405, #5541 ) ;
#1705 = ORIENTED_EDGE ( 'NONE', *, *, #3307, .F. ) ;
#1706 = DIRECTION ( 'NONE',  ( -1.000000000000000000, 0.000000000000000000, 0.000000000000000000 ) ) ;
#1707 = CARTESIAN_POINT ( 'NONE',  ( 1.999999999999999556, 0.000000000000000000, -0.6249999999999994449 ) ) ;
#1708 = DIRECTION ( 'NONE',  ( -1.000000000000000000, 0.000000000000000000, -0.000000000000000000 ) ) ;
#1709 = EDGE_CURVE ( 'NONE', #3968, #905, #6795, .T. ) ;
#1710 = CARTESIAN_POINT ( 'NONE',  ( 1.125000000000000666, 0.6716990566028298026, -1.725000000000000311 ) ) ;
#1711 = DIRECTION ( 'NONE',  ( 0.000000000000000000, 1.000000000000000000, -0.000000000000000000 ) ) ;
#1712 = AXIS2_PLACEMENT_3D ( 'NONE', #6767, #4861, #1458 ) ;
#1713 = ORIENTED_EDGE ( 'NONE', *, *, #4362, .T. ) ;
#1714 = CARTESIAN_POINT ( 'NONE',  ( -1.024999999999999467, 0.000000000000000000, -1.225000000000000755 ) ) ;
#1715 = CARTESIAN_POINT ( 'NONE',  ( -1.999999999999999556, 0.6716990566028301357, -0.1249999999999994588 ) ) ;
#1716 = CARTESIAN_POINT ( 'NONE',  ( -0.3749999999999994449, 0.6716990566028298026, -2.000000000000000000 ) ) ;
#1717 = EDGE_LOOP ( 'NONE', ( #7951, #8496, #1777, #1175 ) ) ;
#1718 = CARTESIAN_POINT ( 'NONE',  ( -1.692307692307692069, 0.8000000000000000444, -1.558974358974359209 ) ) ;
#1719 = EDGE_CURVE ( 'NONE', #975, #6253, #3504, .T. ) ;
#1720 = AXIS2_PLACEMENT_3D ( 'NONE', #6129, #8112, #1470 ) ;
#1721 = LINE ( 'NONE', #6375, #4647 ) ;
#1722 = ORIENTED_EDGE ( 'NONE', *, *, #5781, .F. ) ;
#1723 = LINE ( 'NONE', #1766, #1023 ) ;
#1724 = EDGE_LOOP ( 'NONE', ( #478, #1918, #6570, #5252 ) ) ;
#1725 =( NAMED_UNIT ( * ) SI_UNIT ( $, .STERADIAN. ) SOLID_ANGLE_UNIT ( ) );
#1726 = VECTOR ( 'NONE', #4661, 1000.000000000000000 ) ;
#1727 = LINE ( 'NONE', #544, #3708 ) ;
#1728 = DIRECTION ( 'NONE',  ( -0.000000000000000000, -1.000000000000000000, -0.000000000000000000 ) ) ;
#1729 = CARTESIAN_POINT ( 'NONE',  ( -1.999999999999999556, 0.1999999999999999833, -0.1249999999999994588 ) ) ;
#1730 = EDGE_CURVE ( 'NONE', #7120, #6463, #828, .T. ) ;
#1731 = CARTESIAN_POINT ( 'NONE',  ( 0.7500000000000004441, 0.1999999999999999833, -1.725000000000000089 ) ) ;
#1732 = VECTOR ( 'NONE', #7889, 1000.000000000000000 ) ;
#1733 = ORIENTED_EDGE ( 'NONE', *, *, #8150, .T. ) ;
#1734 = FACE_OUTER_BOUND ( 'NONE', #3762, .T. ) ;
#1735 = EDGE_LOOP ( 'NONE', ( #7150, #4480, #27, #3733, #4974 ) ) ;
#1736 = CLOSED_SHELL ( 'NONE', ( #4970, #5505, #5456, #210, #1187, #6916 ) ) ;
#1737 = EDGE_LOOP ( 'NONE', ( #6436, #3571, #4775, #6431 ) ) ;
#1738 = ORIENTED_EDGE ( 'NONE', *, *, #8419, .F. ) ;
#1739 = PRESENTATION_STYLE_ASSIGNMENT (( #7781 ) ) ;
#1740 = ADVANCED_FACE ( 'NONE', ( #5500 ), #2188, .F. ) ;
#1741 = ORIENTED_EDGE ( 'NONE', *, *, #4138, .F. ) ;
#1742 = CIRCLE ( 'NONE', #2159, 0.1250000000000002220 ) ;
#1743 = PLANE ( 'NONE',  #879 ) ;
#1744 = ORIENTED_EDGE ( 'NONE', *, *, #3860, .F. ) ;
#1745 = PRESENTATION_LAYER_ASSIGNMENT (  '', '', ( #629 ) ) ;
#1746 = DIRECTION ( 'NONE',  ( 1.000000000000000000, -0.000000000000000000, 8.850629979473501081E-17 ) ) ;
#1747 = CARTESIAN_POINT ( 'NONE',  ( 0.8750000000000003331, 0.2000000000000000111, -1.725000000000000311 ) ) ;
#1748 = VECTOR ( 'NONE', #2377, 1000.000000000000000 ) ;
#1749 = ORIENTED_EDGE ( 'NONE', *, *, #4249, .F. ) ;
#1750 = CARTESIAN_POINT ( 'NONE',  ( -1.692307692307692069, 0.8000000000000000444, -1.692307692307692513 ) ) ;
#1751 = CIRCLE ( 'NONE', #3011, 0.1250000000000002220 ) ;
#1752 = LINE ( 'NONE', #4426, #4450 ) ;
#1753 =( GEOMETRIC_REPRESENTATION_CONTEXT ( 3 ) GLOBAL_UNCERTAINTY_ASSIGNED_CONTEXT ( ( #5664 ) ) GLOBAL_UNIT_ASSIGNED_CONTEXT ( ( #6989, #1816, #5774 ) ) REPRESENTATION_CONTEXT ( 'NONE', 'WORKASPACE' ) );
#1754 = DIRECTION ( 'NONE',  ( 0.000000000000000000, 0.000000000000000000, 1.000000000000000000 ) ) ;
#1755 = PRESENTATION_LAYER_ASSIGNMENT (  '', '', ( #5511 ) ) ;
#1756 = CARTESIAN_POINT ( 'NONE',  ( 0.8750000000000003331, 0.000000000000000000, 1.725000000000000311 ) ) ;
#1757 = EDGE_CURVE ( 'NONE', #677, #501, #4203, .T. ) ;
#1758 = CARTESIAN_POINT ( 'NONE',  ( 1.999999999999999556, 0.000000000000000000, -1.124999999999999556 ) ) ;
#1759 = VERTEX_POINT ( 'NONE', #6013 ) ;
#1760 = DIRECTION ( 'NONE',  ( 0.000000000000000000, 1.000000000000000000, 0.000000000000000000 ) ) ;
#1761 = CARTESIAN_POINT ( 'NONE',  ( -1.724999999999999867, 0.000000000000000000, 1.250000000000000222 ) ) ;
#1762 = ORIENTED_EDGE ( 'NONE', *, *, #7258, .F. ) ;
#1763 = DIRECTION ( 'NONE',  ( -0.000000000000000000, -1.000000000000000000, -0.000000000000000000 ) ) ;
#1764 = DIRECTION ( 'NONE',  ( 0.000000000000000000, 1.000000000000000000, -0.000000000000000000 ) ) ;
#1765 = ORIENTED_EDGE ( 'NONE', *, *, #3395, .F. ) ;
#1766 = CARTESIAN_POINT ( 'NONE',  ( -1.124999999999999778, 0.2000000000000000111, -1.725000000000000311 ) ) ;
#1767 = EDGE_CURVE ( 'NONE', #7086, #5306, #45, .T. ) ;
#1768 = ORIENTED_EDGE ( 'NONE', *, *, #4070, .F. ) ;
#1769 = ADVANCED_FACE ( 'NONE', ( #4380 ), #6882, .F. ) ;
#1770 = FACE_OUTER_BOUND ( 'NONE', #8256, .T. ) ;
#1771 = DIRECTION ( 'NONE',  ( 0.000000000000000000, 0.000000000000000000, -1.000000000000000000 ) ) ;
#1772 = LINE ( 'NONE', #8418, #3438 ) ;
#1773 = DIRECTION ( 'NONE',  ( -0.000000000000000000, -1.000000000000000000, 0.000000000000000000 ) ) ;
#1774 = ORIENTED_EDGE ( 'NONE', *, *, #7151, .T. ) ;
#1775 = PLANE ( 'NONE',  #3119 ) ;
#1776 = ADVANCED_FACE ( 'NONE', ( #6274 ), #1576, .T. ) ;
#1777 = ORIENTED_EDGE ( 'NONE', *, *, #1925, .T. ) ;
#1778 = EDGE_CURVE ( 'NONE', #4919, #8143, #1752, .T. ) ;
#1779 = ORIENTED_EDGE ( 'NONE', *, *, #388, .F. ) ;
#1780 = EDGE_CURVE ( 'NONE', #2297, #7777, #5828, .T. ) ;
#1781 = EDGE_CURVE ( 'NONE', #670, #4540, #7536, .T. ) ;
#1782 = ORIENTED_EDGE ( 'NONE', *, *, #6514, .F. ) ;
#1783 = VERTEX_POINT ( 'NONE', #8170 ) ;
#1784 = VECTOR ( 'NONE', #84, 1000.000000000000000 ) ;
#1785 = SURFACE_SIDE_STYLE ('',( #5917 ) ) ;
#1786 = PLANE ( 'NONE',  #6440 ) ;
#1787 = ORIENTED_EDGE ( 'NONE', *, *, #7323, .T. ) ;
#1788 = EDGE_CURVE ( 'NONE', #4357, #554, #6322, .T. ) ;
#1789 = CARTESIAN_POINT ( 'NONE',  ( -1.124999999999999778, 0.000000000000000000, -2.000000000000000000 ) ) ;
#1790 = ADVANCED_FACE ( 'NONE', ( #3019 ), #7061, .T. ) ;
#1791 = CARTESIAN_POINT ( 'NONE',  ( 0.3750000000000003331, 0.6716990566028298026, 2.000000000000000000 ) ) ;
#1792 = VECTOR ( 'NONE', #1879, 1000.000000000000000 ) ;
#1793 = ORIENTED_EDGE ( 'NONE', *, *, #2261, .T. ) ;
#1794 = CARTESIAN_POINT ( 'NONE',  ( -1.999999999999999556, 0.05000000000000000278, 2.000000000000000444 ) ) ;
#1795 = LINE ( 'NONE', #7144, #1802 ) ;
#1796 = VECTOR ( 'NONE', #2975, 1000.000000000000000 ) ;
#1797 = EDGE_CURVE ( 'NONE', #8356, #7548, #2908, .T. ) ;
#1798 = CARTESIAN_POINT ( 'NONE',  ( -0.6249999999999996669, 0.6716990566028298026, 2.000000000000000000 ) ) ;
#1799 = MECHANICAL_DESIGN_GEOMETRIC_PRESENTATION_REPRESENTATION (  '', ( #1243 ), #1511 ) ;
#1800 = CARTESIAN_POINT ( 'NONE',  ( 1.125000000000000666, 0.2000000000000000111, 2.000000000000000000 ) ) ;
#1801 = DIRECTION ( 'NONE',  ( 0.000000000000000000, -1.000000000000000000, 0.000000000000000000 ) ) ;
#1802 = VECTOR ( 'NONE', #1221, 1000.000000000000000 ) ;
#1803 = ORIENTED_EDGE ( 'NONE', *, *, #3860, .T. ) ;
#1804 = VECTOR ( 'NONE', #44, 1000.000000000000000 ) ;
#1805 = DIRECTION ( 'NONE',  ( 1.000000000000000000, 0.000000000000000000, -7.885106708985496922E-16 ) ) ;
#1806 = FACE_OUTER_BOUND ( 'NONE', #1903, .T. ) ;
#1807 = LINE ( 'NONE', #6586, #806 ) ;
#1808 = ORIENTED_EDGE ( 'NONE', *, *, #3183, .T. ) ;
#1809 = DIRECTION ( 'NONE',  ( 0.000000000000000000, 1.000000000000000000, 0.000000000000000000 ) ) ;
#1810 = VECTOR ( 'NONE', #6515, 1000.000000000000000 ) ;
#1811 = LINE ( 'NONE', #3914, #6709 ) ;
#1812 = ORIENTED_EDGE ( 'NONE', *, *, #2534, .F. ) ;
#1813 = PRODUCT_DEFINITION_FORMATION_WITH_SPECIFIED_SOURCE ( 'ANY', '', #5445, .NOT_KNOWN. ) ;
#1814 = DIRECTION ( 'NONE',  ( 0.000000000000000000, 0.000000000000000000, -1.000000000000000000 ) ) ;
#1815 = EDGE_LOOP ( 'NONE', ( #2710, #1241, #769, #7333 ) ) ;
#1816 =( NAMED_UNIT ( * ) PLANE_ANGLE_UNIT ( ) SI_UNIT ( $, .RADIAN. ) );
#1817 = AXIS2_PLACEMENT_3D ( 'NONE', #634, #3300, #2652 ) ;
#1818 = VECTOR ( 'NONE', #7062, 1000.000000000000000 ) ;
#1819 = CARTESIAN_POINT ( 'NONE',  ( 1.250000000000000444, 0.000000000000000000, 1.725000000000000089 ) ) ;
#1820 = CARTESIAN_POINT ( 'NONE',  ( -1.249999999999999556, 0.000000000000000000, 1.725000000000000089 ) ) ;
#1821 = CYLINDRICAL_SURFACE ( 'NONE', #2515, 0.1249999999999998890 ) ;
#1822 = LINE ( 'NONE', #4486, #6275 ) ;
#1823 = EDGE_CURVE ( 'NONE', #4971, #2634, #1663, .T. ) ;
#1824 = ORIENTED_EDGE ( 'NONE', *, *, #4080, .F. ) ;
#1825 = MECHANICAL_DESIGN_GEOMETRIC_PRESENTATION_REPRESENTATION (  '', ( #7238 ), #8192 ) ;
#1826 = FACE_OUTER_BOUND ( 'NONE', #4909, .T. ) ;
#1827 = ORIENTED_EDGE ( 'NONE', *, *, #4707, .F. ) ;
#1828 = VERTEX_POINT ( 'NONE', #3685 ) ;
#1829 = DIRECTION ( 'NONE',  ( -1.000000000000000000, 0.000000000000000000, 7.885106708985496922E-16 ) ) ;
#1830 =( GEOMETRIC_REPRESENTATION_CONTEXT ( 3 ) GLOBAL_UNCERTAINTY_ASSIGNED_CONTEXT ( ( #868 ) ) GLOBAL_UNIT_ASSIGNED_CONTEXT ( ( #6652, #1383, #2258 ) ) REPRESENTATION_CONTEXT ( 'NONE', 'WORKASPACE' ) );
#1831 = EDGE_CURVE ( 'NONE', #7977, #8424, #7015, .T. ) ;
#1832 = DIRECTION ( 'NONE',  ( -1.000000000000000000, -0.000000000000000000, -7.885106708985496922E-16 ) ) ;
#1833 = ADVANCED_FACE ( 'NONE', ( #1094 ), #5713, .F. ) ;
#1834 = LINE ( 'NONE', #3144, #6858 ) ;
#1835 = VERTEX_POINT ( 'NONE', #3592 ) ;
#1836 = AXIS2_PLACEMENT_3D ( 'NONE', #2034, #4047, #885 ) ;
#1837 = FILL_AREA_STYLE_COLOUR ( '', #1608 ) ;
#1838 = CARTESIAN_POINT ( 'NONE',  ( -1.999999999999999556, 0.6716990566028301357, 1.125000000000000222 ) ) ;
#1839 = ORIENTED_EDGE ( 'NONE', *, *, #3858, .T. ) ;
#1840 = DIRECTION ( 'NONE',  ( -0.000000000000000000, -1.000000000000000000, -0.000000000000000000 ) ) ;
#1841 = CARTESIAN_POINT ( 'NONE',  ( 1.999999999999999556, 0.6716990566028301357, -0.1249999999999994588 ) ) ;
#1842 = EDGE_CURVE ( 'NONE', #681, #4209, #5069, .T. ) ;
#1843 = DIRECTION ( 'NONE',  ( 0.000000000000000000, 0.000000000000000000, -1.000000000000000000 ) ) ;
#1844 = PLANE ( 'NONE',  #7433 ) ;
#1845 = DIRECTION ( 'NONE',  ( 0.000000000000000000, 0.000000000000000000, -1.000000000000000000 ) ) ;
#1846 = EDGE_LOOP ( 'NONE', ( #424, #2225, #2896, #7488 ) ) ;
#1847 = LINE ( 'NONE', #6416, #7854 ) ;
#1848 = FACE_OUTER_BOUND ( 'NONE', #5212, .T. ) ;
#1849 = DIRECTION ( 'NONE',  ( 0.000000000000000000, 1.000000000000000000, 0.000000000000000000 ) ) ;
#1850 = ORIENTED_EDGE ( 'NONE', *, *, #3514, .T. ) ;
#1851 = EDGE_CURVE ( 'NONE', #8148, #8002, #8032, .T. ) ;
#1852 = PLANE ( 'NONE',  #4329 ) ;
#1853 = DIRECTION ( 'NONE',  ( -0.000000000000000000, 0.000000000000000000, -1.000000000000000000 ) ) ;
#1854 = ORIENTED_EDGE ( 'NONE', *, *, #2423, .F. ) ;
#1855 = AXIS2_PLACEMENT_3D ( 'NONE', #2987, #367, #4265 ) ;
#1856 = CARTESIAN_POINT ( 'NONE',  ( -0.1249999999999996808, 0.04999999999999969746, -2.000000000000000000 ) ) ;
#1857 = EDGE_LOOP ( 'NONE', ( #5359, #7664, #5602, #3166 ) ) ;
#1858 = CARTESIAN_POINT ( 'NONE',  ( -1.724999999999999867, 0.6716990566028301357, -0.3750000000000001110 ) ) ;
#1859 = EDGE_CURVE ( 'NONE', #4669, #4146, #7623, .T. ) ;
#1860 = CARTESIAN_POINT ( 'NONE',  ( 1.375000000000000444, 0.04999999999999999584, -1.725000000000000311 ) ) ;
#1861 = DIRECTION ( 'NONE',  ( 0.000000000000000000, 0.000000000000000000, -1.000000000000000000 ) ) ;
#1862 = FACE_OUTER_BOUND ( 'NONE', #7906, .T. ) ;
#1863 = AXIS2_PLACEMENT_3D ( 'NONE', #6778, #1428, #4878 ) ;
#1864 = FACE_OUTER_BOUND ( 'NONE', #4631, .T. ) ;
#1865 = CARTESIAN_POINT ( 'NONE',  ( 0.6250000000000005551, 0.000000000000000000, -1.725000000000000311 ) ) ;
#1866 = ORIENTED_EDGE ( 'NONE', *, *, #7841, .T. ) ;
#1867 = CARTESIAN_POINT ( 'NONE',  ( 0.2500000000000004441, 0.2000000000000000111, 1.725000000000000089 ) ) ;
#1868 = ORIENTED_EDGE ( 'NONE', *, *, #8503, .T. ) ;
#1869 = VECTOR ( 'NONE', #4703, 1000.000000000000000 ) ;
#1870 = ORIENTED_EDGE ( 'NONE', *, *, #8141, .F. ) ;
#1871 = EDGE_CURVE ( 'NONE', #8578, #7534, #7494, .T. ) ;
#1872 =( NAMED_UNIT ( * ) SI_UNIT ( $, .STERADIAN. ) SOLID_ANGLE_UNIT ( ) );
#1873 = VECTOR ( 'NONE', #4848, 1000.000000000000000 ) ;
#1874 = LINE ( 'NONE', #3809, #2931 ) ;
#1875 = VECTOR ( 'NONE', #2905, 1000.000000000000000 ) ;
#1876 = CARTESIAN_POINT ( 'NONE',  ( -1.249999999999999556, 0.2000000000000000111, 1.725000000000000089 ) ) ;
#1877 = ORIENTED_EDGE ( 'NONE', *, *, #1038, .F. ) ;
#1878 = EDGE_CURVE ( 'NONE', #4869, #5255, #5282, .T. ) ;
#1879 = DIRECTION ( 'NONE',  ( -0.000000000000000000, -1.000000000000000000, -0.000000000000000000 ) ) ;
#1880 = CIRCLE ( 'NONE', #7156, 0.1249999999999998890 ) ;
#1881 = ORIENTED_EDGE ( 'NONE', *, *, #5362, .F. ) ;
#1882 = AXIS2_PLACEMENT_3D ( 'NONE', #3920, #1993, #5987 ) ;
#1883 = CARTESIAN_POINT ( 'NONE',  ( 1.125000000000000666, 0.2000000000000000111, 1.725000000000000311 ) ) ;
#1884 = DIRECTION ( 'NONE',  ( 0.000000000000000000, 1.000000000000000000, 0.000000000000000000 ) ) ;
#1885 = PLANE ( 'NONE',  #2233 ) ;
#1886 = LINE ( 'NONE', #5758, #1179 ) ;
#1887 = STYLED_ITEM ( 'NONE', ( #1229 ), #524 ) ;
#1888 = EDGE_CURVE ( 'NONE', #4345, #6001, #7582, .T. ) ;
#1889 = DIRECTION ( 'NONE',  ( 0.000000000000000000, 0.000000000000000000, 1.000000000000000000 ) ) ;
#1890 = EDGE_LOOP ( 'NONE', ( #6361, #6520, #7593, #7740 ) ) ;
#1891 = EDGE_CURVE ( 'NONE', #5954, #1946, #7792, .T. ) ;
#1892 = CIRCLE ( 'NONE', #4411, 0.1249999999999998890 ) ;
#1893 = SURFACE_STYLE_FILL_AREA ( #7840 ) ;
#1894 = CARTESIAN_POINT ( 'NONE',  ( -1.374999999999999556, 0.05000000000000000278, 2.000000000000000444 ) ) ;
#1895 = DIRECTION ( 'NONE',  ( -0.000000000000000000, 0.000000000000000000, -1.000000000000000000 ) ) ;
#1896 = PRESENTATION_LAYER_ASSIGNMENT (  '', '', ( #7863 ) ) ;
#1897 = ORIENTED_EDGE ( 'NONE', *, *, #213, .T. ) ;
#1898 = DIRECTION ( 'NONE',  ( 0.000000000000000000, -1.000000000000000000, 0.000000000000000000 ) ) ;
#1899 = DIRECTION ( 'NONE',  ( 0.000000000000000000, -1.000000000000000000, 0.000000000000000000 ) ) ;
#1900 = VECTOR ( 'NONE', #6255, 1000.000000000000000 ) ;
#1901 = ORIENTED_EDGE ( 'NONE', *, *, #4744, .F. ) ;
#1902 = DIRECTION ( 'NONE',  ( 1.000000000000000000, 0.000000000000000000, -0.000000000000000000 ) ) ;
#1903 = EDGE_LOOP ( 'NONE', ( #1195, #2825, #3615, #2550 ) ) ;
#1904 = CARTESIAN_POINT ( 'NONE',  ( -1.249999999999999556, 0.1999999999999999833, 1.725000000000000089 ) ) ;
#1905 = EDGE_CURVE ( 'NONE', #6399, #3897, #480, .T. ) ;
#1906 = CARTESIAN_POINT ( 'NONE',  ( -1.999999999999999556, 0.6716990566028301357, 0.1250000000000001110 ) ) ;
#1907 = DIRECTION ( 'NONE',  ( -0.000000000000000000, -1.000000000000000000, -0.000000000000000000 ) ) ;
#1908 = LINE ( 'NONE', #1995, #3479 ) ;
#1909 = DIRECTION ( 'NONE',  ( 0.000000000000000000, 1.000000000000000000, 0.000000000000000000 ) ) ;
#1910 = EDGE_CURVE ( 'NONE', #7636, #5648, #1308, .T. ) ;
#1911 = LINE ( 'NONE', #7861, #1551 ) ;
#1912 = ORIENTED_EDGE ( 'NONE', *, *, #5248, .F. ) ;
#1913 = DIRECTION ( 'NONE',  ( 7.885106708985496922E-16, 0.000000000000000000, -1.000000000000000000 ) ) ;
#1914 = ORIENTED_EDGE ( 'NONE', *, *, #3778, .T. ) ;
#1915 = VERTEX_POINT ( 'NONE', #3857 ) ;
#1916 = DIRECTION ( 'NONE',  ( -0.000000000000000000, -1.000000000000000000, 0.000000000000000000 ) ) ;
#1917 = DIRECTION ( 'NONE',  ( 0.000000000000000000, 0.000000000000000000, -1.000000000000000000 ) ) ;
#1919 = ADVANCED_FACE ( 'NONE', ( #8521 ), #7876, .F. ) ;
#1918 = ORIENTED_EDGE ( 'NONE', *, *, #1937, .T. ) ;
#1920 = DIRECTION ( 'NONE',  ( 0.000000000000000000, 0.000000000000000000, -1.000000000000000000 ) ) ;
#1921 = EDGE_LOOP ( 'NONE', ( #995, #4705, #5980, #5478, #7255 ) ) ;
#1922 = VECTOR ( 'NONE', #1399, 1000.000000000000000 ) ;
#1923 = CARTESIAN_POINT ( 'NONE',  ( -1.124999999999999778, 0.1999999999999999833, -2.000000000000000000 ) ) ;
#1924 = LINE ( 'NONE', #3900, #6097 ) ;
#1925 = EDGE_CURVE ( 'NONE', #4345, #5057, #3188, .T. ) ;
#1926 = DIRECTION ( 'NONE',  ( 0.000000000000000000, -0.000000000000000000, 1.000000000000000000 ) ) ;
#1927 = EDGE_CURVE ( 'NONE', #979, #5919, #5843, .T. ) ;
#1928 = VECTOR ( 'NONE', #7080, 1000.000000000000000 ) ;
#1929 = DIRECTION ( 'NONE',  ( 0.000000000000000000, 0.000000000000000000, -1.000000000000000000 ) ) ;
#1930 = DIRECTION ( 'NONE',  ( 0.000000000000000000, -1.000000000000000000, 0.000000000000000000 ) ) ;
#1931 = ORIENTED_EDGE ( 'NONE', *, *, #2366, .T. ) ;
#1932 = VECTOR ( 'NONE', #5207, 1000.000000000000000 ) ;
#1933 = SURFACE_STYLE_USAGE ( .BOTH. , #4555 ) ;
#1934 = DIRECTION ( 'NONE',  ( -7.885106708985496922E-16, 0.000000000000000000, 1.000000000000000000 ) ) ;
#1935 = CYLINDRICAL_SURFACE ( 'NONE', #3462, 0.1249999999999998890 ) ;
#1936 = CIRCLE ( 'NONE', #6524, 0.1250000000000002220 ) ;
#1937 = EDGE_CURVE ( 'NONE', #5255, #3100, #1924, .T. ) ;
#1938 = ORIENTED_EDGE ( 'NONE', *, *, #5295, .T. ) ;
#1939 = DIRECTION ( 'NONE',  ( -0.000000000000000000, -1.000000000000000000, 0.000000000000000000 ) ) ;
#1940 = CARTESIAN_POINT ( 'NONE',  ( 0.8750000000000003331, 0.04999999999999969746, 2.000000000000000000 ) ) ;
#1941 = ADVANCED_FACE ( 'NONE', ( #2545 ), #5753, .T. ) ;
#1942 = VERTEX_POINT ( 'NONE', #5197 ) ;
#1943 = DIRECTION ( 'NONE',  ( 0.000000000000000000, 0.000000000000000000, -1.000000000000000000 ) ) ;
#1944 = ORIENTED_EDGE ( 'NONE', *, *, #8106, .F. ) ;
#1945 = DIRECTION ( 'NONE',  ( -1.000000000000000000, 0.000000000000000000, 1.084202172485504434E-16 ) ) ;
#1946 = VERTEX_POINT ( 'NONE', #7834 ) ;
#1947 = DIRECTION ( 'NONE',  ( -0.000000000000000000, -1.000000000000000000, -0.000000000000000000 ) ) ;
#1948 = FACE_OUTER_BOUND ( 'NONE', #8411, .T. ) ;
#1949 = DIRECTION ( 'NONE',  ( 0.000000000000000000, 1.000000000000000000, 0.000000000000000000 ) ) ;
#1950 = VECTOR ( 'NONE', #3255, 1000.000000000000000 ) ;
#1951 = VECTOR ( 'NONE', #5866, 1000.000000000000000 ) ;
#1952 = ORIENTED_EDGE ( 'NONE', *, *, #156, .T. ) ;
#1953 = LINE ( 'NONE', #4699, #2783 ) ;
#1954 = AXIS2_PLACEMENT_3D ( 'NONE', #3403, #3494, #3447 ) ;
#1955 = ADVANCED_FACE ( 'NONE', ( #8393, #4590 ), #7105, .F. ) ;
#1956 = LINE ( 'NONE', #3967, #2109 ) ;
#1957 = VERTEX_POINT ( 'NONE', #7276 ) ;
#1958 = DIRECTION ( 'NONE',  ( 7.885106708985496922E-16, -0.000000000000000000, 1.000000000000000000 ) ) ;
#1959 = VERTEX_POINT ( 'NONE', #5926 ) ;
#1960 = VECTOR ( 'NONE', #8019, 1000.000000000000000 ) ;
#1961 = VECTOR ( 'NONE', #4845, 1000.000000000000000 ) ;
#1962 = ORIENTED_EDGE ( 'NONE', *, *, #4761, .F. ) ;
#1963 = EDGE_CURVE ( 'NONE', #702, #2031, #4548, .T. ) ;
#1964 = SURFACE_STYLE_USAGE ( .BOTH. , #7268 ) ;
#1965 = VECTOR ( 'NONE', #6912, 1000.000000000000000 ) ;
#1966 = EDGE_CURVE ( 'NONE', #1500, #4073, #6576, .T. ) ;
#1967 = DIRECTION ( 'NONE',  ( 0.000000000000000000, 1.000000000000000000, 0.000000000000000000 ) ) ;
#1968 = ORIENTED_EDGE ( 'NONE', *, *, #4333, .F. ) ;
#1969 = LINE ( 'NONE', #1789, #1047 ) ;
#1970 = STYLED_ITEM ( 'NONE', ( #7434 ), #3593 ) ;
#1971 = VERTEX_POINT ( 'NONE', #2458 ) ;
#1972 = EDGE_CURVE ( 'NONE', #7852, #7360, #6620, .T. ) ;
#1973 = DIRECTION ( 'NONE',  ( 1.000000000000000000, -0.000000000000000000, 7.885106708985496922E-16 ) ) ;
#1974 = DIRECTION ( 'NONE',  ( 0.000000000000000000, -1.000000000000000000, 0.000000000000000000 ) ) ;
#1975 = DIRECTION ( 'NONE',  ( -0.000000000000000000, -0.000000000000000000, -1.000000000000000000 ) ) ;
#1976 = VECTOR ( 'NONE', #6811, 1000.000000000000000 ) ;
#1977 = DIRECTION ( 'NONE',  ( 0.000000000000000000, -1.000000000000000000, 0.000000000000000000 ) ) ;
#1978 = LINE ( 'NONE', #1313, #2759 ) ;
#1979 = ORIENTED_EDGE ( 'NONE', *, *, #3341, .T. ) ;
#1980 = FACE_OUTER_BOUND ( 'NONE', #7933, .T. ) ;
#1981 = DIRECTION ( 'NONE',  ( 0.000000000000000000, 0.000000000000000000, -1.000000000000000000 ) ) ;
#1982 = EDGE_CURVE ( 'NONE', #4902, #4301, #7919, .T. ) ;
#1983 = DIRECTION ( 'NONE',  ( 0.000000000000000000, 0.000000000000000000, 1.000000000000000000 ) ) ;
#1984 = ORIENTED_EDGE ( 'NONE', *, *, #1905, .T. ) ;
#1985 = DIRECTION ( 'NONE',  ( 0.000000000000000000, 0.000000000000000000, 1.000000000000000000 ) ) ;
#1986 = LINE ( 'NONE', #7160, #7405 ) ;
#1987 = EDGE_LOOP ( 'NONE', ( #6986, #1803, #8081, #6046 ) ) ;
#1988 = LINE ( 'NONE', #7850, #7296 ) ;
#1989 = ORIENTED_EDGE ( 'NONE', *, *, #1972, .F. ) ;
#1990 = LINE ( 'NONE', #4044, #638 ) ;
#1991 = EDGE_CURVE ( 'NONE', #4879, #2639, #3275, .T. ) ;
#1992 = ORIENTED_EDGE ( 'NONE', *, *, #2479, .T. ) ;
#1993 = DIRECTION ( 'NONE',  ( -0.000000000000000000, -1.000000000000000000, -0.000000000000000000 ) ) ;
#1994 = LINE ( 'NONE', #7894, #5419 ) ;
#1995 = CARTESIAN_POINT ( 'NONE',  ( -1.724999999999999867, 0.6716990566028301357, -0.3749999999999998890 ) ) ;
#1996 = ORIENTED_EDGE ( 'NONE', *, *, #5781, .T. ) ;
#1997 = LINE ( 'NONE', #7302, #7089 ) ;
#1998 = AXIS2_PLACEMENT_3D ( 'NONE', #5040, #1764, #3792 ) ;
#1999 = DIRECTION ( 'NONE',  ( -0.000000000000000000, -1.000000000000000000, -0.000000000000000000 ) ) ;
#2000 = ORIENTED_EDGE ( 'NONE', *, *, #4098, .F. ) ;
#2001 = FACE_OUTER_BOUND ( 'NONE', #8277, .T. ) ;
#2002 = ORIENTED_EDGE ( 'NONE', *, *, #3618, .T. ) ;
#2003 = CIRCLE ( 'NONE', #5203, 0.1250000000000002220 ) ;
#2004 = ORIENTED_EDGE ( 'NONE', *, *, #6563, .F. ) ;
#2005 = EDGE_CURVE ( 'NONE', #7713, #1957, #1795, .T. ) ;
#2006 = DIRECTION ( 'NONE',  ( -1.000000000000000000, 0.000000000000000000, 1.084202172485504434E-16 ) ) ;
#2007 = SURFACE_STYLE_FILL_AREA ( #3396 ) ;
#2008 = VECTOR ( 'NONE', #4898, 1000.000000000000000 ) ;
#2009 = DIRECTION ( 'NONE',  ( -0.000000000000000000, -1.000000000000000000, -0.000000000000000000 ) ) ;
#2010 = ORIENTED_EDGE ( 'NONE', *, *, #4867, .F. ) ;
#2011 = ORIENTED_EDGE ( 'NONE', *, *, #7020, .T. ) ;
#2012 = EDGE_CURVE ( 'NONE', #6600, #5773, #1143, .T. ) ;
#2013 = VECTOR ( 'NONE', #6813, 1000.000000000000000 ) ;
#2014 =( LENGTH_UNIT ( ) NAMED_UNIT ( * ) SI_UNIT ( .MILLI., .METRE. ) );
#2015 = DIRECTION ( 'NONE',  ( 1.000000000000000000, 0.000000000000000000, 0.000000000000000000 ) ) ;
#2016 = LINE ( 'NONE', #2589, #6952 ) ;
#2017 = VECTOR ( 'NONE', #1363, 1000.000000000000000 ) ;
#2018 = FACE_OUTER_BOUND ( 'NONE', #7652, .T. ) ;
#2019 = CARTESIAN_POINT ( 'NONE',  ( -1.249999999999999556, 0.000000000000000000, -1.725000000000000089 ) ) ;
#2020 = CLOSED_SHELL ( 'NONE', ( #3021, #4350, #3133, #383, #7211, #3316 ) ) ;
#2021 = ORIENTED_EDGE ( 'NONE', *, *, #5931, .F. ) ;
#2022 = CARTESIAN_POINT ( 'NONE',  ( 2.000000000000000444, 7.256854249492380227, -2.000000000000000000 ) ) ;
#2023 = LINE ( 'NONE', #2843, #6090 ) ;
#2024 =( GEOMETRIC_REPRESENTATION_CONTEXT ( 3 ) GLOBAL_UNCERTAINTY_ASSIGNED_CONTEXT ( ( #167 ) ) GLOBAL_UNIT_ASSIGNED_CONTEXT ( ( #5413, #83, #6093 ) ) REPRESENTATION_CONTEXT ( 'NONE', 'WORKASPACE' ) );
#2025 = VERTEX_POINT ( 'NONE', #8565 ) ;
#2026 = CARTESIAN_POINT ( 'NONE',  ( 0.6250000000000005551, 0.2000000000000000111, -1.725000000000000311 ) ) ;
#2027 = CIRCLE ( 'NONE', #6608, 0.1249999999999998890 ) ;
#2028 = FACE_OUTER_BOUND ( 'NONE', #7163, .T. ) ;
#2029 = ORIENTED_EDGE ( 'NONE', *, *, #4870, .F. ) ;
#2030 = LINE ( 'NONE', #4120, #4934 ) ;
#2031 = VERTEX_POINT ( 'NONE', #2630 ) ;
#2032 = LINE ( 'NONE', #4522, #8548 ) ;
#2033 = ORIENTED_EDGE ( 'NONE', *, *, #3326, .T. ) ;
#2034 = CARTESIAN_POINT ( 'NONE',  ( 1.999999999999999556, 0.6716990566028301357, 1.375000000000000666 ) ) ;
#2035 = DIRECTION ( 'NONE',  ( -1.000000000000000000, 0.000000000000000000, -7.885106708985496922E-16 ) ) ;
#2036 = CARTESIAN_POINT ( 'NONE',  ( 1.225000000000000755, 0.2000000000000000944, -1.225000000000000311 ) ) ;
#2037 = ORIENTED_EDGE ( 'NONE', *, *, #2910, .F. ) ;
#2038 = CARTESIAN_POINT ( 'NONE',  ( -2.612500000000000266, 0.2000000000000000111, 0.3624999999999889422 ) ) ;
#2039 = EDGE_CURVE ( 'NONE', #2996, #425, #5281, .T. ) ;
#2040 = FACE_OUTER_BOUND ( 'NONE', #6247, .T. ) ;
#2041 = ORIENTED_EDGE ( 'NONE', *, *, #3387, .T. ) ;
#2042 = AXIS2_PLACEMENT_3D ( 'NONE', #3309, #2743, #3223 ) ;
#2043 = CARTESIAN_POINT ( 'NONE',  ( 1.125000000000000666, 0.000000000000000000, -1.725000000000000311 ) ) ;
#2044 = ORIENTED_EDGE ( 'NONE', *, *, #757, .F. ) ;
#2045 = EDGE_CURVE ( 'NONE', #8424, #5624, #120, .T. ) ;
#2046 = ORIENTED_EDGE ( 'NONE', *, *, #8468, .T. ) ;
#2047 = CARTESIAN_POINT ( 'NONE',  ( 1.724999999999999867, 0.1999999999999999833, 0.6250000000000001110 ) ) ;
#2048 = ADVANCED_FACE ( 'NONE', ( #4791 ), #2751, .F. ) ;
#2049 = FILL_AREA_STYLE ('',( #6737 ) ) ;
#2050 = DIRECTION ( 'NONE',  ( 0.000000000000000000, -1.000000000000000000, 0.000000000000000000 ) ) ;
#2051 = ADVANCED_FACE ( 'NONE', ( #696 ), #2714, .F. ) ;
#2052 = ORIENTED_EDGE ( 'NONE', *, *, #5041, .T. ) ;
#2053 = EDGE_LOOP ( 'NONE', ( #3048, #7295, #3529, #304 ) ) ;
#2054 = MANIFOLD_SOLID_BREP ( 'LPattern4[1]', #6872 ) ;
#2055 = SURFACE_STYLE_FILL_AREA ( #6828 ) ;
#2056 = DIRECTION ( 'NONE',  ( 0.000000000000000000, 0.000000000000000000, -1.000000000000000000 ) ) ;
#2057 = EDGE_CURVE ( 'NONE', #7341, #7282, #7486, .T. ) ;
#2058 = EDGE_CURVE ( 'NONE', #1127, #7311, #7444, .T. ) ;
#2059 = SURFACE_STYLE_FILL_AREA ( #3366 ) ;
#2060 = PLANE ( 'NONE',  #1360 ) ;
#2061 = ORIENTED_EDGE ( 'NONE', *, *, #6578, .T. ) ;
#2062 = FACE_OUTER_BOUND ( 'NONE', #6692, .T. ) ;
#2063 = DIRECTION ( 'NONE',  ( 0.000000000000000000, 0.000000000000000000, -1.000000000000000000 ) ) ;
#2064 = DIRECTION ( 'NONE',  ( 0.000000000000000000, 0.000000000000000000, -1.000000000000000000 ) ) ;
#2065 = CIRCLE ( 'NONE', #7198, 0.1249999999999998890 ) ;
#2066 = ADVANCED_FACE ( 'NONE', ( #7962 ), #4675, .F. ) ;
#2067 = LINE ( 'NONE', #3458, #3683 ) ;
#2068 = CARTESIAN_POINT ( 'NONE',  ( -1.724999999999999867, 0.1999999999999999833, 0.6249999999999998890 ) ) ;
#2069 = EDGE_LOOP ( 'NONE', ( #5475, #3352, #4230, #6425 ) ) ;
#2070 = CARTESIAN_POINT ( 'NONE',  ( 1.724999999999999867, 0.6716990566028301357, -0.6249999999999996669 ) ) ;
#2071 = ORIENTED_EDGE ( 'NONE', *, *, #5702, .T. ) ;
#2072 = AXIS2_PLACEMENT_3D ( 'NONE', #5194, #2495, #519 ) ;
#2073 = FACE_OUTER_BOUND ( 'NONE', #203, .T. ) ;
#2074 = CARTESIAN_POINT ( 'NONE',  ( 1.999999999999999556, 0.6716990566028301357, 1.125000000000000222 ) ) ;
#2075 = VERTEX_POINT ( 'NONE', #4068 ) ;
#2076 = CARTESIAN_POINT ( 'NONE',  ( -1.024999999999998579, 0.05000000000000000278, -1.225000000000000755 ) ) ;
#2077 = VECTOR ( 'NONE', #4895, 1000.000000000000000 ) ;
#2078 = LINE ( 'NONE', #2859, #3677 ) ;
#2079 = ORIENTED_EDGE ( 'NONE', *, *, #6704, .T. ) ;
#2080 = DIRECTION ( 'NONE',  ( 0.000000000000000000, 0.000000000000000000, -1.000000000000000000 ) ) ;
#2081 = VERTEX_POINT ( 'NONE', #733 ) ;
#2082 = AXIS2_PLACEMENT_3D ( 'NONE', #252, #1042, #385 ) ;
#2083 = ORIENTED_EDGE ( 'NONE', *, *, #1554, .T. ) ;
#2084 = DIRECTION ( 'NONE',  ( 1.000000000000000000, 0.000000000000000000, -7.885106708985496922E-16 ) ) ;
#2085 = EDGE_CURVE ( 'NONE', #7548, #4865, #1478, .T. ) ;
#2086 = VECTOR ( 'NONE', #316, 1000.000000000000000 ) ;
#2087 = FACE_OUTER_BOUND ( 'NONE', #5564, .T. ) ;
#2088 = VERTEX_POINT ( 'NONE', #6051 ) ;
#2089 = ORIENTED_EDGE ( 'NONE', *, *, #1668, .F. ) ;
#2090 = VECTOR ( 'NONE', #8523, 1000.000000000000000 ) ;
#2091 = DIRECTION ( 'NONE',  ( 1.000000000000000000, -0.000000000000000000, 0.000000000000000000 ) ) ;
#2092 = ADVANCED_FACE ( 'NONE', ( #5965 ), #4107, .T. ) ;
#2093 = CARTESIAN_POINT ( 'NONE',  ( -1.374999999999999556, 0.6716990566028298026, 1.725000000000000311 ) ) ;
#2094 = FILL_AREA_STYLE ('',( #8161 ) ) ;
#2095 = UNCERTAINTY_MEASURE_WITH_UNIT (LENGTH_MEASURE( 1.000000000000000082E-05 ), #1062, 'distance_accuracy_value', 'NONE');
#2096 = VECTOR ( 'NONE', #5802, 1000.000000000000000 ) ;
#2097 =( NAMED_UNIT ( * ) PLANE_ANGLE_UNIT ( ) SI_UNIT ( $, .RADIAN. ) );
#2098 = LINE ( 'NONE', #7326, #5672 ) ;
#2099 = ORIENTED_EDGE ( 'NONE', *, *, #8279, .T. ) ;
#2100 = EDGE_CURVE ( 'NONE', #8054, #1959, #819, .T. ) ;
#2101 = CARTESIAN_POINT ( 'NONE',  ( -1.249999999999999556, 0.2000000000000000111, -1.725000000000000089 ) ) ;
#2102 = LINE ( 'NONE', #4756, #6655 ) ;
#2103 = CIRCLE ( 'NONE', #7794, 0.1250000000000001110 ) ;
#2104 = FACE_OUTER_BOUND ( 'NONE', #997, .T. ) ;
#2105 = CARTESIAN_POINT ( 'NONE',  ( -1.999999999999999556, 0.1999999999999999833, -0.1249999999999994588 ) ) ;
#2106 = FACE_OUTER_BOUND ( 'NONE', #2678, .T. ) ;
#2107 = ORIENTED_EDGE ( 'NONE', *, *, #1312, .T. ) ;
#2108 = CARTESIAN_POINT ( 'NONE',  ( -0.6249999999999996669, 0.1999999999999999833, -2.000000000000000000 ) ) ;
#2109 = VECTOR ( 'NONE', #3303, 1000.000000000000000 ) ;
#2110 = EDGE_LOOP ( 'NONE', ( #4950, #4273, #5415, #7540 ) ) ;
#2111 = CARTESIAN_POINT ( 'NONE',  ( 1.724999999999999867, 0.6716990566028301357, -0.3750000000000001110 ) ) ;
#2112 = ADVANCED_FACE ( 'NONE', ( #2834 ), #2180, .T. ) ;
#2113 = CARTESIAN_POINT ( 'NONE',  ( -1.724999999999999867, 0.6716990566028301357, 0.1250000000000001110 ) ) ;
#2114 = CARTESIAN_POINT ( 'NONE',  ( -1.224999999999999645, 0.05000000000000000278, -1.025000000000001243 ) ) ;
#2115 = ORIENTED_EDGE ( 'NONE', *, *, #336, .T. ) ;
#2116 = CARTESIAN_POINT ( 'NONE',  ( -1.999999999999999556, 0.05000000000000000278, 2.000000000000000444 ) ) ;
#2117 = CARTESIAN_POINT ( 'NONE',  ( -0.1249999999999996808, 0.1999999999999999833, -1.725000000000000311 ) ) ;
#2118 = EDGE_LOOP ( 'NONE', ( #2115, #4462, #5208, #2107 ) ) ;
#2119 = CARTESIAN_POINT ( 'NONE',  ( -1.999999999999999556, 0.1999999999999999833, -1.124999999999999556 ) ) ;
#2120 = EDGE_CURVE ( 'NONE', #8558, #8514, #1349, .T. ) ;
#2121 = ORIENTED_EDGE ( 'NONE', *, *, #1679, .F. ) ;
#2122 = CARTESIAN_POINT ( 'NONE',  ( 0.3750000000000003331, 0.000000000000000000, 2.000000000000000000 ) ) ;
#2123 = ORIENTED_EDGE ( 'NONE', *, *, #1562, .T. ) ;
#2124 = DIRECTION ( 'NONE',  ( 0.000000000000000000, 1.000000000000000000, -0.000000000000000000 ) ) ;
#2125 = CARTESIAN_POINT ( 'NONE',  ( 1.724999999999999867, 0.1999999999999999833, -0.8749999999999998890 ) ) ;
#2126 = FACE_OUTER_BOUND ( 'NONE', #2263, .T. ) ;
#2127 = ADVANCED_FACE ( 'NONE', ( #1864 ), #7614, .F. ) ;
#2128 = EDGE_LOOP ( 'NONE', ( #8107, #6765, #6084, #936 ) ) ;
#2129 = VECTOR ( 'NONE', #5381, 1000.000000000000000 ) ;
#2130 = DIRECTION ( 'NONE',  ( -0.000000000000000000, -1.000000000000000000, -0.000000000000000000 ) ) ;
#2131 = ORIENTED_EDGE ( 'NONE', *, *, #4188, .F. ) ;
#2132 = DIRECTION ( 'NONE',  ( 0.000000000000000000, 0.000000000000000000, 1.000000000000000000 ) ) ;
#2133 = CARTESIAN_POINT ( 'NONE',  ( -1.999999999999999556, 0.6716990566028301357, 1.375000000000000666 ) ) ;
#2134 = ORIENTED_EDGE ( 'NONE', *, *, #1286, .T. ) ;
#2135 = CARTESIAN_POINT ( 'NONE',  ( 1.375000000000000444, 0.6716990566028298026, 2.000000000000000000 ) ) ;
#2136 = CIRCLE ( 'NONE', #6852, 0.1249999999999998890 ) ;
#2137 = SURFACE_STYLE_FILL_AREA ( #3497 ) ;
#2138 = EDGE_CURVE ( 'NONE', #8074, #3393, #8294, .T. ) ;
#2139 = EDGE_CURVE ( 'NONE', #4971, #6809, #4236, .T. ) ;
#2140 = DIRECTION ( 'NONE',  ( 0.000000000000000000, 0.000000000000000000, 1.000000000000000000 ) ) ;
#2141 = AXIS2_PLACEMENT_3D ( 'NONE', #6941, #7076, #1814 ) ;
#2142 = ORIENTED_EDGE ( 'NONE', *, *, #6924, .F. ) ;
#2143 = CARTESIAN_POINT ( 'NONE',  ( 1.724999999999999867, 0.000000000000000000, -0.3749999999999998890 ) ) ;
#2144 = CARTESIAN_POINT ( 'NONE',  ( -1.999999999999999556, 0.6716990566028301357, -1.375000000000000000 ) ) ;
#2145 = LINE ( 'NONE', #782, #2662 ) ;
#2146 = VECTOR ( 'NONE', #5213, 1000.000000000000000 ) ;
#2147 = EDGE_CURVE ( 'NONE', #1473, #1000, #6871, .T. ) ;
#2148 = CARTESIAN_POINT ( 'NONE',  ( -1.999999999999999556, 0.000000000000000000, 0.3750000000000005551 ) ) ;
#2149 = LINE ( 'NONE', #7374, #897 ) ;
#2150 = ADVANCED_FACE ( 'NONE', ( #207 ), #1615, .T. ) ;
#2151 = ORIENTED_EDGE ( 'NONE', *, *, #7822, .F. ) ;
#2152 = ADVANCED_FACE ( 'NONE', ( #6911 ), #343, .T. ) ;
#2153 = CARTESIAN_POINT ( 'NONE',  ( -1.724999999999999867, 0.6716990566028301357, -0.7499999999999997780 ) ) ;
#2154 = ORIENTED_EDGE ( 'NONE', *, *, #4871, .T. ) ;
#2155 = PRESENTATION_LAYER_ASSIGNMENT (  '', '', ( #6875 ) ) ;
#2156 = CARTESIAN_POINT ( 'NONE',  ( 1.125000000000000666, 0.2000000000000000111, -1.725000000000000311 ) ) ;
#2157 = DIRECTION ( 'NONE',  ( -0.000000000000000000, -1.000000000000000000, -0.000000000000000000 ) ) ;
#2158 = CARTESIAN_POINT ( 'NONE',  ( 1.724999999999999867, 0.05000000000000002359, -1.124999999999999778 ) ) ;
#2159 = AXIS2_PLACEMENT_3D ( 'NONE', #3168, #5819, #2523 ) ;
#2160 = EDGE_LOOP ( 'NONE', ( #7111, #2740, #2950, #6593 ) ) ;
#2161 = DIRECTION ( 'NONE',  ( 0.000000000000000000, 1.000000000000000000, -0.000000000000000000 ) ) ;
#2162 = CARTESIAN_POINT ( 'NONE',  ( 1.999999999999999556, 0.1999999999999999833, 1.375000000000000666 ) ) ;
#2163 = ORIENTED_EDGE ( 'NONE', *, *, #3643, .T. ) ;
#2164 = LINE ( 'NONE', #6075, #2839 ) ;
#2165 = ADVANCED_FACE ( 'NONE', ( #7572 ), #6830, .T. ) ;
#2166 = ORIENTED_EDGE ( 'NONE', *, *, #771, .T. ) ;
#2167 = FACE_OUTER_BOUND ( 'NONE', #1606, .T. ) ;
#2168 = STYLED_ITEM ( 'NONE', ( #1611 ), #559 ) ;
#2169 = ORIENTED_EDGE ( 'NONE', *, *, #3385, .T. ) ;
#2170 = ORIENTED_EDGE ( 'NONE', *, *, #1508, .T. ) ;
#2171 = PLANE ( 'NONE',  #8121 ) ;
#2172 = VECTOR ( 'NONE', #628, 1000.000000000000000 ) ;
#2173 = STYLED_ITEM ( 'NONE', ( #6610 ), #698 ) ;
#2174 = LINE ( 'NONE', #1605, #5482 ) ;
#2175 = EDGE_LOOP ( 'NONE', ( #1589, #3811, #2748, #7250 ) ) ;
#2176 = LINE ( 'NONE', #1607, #8397 ) ;
#2177 = ORIENTED_EDGE ( 'NONE', *, *, #3265, .T. ) ;
#2178 = DIRECTION ( 'NONE',  ( -1.000000000000000000, 0.000000000000000000, 0.000000000000000000 ) ) ;
#2179 = ORIENTED_EDGE ( 'NONE', *, *, #5020, .T. ) ;
#2180 = PLANE ( 'NONE',  #2914 ) ;
#2181 = PRESENTATION_STYLE_ASSIGNMENT (( #1434 ) ) ;
#2182 = VERTEX_POINT ( 'NONE', #8252 ) ;
#2183 = SURFACE_SIDE_STYLE ('',( #39 ) ) ;
#2184 = PLANE ( 'NONE',  #793 ) ;
#2185 = ORIENTED_EDGE ( 'NONE', *, *, #7946, .T. ) ;
#2186 = ADVANCED_FACE ( 'NONE', ( #6355 ), #5016, .T. ) ;
#2187 = CARTESIAN_POINT ( 'NONE',  ( 2.000000000000000444, 7.256854249492380227, 2.000000000000000000 ) ) ;
#2188 = PLANE ( 'NONE',  #5960 ) ;
#2189 = FACE_OUTER_BOUND ( 'NONE', #3052, .T. ) ;
#2190 = EDGE_CURVE ( 'NONE', #7034, #2282, #6221, .T. ) ;
#2191 = CARTESIAN_POINT ( 'NONE',  ( 0.6250000000000005551, 0.1999999999999999833, 2.000000000000000000 ) ) ;
#2192 = LINE ( 'NONE', #2068, #1172 ) ;
#2193 = VERTEX_POINT ( 'NONE', #298 ) ;
#2194 = FACE_OUTER_BOUND ( 'NONE', #5139, .T. ) ;
#2195 = VERTEX_POINT ( 'NONE', #5531 ) ;
#2196 = DIRECTION ( 'NONE',  ( 0.000000000000000000, 0.000000000000000000, 1.000000000000000000 ) ) ;
#2197 =( NAMED_UNIT ( * ) SI_UNIT ( $, .STERADIAN. ) SOLID_ANGLE_UNIT ( ) );
#2198 = DIRECTION ( 'NONE',  ( -1.000000000000000000, 0.000000000000000000, 7.885106708985496922E-16 ) ) ;
#2199 = CIRCLE ( 'NONE', #5269, 0.1249999999999998890 ) ;
#2200 = ORIENTED_EDGE ( 'NONE', *, *, #1148, .T. ) ;
#2201 = LINE ( 'NONE', #8186, #6799 ) ;
#2202 = EDGE_CURVE ( 'NONE', #7048, #3590, #3537, .T. ) ;
#2203 = CARTESIAN_POINT ( 'NONE',  ( -0.6249999999999996669, 0.2000000000000000111, 2.000000000000000000 ) ) ;
#2204 = ORIENTED_EDGE ( 'NONE', *, *, #5925, .T. ) ;
#2205 = CARTESIAN_POINT ( 'NONE',  ( 1.250000000000000444, 0.2000000000000000111, -1.725000000000000089 ) ) ;
#2206 = ORIENTED_EDGE ( 'NONE', *, *, #6563, .T. ) ;
#2207 = AXIS2_PLACEMENT_3D ( 'NONE', #4892, #437, #391 ) ;
#2208 = ORIENTED_EDGE ( 'NONE', *, *, #7274, .F. ) ;
#2209 = EDGE_CURVE ( 'NONE', #6220, #5464, #8038, .T. ) ;
#2210 = EDGE_LOOP ( 'NONE', ( #2360, #2393, #4508, #5655 ) ) ;
#2211 = DIRECTION ( 'NONE',  ( -0.000000000000000000, -1.000000000000000000, -0.000000000000000000 ) ) ;
#2212 = VECTOR ( 'NONE', #6407, 1000.000000000000000 ) ;
#2213 = EDGE_CURVE ( 'NONE', #685, #1539, #548, .T. ) ;
#2214 = EDGE_CURVE ( 'NONE', #4582, #148, #3675, .T. ) ;
#2215 = AXIS2_PLACEMENT_3D ( 'NONE', #589, #5903, #8544 ) ;
#2216 = DIRECTION ( 'NONE',  ( 0.000000000000000000, 1.000000000000000000, 0.000000000000000000 ) ) ;
#2217 = FACE_OUTER_BOUND ( 'NONE', #2971, .T. ) ;
#2218 = VERTEX_POINT ( 'NONE', #3726 ) ;
#2219 =( GEOMETRIC_REPRESENTATION_CONTEXT ( 3 ) GLOBAL_UNCERTAINTY_ASSIGNED_CONTEXT ( ( #1048 ) ) GLOBAL_UNIT_ASSIGNED_CONTEXT ( ( #4712, #6004, #7361 ) ) REPRESENTATION_CONTEXT ( 'NONE', 'WORKASPACE' ) );
#2220 = LINE ( 'NONE', #4232, #6878 ) ;
#2221 = VECTOR ( 'NONE', #4894, 1000.000000000000000 ) ;
#2222 = ORIENTED_EDGE ( 'NONE', *, *, #4881, .F. ) ;
#2223 = CARTESIAN_POINT ( 'NONE',  ( 0.2500000000000004441, 0.6716990566028298026, 1.600000000000000311 ) ) ;
#2224 = EDGE_CURVE ( 'NONE', #1129, #6202, #2357, .T. ) ;
#2225 = ORIENTED_EDGE ( 'NONE', *, *, #7822, .T. ) ;
#2226 = CARTESIAN_POINT ( 'NONE',  ( 1.724999999999999867, 0.05000000000000002359, 0.7500000000000002220 ) ) ;
#2227 = AXIS2_PLACEMENT_3D ( 'NONE', #7761, #1809, #1633 ) ;
#2228 = EDGE_LOOP ( 'NONE', ( #3639, #5680, #4489, #1386 ) ) ;
#2229 = PRESENTATION_STYLE_ASSIGNMENT (( #6966 ) ) ;
#2230 = ADVANCED_FACE ( 'NONE', ( #5180 ), #1701, .T. ) ;
#2231 = DIRECTION ( 'NONE',  ( -0.000000000000000000, -0.000000000000000000, 1.000000000000000000 ) ) ;
#2232 = VECTOR ( 'NONE', #6155, 1000.000000000000000 ) ;
#2233 = AXIS2_PLACEMENT_3D ( 'NONE', #6494, #5284, #1183 ) ;
#2234 = EDGE_LOOP ( 'NONE', ( #2727, #7093, #8336, #1584 ) ) ;
#2235 = CARTESIAN_POINT ( 'NONE',  ( 1.724999999999999867, 0.6716990566028301357, -1.124999999999999778 ) ) ;
#2236 = DIRECTION ( 'NONE',  ( -1.000000000000000000, 0.000000000000000000, 0.000000000000000000 ) ) ;
#2237 = DIRECTION ( 'NONE',  ( 0.000000000000000000, 0.000000000000000000, 1.000000000000000000 ) ) ;
#2238 = VECTOR ( 'NONE', #1832, 1000.000000000000000 ) ;
#2239 = CARTESIAN_POINT ( 'NONE',  ( -0.8749999999999994449, 0.1999999999999999833, -2.000000000000000000 ) ) ;
#2240 = CARTESIAN_POINT ( 'NONE',  ( -0.7499999999999995559, 0.6716990566028298026, 1.725000000000000089 ) ) ;
#2241 = EDGE_LOOP ( 'NONE', ( #3092, #7950, #7862, #6272 ) ) ;
#2242 = DIRECTION ( 'NONE',  ( -0.000000000000000000, -1.000000000000000000, -0.000000000000000000 ) ) ;
#2243 = ORIENTED_EDGE ( 'NONE', *, *, #3178, .T. ) ;
#2244 = PLANE ( 'NONE',  #2723 ) ;
#2245 = DIRECTION ( 'NONE',  ( -1.000000000000000000, -0.000000000000000000, -7.885106708985496922E-16 ) ) ;
#2246 = LINE ( 'NONE', #230, #2232 ) ;
#2247 = EDGE_LOOP ( 'NONE', ( #1744, #7459, #85, #635 ) ) ;
#2248 = LINE ( 'NONE', #934, #7500 ) ;
#2249 = PLANE ( 'NONE',  #7958 ) ;
#2250 = ORIENTED_EDGE ( 'NONE', *, *, #3765, .T. ) ;
#2251 = CIRCLE ( 'NONE', #4749, 0.1249999999999998890 ) ;
#2252 = CARTESIAN_POINT ( 'NONE',  ( 1.125000000000000666, 0.04999999999999969746, -2.000000000000000000 ) ) ;
#2253 = ORIENTED_EDGE ( 'NONE', *, *, #3623, .F. ) ;
#2254 = DIRECTION ( 'NONE',  ( -0.000000000000000000, -1.000000000000000000, -0.000000000000000000 ) ) ;
#2255 = CARTESIAN_POINT ( 'NONE',  ( 1.250000000000000444, 0.2000000000000000111, 1.600000000000000311 ) ) ;
#2256 = EDGE_LOOP ( 'NONE', ( #1696, #7601, #1897, #3325 ) ) ;
#2257 = DIRECTION ( 'NONE',  ( -1.000000000000000000, 0.000000000000000000, -7.885106708985496922E-16 ) ) ;
#2258 =( NAMED_UNIT ( * ) SI_UNIT ( $, .STERADIAN. ) SOLID_ANGLE_UNIT ( ) );
#2259 = CARTESIAN_POINT ( 'NONE',  ( -0.1249999999999996808, 0.6716990566028298026, 2.000000000000000000 ) ) ;
#2260 = EDGE_LOOP ( 'NONE', ( #2814, #7786, #2011, #8562 ) ) ;
#2261 = EDGE_CURVE ( 'NONE', #1959, #2442, #115, .T. ) ;
#2262 = CARTESIAN_POINT ( 'NONE',  ( -1.692307692307692069, 0.8000000000000000444, -1.692307692307692513 ) ) ;
#2263 = EDGE_LOOP ( 'NONE', ( #393, #2342, #7046, #4368 ) ) ;
#2264 = CARTESIAN_POINT ( 'NONE',  ( -1.999999999999999556, 0.6716990566028301357, 1.375000000000000666 ) ) ;
#2265 = VERTEX_POINT ( 'NONE', #3384 ) ;
#2266 = CARTESIAN_POINT ( 'NONE',  ( -1.249999999999999556, 0.2000000000000000111, -1.725000000000000089 ) ) ;
#2267 = DIRECTION ( 'NONE',  ( -1.000000000000000000, 0.000000000000000000, 0.000000000000000000 ) ) ;
#2268 = CIRCLE ( 'NONE', #597, 0.1249999999999998890 ) ;
#2269 = ORIENTED_EDGE ( 'NONE', *, *, #8279, .F. ) ;
#2270 = UNCERTAINTY_MEASURE_WITH_UNIT (LENGTH_MEASURE( 1.000000000000000082E-05 ), #5957, 'distance_accuracy_value', 'NONE');
#2271 = FACE_OUTER_BOUND ( 'NONE', #2704, .T. ) ;
#2272 = EDGE_CURVE ( 'NONE', #2308, #2543, #22, .T. ) ;
#2273 = DIRECTION ( 'NONE',  ( 0.000000000000000000, -1.000000000000000000, 0.000000000000000000 ) ) ;
#2274 = VERTEX_POINT ( 'NONE', #3302 ) ;
#2275 = VECTOR ( 'NONE', #3310, 1000.000000000000000 ) ;
#2276 = CARTESIAN_POINT ( 'NONE',  ( 1.125000000000000666, 0.05000000000000012768, 1.125000000000000888 ) ) ;
#2277 = DIRECTION ( 'NONE',  ( 0.000000000000000000, 0.000000000000000000, -1.000000000000000000 ) ) ;
#2278 = CARTESIAN_POINT ( 'NONE',  ( 1.225000000000000755, 0.2000000000000000944, -1.225000000000000311 ) ) ;
#2279 = VECTOR ( 'NONE', #7087, 1000.000000000000000 ) ;
#2280 = CARTESIAN_POINT ( 'NONE',  ( -1.249999999999999556, 0.2000000000000000111, 1.725000000000000089 ) ) ;
#2281 = CARTESIAN_POINT ( 'NONE',  ( 1.724999999999999867, 0.05000000000000002359, -0.6249999999999996669 ) ) ;
#2282 = VERTEX_POINT ( 'NONE', #6029 ) ;
#2283 = CYLINDRICAL_SURFACE ( 'NONE', #3050, 0.1249999999999998890 ) ;
#2284 = CARTESIAN_POINT ( 'NONE',  ( -0.8749999999999994449, 0.2000000000000000111, 2.000000000000000000 ) ) ;
#2285 = AXIS2_PLACEMENT_3D ( 'NONE', #5643, #5043, #937 ) ;
#2286 = ADVANCED_FACE ( 'NONE', ( #5264 ), #2567, .T. ) ;
#2287 = ORIENTED_EDGE ( 'NONE', *, *, #7315, .F. ) ;
#2288 = DIRECTION ( 'NONE',  ( 0.000000000000000000, -0.000000000000000000, -1.000000000000000000 ) ) ;
#2289 = CARTESIAN_POINT ( 'NONE',  ( 1.125000000000000666, 0.1999999999999996503, -2.000000000000000000 ) ) ;
#2290 = VERTEX_POINT ( 'NONE', #3257 ) ;
#2291 = PLANE ( 'NONE',  #8096 ) ;
#2292 = ORIENTED_EDGE ( 'NONE', *, *, #6736, .T. ) ;
#2293 =( LENGTH_UNIT ( ) NAMED_UNIT ( * ) SI_UNIT ( .MILLI., .METRE. ) );
#2294 = AXIS2_PLACEMENT_3D ( 'NONE', #2563, #18, #1287 ) ;
#2295 = ORIENTED_EDGE ( 'NONE', *, *, #5216, .F. ) ;
#2296 = LINE ( 'NONE', #5092, #7483 ) ;
#2297 = VERTEX_POINT ( 'NONE', #4529 ) ;
#2298 = LINE ( 'NONE', #4961, #7866 ) ;
#2299 = ADVANCED_FACE ( 'NONE', ( #8501 ), #678, .F. ) ;
#2300 =( GEOMETRIC_REPRESENTATION_CONTEXT ( 3 ) GLOBAL_UNCERTAINTY_ASSIGNED_CONTEXT ( ( #1395 ) ) GLOBAL_UNIT_ASSIGNED_CONTEXT ( ( #7531, #2404, #7229 ) ) REPRESENTATION_CONTEXT ( 'NONE', 'WORKASPACE' ) );
#2301 = DIRECTION ( 'NONE',  ( 0.000000000000000000, -1.000000000000000000, 0.000000000000000000 ) ) ;
#2302 = EDGE_CURVE ( 'NONE', #1032, #933, #62, .T. ) ;
#2303 = CIRCLE ( 'NONE', #7847, 0.1249999999999998890 ) ;
#2304 = DIRECTION ( 'NONE',  ( 0.000000000000000000, 1.000000000000000000, -0.000000000000000000 ) ) ;
#2305 = VERTEX_POINT ( 'NONE', #3879 ) ;
#2306 = CARTESIAN_POINT ( 'NONE',  ( -1.999999999999999556, 0.6716990566028301357, -0.3749999999999998890 ) ) ;
#2307 =( GEOMETRIC_REPRESENTATION_CONTEXT ( 3 ) GLOBAL_UNCERTAINTY_ASSIGNED_CONTEXT ( ( #8258 ) ) GLOBAL_UNIT_ASSIGNED_CONTEXT ( ( #6380, #3835, #2992 ) ) REPRESENTATION_CONTEXT ( 'NONE', 'WORKASPACE' ) );
#2308 = VERTEX_POINT ( 'NONE', #2735 ) ;
#2309 = LINE ( 'NONE', #4282, #631 ) ;
#2310 = PRESENTATION_LAYER_ASSIGNMENT (  '', '', ( #8405 ) ) ;
#2311 = EDGE_CURVE ( 'NONE', #6818, #6307, #5991, .T. ) ;
#2312 = ORIENTED_EDGE ( 'NONE', *, *, #4490, .F. ) ;
#2313 = DIRECTION ( 'NONE',  ( -1.000000000000000000, 0.000000000000000000, -7.885106708985496922E-16 ) ) ;
#2314 = ADVANCED_FACE ( 'NONE', ( #2697 ), #3349, .F. ) ;
#2315 = CIRCLE ( 'NONE', #7040, 0.1249999999999998890 ) ;
#2316 = ORIENTED_EDGE ( 'NONE', *, *, #674, .F. ) ;
#2317 = LINE ( 'NONE', #1001, #341 ) ;
#2318 = FACE_OUTER_BOUND ( 'NONE', #4816, .T. ) ;
#2319 = ORIENTED_EDGE ( 'NONE', *, *, #939, .T. ) ;
#2320 = DIRECTION ( 'NONE',  ( 1.000000000000000000, 0.000000000000000000, -7.885106708985496922E-16 ) ) ;
#2321 = CARTESIAN_POINT ( 'NONE',  ( 1.999999999999999556, 0.6716990566028301357, -1.124999999999999556 ) ) ;
#2322 = EDGE_CURVE ( 'NONE', #6207, #4902, #1953, .T. ) ;
#2323 = FACE_OUTER_BOUND ( 'NONE', #8552, .T. ) ;
#2324 = FACE_OUTER_BOUND ( 'NONE', #6196, .T. ) ;
#2325 = CARTESIAN_POINT ( 'NONE',  ( 1.999999999999999556, 0.6716990566028301357, -1.124999999999999556 ) ) ;
#2326 = EDGE_LOOP ( 'NONE', ( #4536, #6870, #5316, #2750 ) ) ;
#2327 = EDGE_CURVE ( 'NONE', #2554, #5056, #5947, .T. ) ;
#2328 = SURFACE_SIDE_STYLE ('',( #6282 ) ) ;
#2329 = CARTESIAN_POINT ( 'NONE',  ( -1.124999999999999778, 0.05000000000000000278, 0.000000000000000000 ) ) ;
#2330 = DIRECTION ( 'NONE',  ( 0.000000000000000000, -0.000000000000000000, 1.000000000000000000 ) ) ;
#2331 = ORIENTED_EDGE ( 'NONE', *, *, #445, .F. ) ;
#2332 = EDGE_CURVE ( 'NONE', #7636, #6156, #7261, .T. ) ;
#2333 = DIRECTION ( 'NONE',  ( 0.000000000000000000, 0.000000000000000000, 1.000000000000000000 ) ) ;
#2334 = DIRECTION ( 'NONE',  ( 0.000000000000000000, -1.000000000000000000, 0.000000000000000000 ) ) ;
#2335 = ORIENTED_EDGE ( 'NONE', *, *, #5555, .T. ) ;
#2336 = DIRECTION ( 'NONE',  ( -1.000000000000000000, 0.000000000000000000, 7.885106708985496922E-16 ) ) ;
#2337 = ORIENTED_EDGE ( 'NONE', *, *, #2863, .T. ) ;
#2338 = EDGE_CURVE ( 'NONE', #4162, #8578, #1373, .T. ) ;
#2339 = AXIS2_PLACEMENT_3D ( 'NONE', #7148, #5288, #7966 ) ;
#2340 = DIRECTION ( 'NONE',  ( 7.885106708985496922E-16, 0.000000000000000000, -1.000000000000000000 ) ) ;
#2341 = CARTESIAN_POINT ( 'NONE',  ( -1.124999999999999778, 0.2000000000000000111, 2.000000000000000000 ) ) ;
#2342 = ORIENTED_EDGE ( 'NONE', *, *, #3077, .T. ) ;
#2343 = CARTESIAN_POINT ( 'NONE',  ( -0.8749999999999994449, 0.04999999999999969746, 2.000000000000000000 ) ) ;
#2344 = CARTESIAN_POINT ( 'NONE',  ( 0.1250000000000005551, 0.000000000000000000, 2.000000000000000000 ) ) ;
#2345 = DIRECTION ( 'NONE',  ( -7.885106708985496922E-16, 0.000000000000000000, 1.000000000000000000 ) ) ;
#2346 = VECTOR ( 'NONE', #3732, 1000.000000000000000 ) ;
#2347 = FACE_OUTER_BOUND ( 'NONE', #2128, .T. ) ;
#2348 = ORIENTED_EDGE ( 'NONE', *, *, #1621, .F. ) ;
#2349 = ORIENTED_EDGE ( 'NONE', *, *, #3099, .F. ) ;
#2350 = VECTOR ( 'NONE', #3370, 1000.000000000000000 ) ;
#2351 = ORIENTED_EDGE ( 'NONE', *, *, #1670, .T. ) ;
#2352 = EDGE_CURVE ( 'NONE', #912, #1759, #8590, .T. ) ;
#2353 = CARTESIAN_POINT ( 'NONE',  ( -0.7499999999999995559, 0.000000000000000000, 1.600000000000000311 ) ) ;
#2354 = CIRCLE ( 'NONE', #5956, 0.1000000000000000472 ) ;
#2355 =( NAMED_UNIT ( * ) SI_UNIT ( $, .STERADIAN. ) SOLID_ANGLE_UNIT ( ) );
#2356 = ORIENTED_EDGE ( 'NONE', *, *, #3880, .T. ) ;
#2357 = LINE ( 'NONE', #5705, #6521 ) ;
#2358 = CARTESIAN_POINT ( 'NONE',  ( -1.374999999999999556, 0.1999999999999999833, 1.725000000000000311 ) ) ;
#2359 = AXIS2_PLACEMENT_3D ( 'NONE', #2226, #1250, #4013 ) ;
#2360 = ORIENTED_EDGE ( 'NONE', *, *, #4057, .T. ) ;
#2361 = CIRCLE ( 'NONE', #2775, 0.1249999999999998890 ) ;
#2362 = LINE ( 'NONE', #5533, #7844 ) ;
#2363 = EDGE_CURVE ( 'NONE', #7975, #617, #6559, .T. ) ;
#2364 = CARTESIAN_POINT ( 'NONE',  ( -1.999999999999999556, 0.1999999999999996503, -0.1249999999999996808 ) ) ;
#2365 = ORIENTED_EDGE ( 'NONE', *, *, #2214, .F. ) ;
#2366 = EDGE_CURVE ( 'NONE', #6833, #3628, #720, .T. ) ;
#2367 = VECTOR ( 'NONE', #5554, 1000.000000000000000 ) ;
#2368 = CARTESIAN_POINT ( 'NONE',  ( -1.999999999999999556, 0.1999999999999999833, -1.124999999999999556 ) ) ;
#2369 = DIRECTION ( 'NONE',  ( 0.000000000000000000, 0.000000000000000000, -1.000000000000000000 ) ) ;
#2370 = VECTOR ( 'NONE', #4501, 1000.000000000000000 ) ;
#2371 = CARTESIAN_POINT ( 'NONE',  ( -0.1249999999999996808, 0.2000000000000000111, 2.000000000000000000 ) ) ;
#2372 = AXIS2_PLACEMENT_3D ( 'NONE', #1096, #5588, #1754 ) ;
#2373 = DIRECTION ( 'NONE',  ( 0.000000000000000000, 0.000000000000000000, 1.000000000000000000 ) ) ;
#2374 = CARTESIAN_POINT ( 'NONE',  ( -1.249999999999999556, 0.2000000000000000111, -1.725000000000000089 ) ) ;
#2375 = ORIENTED_EDGE ( 'NONE', *, *, #4706, .T. ) ;
#2376 = EDGE_CURVE ( 'NONE', #5473, #4193, #5312, .T. ) ;
#2377 = DIRECTION ( 'NONE',  ( -1.000000000000000000, 0.000000000000000000, 0.000000000000000000 ) ) ;
#2378 = LINE ( 'NONE', #313, #3191 ) ;
#2379 = LINE ( 'NONE', #1716, #3893 ) ;
#2380 = VERTEX_POINT ( 'NONE', #5222 ) ;
#2381 = DIRECTION ( 'NONE',  ( 0.000000000000000000, -1.000000000000000000, 0.000000000000000000 ) ) ;
#2382 = FACE_OUTER_BOUND ( 'NONE', #4101, .T. ) ;
#2383 = VERTEX_POINT ( 'NONE', #4569 ) ;
#2384 = CARTESIAN_POINT ( 'NONE',  ( -0.8749999999999994449, 0.04999999999999999584, -1.725000000000000311 ) ) ;
#2385 = ORIENTED_EDGE ( 'NONE', *, *, #5369, .T. ) ;
#2386 = DIRECTION ( 'NONE',  ( -0.000000000000000000, -1.000000000000000000, -0.000000000000000000 ) ) ;
#2387 = STYLED_ITEM ( 'NONE', ( #157 ), #3580 ) ;
#2388 = DIRECTION ( 'NONE',  ( 0.000000000000000000, 0.000000000000000000, -1.000000000000000000 ) ) ;
#2389 = CARTESIAN_POINT ( 'NONE',  ( -1.374999999999999556, 0.04999999999999999584, -1.725000000000000311 ) ) ;
#2390 = DIRECTION ( 'NONE',  ( -0.000000000000000000, -1.000000000000000000, 0.000000000000000000 ) ) ;
#2391 = AXIS2_PLACEMENT_3D ( 'NONE', #3754, #461, #2481 ) ;
#2392 = DIRECTION ( 'NONE',  ( -0.000000000000000000, -0.000000000000000000, -1.000000000000000000 ) ) ;
#2393 = ORIENTED_EDGE ( 'NONE', *, *, #2967, .F. ) ;
#2394 = FACE_OUTER_BOUND ( 'NONE', #7900, .T. ) ;
#2395 = ORIENTED_EDGE ( 'NONE', *, *, #2202, .T. ) ;
#2396 = ORIENTED_EDGE ( 'NONE', *, *, #4777, .F. ) ;
#2397 = ORIENTED_EDGE ( 'NONE', *, *, #3979, .T. ) ;
#2398 =( NAMED_UNIT ( * ) PLANE_ANGLE_UNIT ( ) SI_UNIT ( $, .RADIAN. ) );
#2399 = ORIENTED_EDGE ( 'NONE', *, *, #2332, .T. ) ;
#2400 = CARTESIAN_POINT ( 'NONE',  ( -1.999999999999999556, 0.6716990566028301357, -0.6249999999999994449 ) ) ;
#2401 = PRESENTATION_STYLE_ASSIGNMENT (( #7615 ) ) ;
#2402 = CARTESIAN_POINT ( 'NONE',  ( -0.2499999999999995837, 0.000000000000000000, 1.600000000000000311 ) ) ;
#2403 = ORIENTED_EDGE ( 'NONE', *, *, #1963, .F. ) ;
#2404 =( NAMED_UNIT ( * ) PLANE_ANGLE_UNIT ( ) SI_UNIT ( $, .RADIAN. ) );
#2405 = CARTESIAN_POINT ( 'NONE',  ( -6.899468370362322010E-16, 0.05000000000000000278, -0.8750000000000015543 ) ) ;
#2406 = ORIENTED_EDGE ( 'NONE', *, *, #5681, .T. ) ;
#2407 = DIRECTION ( 'NONE',  ( 7.885106708985496922E-16, -0.000000000000000000, 1.000000000000000000 ) ) ;
#2408 = DIRECTION ( 'NONE',  ( 0.000000000000000000, 1.000000000000000000, 0.000000000000000000 ) ) ;
#2409 = EDGE_CURVE ( 'NONE', #6694, #6376, #4658, .T. ) ;
#2410 = DIRECTION ( 'NONE',  ( -0.000000000000000000, -1.000000000000000000, -0.000000000000000000 ) ) ;
#2411 = EDGE_CURVE ( 'NONE', #1081, #5385, #1997, .T. ) ;
#2412 = CARTESIAN_POINT ( 'NONE',  ( -1.999999999999999556, 0.6716990566028301357, -0.6249999999999994449 ) ) ;
#2413 = DIRECTION ( 'NONE',  ( 0.000000000000000000, 0.000000000000000000, -1.000000000000000000 ) ) ;
#2414 = AXIS2_PLACEMENT_3D ( 'NONE', #6116, #147, #2816 ) ;
#2415 = ORIENTED_EDGE ( 'NONE', *, *, #7368, .T. ) ;
#2416 = CARTESIAN_POINT ( 'NONE',  ( -1.999999999999999556, 0.6716990566028301357, -0.6249999999999994449 ) ) ;
#2417 = CARTESIAN_POINT ( 'NONE',  ( -0.8749999999999994449, 0.2000000000000000111, -1.725000000000000311 ) ) ;
#2418 = FACE_OUTER_BOUND ( 'NONE', #4518, .T. ) ;
#2419 = EDGE_CURVE ( 'NONE', #617, #161, #276, .T. ) ;
#2420 = ORIENTED_EDGE ( 'NONE', *, *, #4238, .T. ) ;
#2421 = DIRECTION ( 'NONE',  ( 1.000000000000000000, 0.000000000000000000, 8.850629979473501081E-17 ) ) ;
#2422 = VECTOR ( 'NONE', #8602, 1000.000000000000000 ) ;
#2423 = EDGE_CURVE ( 'NONE', #2383, #1065, #2897, .T. ) ;
#2424 = CARTESIAN_POINT ( 'NONE',  ( 0.2500000000000004441, 0.2000000000000000111, 1.600000000000000311 ) ) ;
#2425 = EDGE_CURVE ( 'NONE', #6742, #7896, #3605, .T. ) ;
#2426 = ORIENTED_EDGE ( 'NONE', *, *, #7117, .T. ) ;
#2427 = CARTESIAN_POINT ( 'NONE',  ( 1.125000000000000666, 0.000000000000000000, 1.125000000000000888 ) ) ;
#2428 = EDGE_LOOP ( 'NONE', ( #3964, #2850, #368, #6768 ) ) ;
#2429 = FACE_OUTER_BOUND ( 'NONE', #7132, .T. ) ;
#2430 = CIRCLE ( 'NONE', #4237, 0.1249999999999998890 ) ;
#2431 = DIRECTION ( 'NONE',  ( 0.000000000000000000, 1.000000000000000000, -0.000000000000000000 ) ) ;
#2432 = CARTESIAN_POINT ( 'NONE',  ( 0.2500000000000004441, 0.000000000000000000, 1.600000000000000311 ) ) ;
#2433 = CARTESIAN_POINT ( 'NONE',  ( -1.999999999999999556, 0.000000000000000000, 1.375000000000000666 ) ) ;
#2434 = EDGE_CURVE ( 'NONE', #2290, #6266, #7366, .T. ) ;
#2435 = EDGE_CURVE ( 'NONE', #4095, #4689, #2248, .T. ) ;
#2436 = CARTESIAN_POINT ( 'NONE',  ( 0.8750000000000003331, 0.04999999999999999584, -1.725000000000000311 ) ) ;
#2437 = AXIS2_PLACEMENT_3D ( 'NONE', #8538, #8579, #5938 ) ;
#2438 = ORIENTED_EDGE ( 'NONE', *, *, #7524, .F. ) ;
#2439 = CARTESIAN_POINT ( 'NONE',  ( 1.999999999999999556, 0.6716990566028301357, 0.6250000000000001110 ) ) ;
#2440 = ORIENTED_EDGE ( 'NONE', *, *, #6094, .T. ) ;
#2441 = CLOSED_SHELL ( 'NONE', ( #3014, #1389, #4104, #5450, #4588, #4979 ) ) ;
#2442 = VERTEX_POINT ( 'NONE', #4217 ) ;
#2443 = ORIENTED_EDGE ( 'NONE', *, *, #2311, .T. ) ;
#2444 = EDGE_CURVE ( 'NONE', #7216, #7306, #4859, .T. ) ;
#2445 = LINE ( 'NONE', #8426, #7036 ) ;
#2446 = STYLED_ITEM ( 'NONE', ( #7325 ), #6152 ) ;
#2447 = ORIENTED_EDGE ( 'NONE', *, *, #2147, .F. ) ;
#2448 = AXIS2_PLACEMENT_3D ( 'NONE', #3298, #4322, #7438 ) ;
#2449 = DIRECTION ( 'NONE',  ( 0.000000000000000000, -1.000000000000000000, 0.000000000000000000 ) ) ;
#2450 = VERTEX_POINT ( 'NONE', #5432 ) ;
#2451 = PRESENTATION_LAYER_ASSIGNMENT (  '', '', ( #908 ) ) ;
#2452 = FACE_OUTER_BOUND ( 'NONE', #7357, .T. ) ;
#2453 = LINE ( 'NONE', #7182, #2904 ) ;
#2454 = PRESENTATION_LAYER_ASSIGNMENT (  '', '', ( #1887 ) ) ;
#2455 = EDGE_LOOP ( 'NONE', ( #1541, #2033, #6564, #818 ) ) ;
#2456 = DIRECTION ( 'NONE',  ( 0.000000000000000000, 0.000000000000000000, -1.000000000000000000 ) ) ;
#2457 = CIRCLE ( 'NONE', #7722, 0.1250000000000001110 ) ;
#2458 = CARTESIAN_POINT ( 'NONE',  ( -1.999999999999999556, 0.05000000000000000278, 2.000000000000000444 ) ) ;
#2459 = STYLED_ITEM ( 'NONE', ( #2476 ), #6458 ) ;
#2460 = CARTESIAN_POINT ( 'NONE',  ( 1.724999999999999867, 0.1999999999999999833, 0.6249999999999998890 ) ) ;
#2461 = CIRCLE ( 'NONE', #1058, 0.1333333333333333870 ) ;
#2462 = CARTESIAN_POINT ( 'NONE',  ( 1.999999999999999556, 0.000000000000000000, -1.124999999999999556 ) ) ;
#2463 = CARTESIAN_POINT ( 'NONE',  ( -1.249999999999999556, 0.1999999999999999833, 1.725000000000000089 ) ) ;
#2464 = ORIENTED_EDGE ( 'NONE', *, *, #4330, .F. ) ;
#2465 = DIRECTION ( 'NONE',  ( 1.000000000000000000, 0.000000000000000000, 0.000000000000000000 ) ) ;
#2466 = DIRECTION ( 'NONE',  ( -1.000000000000000000, 0.000000000000000000, 0.000000000000000000 ) ) ;
#2467 = EDGE_CURVE ( 'NONE', #7653, #1280, #6810, .T. ) ;
#2468 = CARTESIAN_POINT ( 'NONE',  ( -1.999999999999999556, 0.04999999999999969746, -1.375000000000000000 ) ) ;
#2469 = EDGE_LOOP ( 'NONE', ( #724, #1020, #7935, #711 ) ) ;
#2470 = DIRECTION ( 'NONE',  ( 0.000000000000000000, -1.000000000000000000, 0.000000000000000000 ) ) ;
#2471 = VECTOR ( 'NONE', #1106, 1000.000000000000000 ) ;
#2472 = LINE ( 'NONE', #6504, #1430 ) ;
#2473 = ORIENTED_EDGE ( 'NONE', *, *, #1286, .F. ) ;
#2474 = FACE_OUTER_BOUND ( 'NONE', #1846, .T. ) ;
#2475 = VERTEX_POINT ( 'NONE', #2942 ) ;
#2476 = PRESENTATION_STYLE_ASSIGNMENT (( #8326 ) ) ;
#2477 = CARTESIAN_POINT ( 'NONE',  ( 1.250000000000000444, 0.6716990566028298026, -1.725000000000000089 ) ) ;
#2478 = LINE ( 'NONE', #5001, #6784 ) ;
#2479 = EDGE_CURVE ( 'NONE', #7218, #5097, #99, .T. ) ;
#2480 = CARTESIAN_POINT ( 'NONE',  ( 2.000000000000000444, 0.05000000000000000278, 2.000000000000000000 ) ) ;
#2481 = DIRECTION ( 'NONE',  ( 0.000000000000000000, 0.000000000000000000, -1.000000000000000000 ) ) ;
#2482 = EDGE_LOOP ( 'NONE', ( #3805, #7701, #1598, #455 ) ) ;
#2483 = PLANE ( 'NONE',  #888 ) ;
#2484 = ORIENTED_EDGE ( 'NONE', *, *, #5391, .F. ) ;
#2485 = ORIENTED_EDGE ( 'NONE', *, *, #3507, .F. ) ;
#2486 = EDGE_CURVE ( 'NONE', #4451, #5930, #7225, .T. ) ;
#2487 = ORIENTED_EDGE ( 'NONE', *, *, #910, .T. ) ;
#2488 = EDGE_CURVE ( 'NONE', #1417, #8425, #8098, .T. ) ;
#2489 =( LENGTH_UNIT ( ) NAMED_UNIT ( * ) SI_UNIT ( .MILLI., .METRE. ) );
#2490 = VECTOR ( 'NONE', #927, 1000.000000000000000 ) ;
#2491 = DIRECTION ( 'NONE',  ( -0.000000000000000000, -1.000000000000000000, -0.000000000000000000 ) ) ;
#2492 = CARTESIAN_POINT ( 'NONE',  ( 1.375000000000000444, 0.000000000000000000, 2.000000000000000000 ) ) ;
#2493 = EDGE_LOOP ( 'NONE', ( #1429, #4060, #285, #2952 ) ) ;
#2494 = DIRECTION ( 'NONE',  ( 0.000000000000000000, -0.000000000000000000, -1.000000000000000000 ) ) ;
#2495 = DIRECTION ( 'NONE',  ( 0.000000000000000000, 1.000000000000000000, 0.000000000000000000 ) ) ;
#2496 = VECTOR ( 'NONE', #1728, 1000.000000000000000 ) ;
#2497 = ORIENTED_EDGE ( 'NONE', *, *, #5601, .T. ) ;
#2498 = EDGE_CURVE ( 'NONE', #4811, #1783, #2770, .T. ) ;
#2499 = LINE ( 'NONE', #3816, #5012 ) ;
#2500 = DIRECTION ( 'NONE',  ( 0.000000000000000000, -1.000000000000000000, 0.000000000000000000 ) ) ;
#2501 = AXIS2_PLACEMENT_3D ( 'NONE', #7592, #5121, #7758 ) ;
#2502 = CARTESIAN_POINT ( 'NONE',  ( -1.724999999999999867, 0.1999999999999999833, -1.249999999999999778 ) ) ;
#2503 = AXIS2_PLACEMENT_3D ( 'NONE', #447, #2466, #4947 ) ;
#2504 = EDGE_CURVE ( 'NONE', #2927, #6809, #4907, .T. ) ;
#2505 = LINE ( 'NONE', #2462, #5493 ) ;
#2506 = FACE_OUTER_BOUND ( 'NONE', #627, .T. ) ;
#2507 = VECTOR ( 'NONE', #5617, 1000.000000000000000 ) ;
#2508 = ORIENTED_EDGE ( 'NONE', *, *, #6693, .T. ) ;
#2509 = VECTOR ( 'NONE', #2636, 1000.000000000000000 ) ;
#2510 = DIRECTION ( 'NONE',  ( 0.000000000000000000, 0.000000000000000000, -1.000000000000000000 ) ) ;
#2511 = DIRECTION ( 'NONE',  ( -1.000000000000000000, 0.000000000000000000, 0.000000000000000000 ) ) ;
#2512 = DIRECTION ( 'NONE',  ( 0.000000000000000000, 0.000000000000000000, -1.000000000000000000 ) ) ;
#2513 = ORIENTED_EDGE ( 'NONE', *, *, #977, .F. ) ;
#2514 = CARTESIAN_POINT ( 'NONE',  ( 1.999999999999999556, 0.1999999999999999833, -1.375000000000000000 ) ) ;
#2515 = AXIS2_PLACEMENT_3D ( 'NONE', #4484, #2953, #7983 ) ;
#2516 = VECTOR ( 'NONE', #2858, 1000.000000000000000 ) ;
#2517 = DIRECTION ( 'NONE',  ( 1.000000000000000000, 0.000000000000000000, -0.000000000000000000 ) ) ;
#2518 = ORIENTED_EDGE ( 'NONE', *, *, #7020, .F. ) ;
#2519 = CARTESIAN_POINT ( 'NONE',  ( -0.6249999999999996669, 0.1999999999999999833, 2.000000000000000000 ) ) ;
#2520 = ORIENTED_EDGE ( 'NONE', *, *, #5071, .T. ) ;
#2521 = PLANE ( 'NONE',  #209 ) ;
#2522 = VECTOR ( 'NONE', #1926, 1000.000000000000000 ) ;
#2523 = DIRECTION ( 'NONE',  ( 0.000000000000000000, 0.000000000000000000, 1.000000000000000000 ) ) ;
#2524 = CARTESIAN_POINT ( 'NONE',  ( 1.999999999999999556, 0.000000000000000000, -1.124999999999999556 ) ) ;
#2525 = DIRECTION ( 'NONE',  ( 0.000000000000000000, -1.000000000000000000, 0.000000000000000000 ) ) ;
#2526 = ADVANCED_FACE ( 'NONE', ( #8140 ), #7512, .F. ) ;
#2527 = DIRECTION ( 'NONE',  ( 0.000000000000000000, -0.000000000000000000, 1.000000000000000000 ) ) ;
#2528 = ORIENTED_EDGE ( 'NONE', *, *, #7152, .T. ) ;
#2529 = AXIS2_PLACEMENT_3D ( 'NONE', #3986, #6622, #2673 ) ;
#2530 = FACE_OUTER_BOUND ( 'NONE', #4626, .T. ) ;
#2531 = VERTEX_POINT ( 'NONE', #4817 ) ;
#2532 = ORIENTED_EDGE ( 'NONE', *, *, #1709, .T. ) ;
#2533 =( GEOMETRIC_REPRESENTATION_CONTEXT ( 3 ) GLOBAL_UNCERTAINTY_ASSIGNED_CONTEXT ( ( #2270 ) ) GLOBAL_UNIT_ASSIGNED_CONTEXT ( ( #5957, #853, #3442 ) ) REPRESENTATION_CONTEXT ( 'NONE', 'WORKASPACE' ) );
#2534 = EDGE_CURVE ( 'NONE', #1550, #501, #2201, .T. ) ;
#2535 = CARTESIAN_POINT ( 'NONE',  ( -1.999999999999999556, 0.04999999999999969746, 0.6250000000000001110 ) ) ;
#2536 = LINE ( 'NONE', #4494, #2973 ) ;
#2537 = EDGE_CURVE ( 'NONE', #8227, #7048, #7383, .T. ) ;
#2538 = ORIENTED_EDGE ( 'NONE', *, *, #3526, .T. ) ;
#2539 = EDGE_CURVE ( 'NONE', #5320, #4574, #1547, .T. ) ;
#2540 = CIRCLE ( 'NONE', #7937, 0.1250000000000001110 ) ;
#2541 = LINE ( 'NONE', #5193, #4945 ) ;
#2542 = CARTESIAN_POINT ( 'NONE',  ( 0.6250000000000005551, 0.6716990566028298026, -2.000000000000000000 ) ) ;
#2543 = VERTEX_POINT ( 'NONE', #6203 ) ;
#2544 = LINE ( 'NONE', #1794, #3340 ) ;
#2545 = FACE_OUTER_BOUND ( 'NONE', #1735, .T. ) ;
#2546 = CARTESIAN_POINT ( 'NONE',  ( -0.1249999999999996808, 0.05000000000000000278, 0.000000000000000000 ) ) ;
#2547 = EDGE_CURVE ( 'NONE', #5002, #5610, #4264, .T. ) ;
#2548 = DIRECTION ( 'NONE',  ( 0.000000000000000000, 1.000000000000000000, 0.000000000000000000 ) ) ;
#2549 = LINE ( 'NONE', #2677, #1496 ) ;
#2550 = ORIENTED_EDGE ( 'NONE', *, *, #653, .T. ) ;
#2551 = FILL_AREA_STYLE_COLOUR ( '', #7441 ) ;
#2552 = CARTESIAN_POINT ( 'NONE',  ( 1.125000000000000666, 3.664823227814084650, 1.225000000000000755 ) ) ;
#2553 = CARTESIAN_POINT ( 'NONE',  ( 1.125000000000000666, 0.1999999999999999833, 2.000000000000000000 ) ) ;
#2554 = VERTEX_POINT ( 'NONE', #6243 ) ;
#2555 = DIRECTION ( 'NONE',  ( 0.000000000000000000, -1.000000000000000000, 0.000000000000000000 ) ) ;
#2556 = CARTESIAN_POINT ( 'NONE',  ( -1.224999999999999645, 3.664823227814084650, -1.025000000000000799 ) ) ;
#2557 = ORIENTED_EDGE ( 'NONE', *, *, #5051, .T. ) ;
#2558 = AXIS2_PLACEMENT_3D ( 'NONE', #6204, #233, #4700 ) ;
#2559 = LINE ( 'NONE', #13, #2712 ) ;
#2560 = EDGE_LOOP ( 'NONE', ( #6900, #8016, #1522, #1432 ) ) ;
#2561 = DIRECTION ( 'NONE',  ( -0.000000000000000000, -1.000000000000000000, -0.000000000000000000 ) ) ;
#2562 = EDGE_CURVE ( 'NONE', #6289, #7891, #1418, .T. ) ;
#2563 = CARTESIAN_POINT ( 'NONE',  ( -0.7499999999999995559, 0.2000000000000000111, -1.725000000000000089 ) ) ;
#2564 = DIRECTION ( 'NONE',  ( 0.000000000000000000, 0.000000000000000000, -1.000000000000000000 ) ) ;
#2565 = DIRECTION ( 'NONE',  ( 0.000000000000000000, 1.000000000000000000, -0.000000000000000000 ) ) ;
#2566 = AXIS2_PLACEMENT_3D ( 'NONE', #1876, #5876, #7912 ) ;
#2567 = PLANE ( 'NONE',  #411 ) ;
#2568 = CARTESIAN_POINT ( 'NONE',  ( -0.6249999999999996669, 0.05000000000000000278, 0.000000000000000000 ) ) ;
#2569 = EDGE_LOOP ( 'NONE', ( #725, #556, #2902, #5342 ) ) ;
#2570 = CARTESIAN_POINT ( 'NONE',  ( 1.375000000000000444, 0.2000000000000000111, 2.000000000000000000 ) ) ;
#2571 = ORIENTED_EDGE ( 'NONE', *, *, #2961, .F. ) ;
#2572 = VECTOR ( 'NONE', #2818, 1000.000000000000000 ) ;
#2573 = ADVANCED_FACE ( 'NONE', ( #756 ), #3118, .T. ) ;
#2574 = ORIENTED_EDGE ( 'NONE', *, *, #7414, .T. ) ;
#2575 = FILL_AREA_STYLE ('',( #7821 ) ) ;
#2576 = EDGE_CURVE ( 'NONE', #2660, #8337, #2986, .T. ) ;
#2577 = AXIS2_PLACEMENT_3D ( 'NONE', #5073, #4294, #3073 ) ;
#2578 = CARTESIAN_POINT ( 'NONE',  ( -1.724999999999999867, 0.1999999999999999833, -0.7499999999999997780 ) ) ;
#2579 = ORIENTED_EDGE ( 'NONE', *, *, #484, .T. ) ;
#2580 = PLANE ( 'NONE',  #7023 ) ;
#2581 = FACE_OUTER_BOUND ( 'NONE', #1620, .T. ) ;
#2582 = AXIS2_PLACEMENT_3D ( 'NONE', #1185, #3237, #4468 ) ;
#2583 = EDGE_CURVE ( 'NONE', #1127, #94, #3654, .T. ) ;
#2584 = ORIENTED_EDGE ( 'NONE', *, *, #6649, .F. ) ;
#2585 = CIRCLE ( 'NONE', #8535, 0.1249999999999998890 ) ;
#2586 = FACE_OUTER_BOUND ( 'NONE', #1255, .T. ) ;
#2587 = EDGE_CURVE ( 'NONE', #5464, #4187, #450, .T. ) ;
#2588 = CARTESIAN_POINT ( 'NONE',  ( -1.999999999999999556, 0.1999999999999999833, -0.1249999999999994588 ) ) ;
#2589 = CARTESIAN_POINT ( 'NONE',  ( -0.3749999999999994449, 0.2000000000000000111, 2.000000000000000000 ) ) ;
#2590 = MECHANICAL_DESIGN_GEOMETRIC_PRESENTATION_REPRESENTATION (  '', ( #629 ), #6045 ) ;
#2591 = DIRECTION ( 'NONE',  ( 0.000000000000000000, -0.000000000000000000, 1.000000000000000000 ) ) ;
#2592 = VECTOR ( 'NONE', #1805, 1000.000000000000000 ) ;
#2593 = DIRECTION ( 'NONE',  ( 0.000000000000000000, 0.000000000000000000, -1.000000000000000000 ) ) ;
#2594 = EDGE_LOOP ( 'NONE', ( #7725, #3555, #7527, #4376 ) ) ;
#2595 = STYLED_ITEM ( 'NONE', ( #1115 ), #6477 ) ;
#2596 = PLANE ( 'NONE',  #5373 ) ;
#2597 = ADVANCED_FACE ( 'NONE', ( #7072 ), #5767, .T. ) ;
#2598 = DIRECTION ( 'NONE',  ( 0.000000000000000000, -1.000000000000000000, 0.000000000000000000 ) ) ;
#2599 = LINE ( 'NONE', #1318, #7354 ) ;
#2600 = PRESENTATION_LAYER_ASSIGNMENT (  '', '', ( #2173 ) ) ;
#2601 = ORIENTED_EDGE ( 'NONE', *, *, #1282, .T. ) ;
#2602 = LINE ( 'NONE', #6588, #7917 ) ;
#2603 = DIRECTION ( 'NONE',  ( 0.000000000000000000, -1.000000000000000000, 0.000000000000000000 ) ) ;
#2604 = ORIENTED_EDGE ( 'NONE', *, *, #581, .F. ) ;
#2605 = DIRECTION ( 'NONE',  ( 0.000000000000000000, 1.000000000000000000, 0.000000000000000000 ) ) ;
#2606 = EDGE_CURVE ( 'NONE', #231, #7481, #5639, .T. ) ;
#2607 = ORIENTED_EDGE ( 'NONE', *, *, #6145, .F. ) ;
#2608 = DIRECTION ( 'NONE',  ( 7.885106708985496922E-16, -0.000000000000000000, 1.000000000000000000 ) ) ;
#2609 = DIRECTION ( 'NONE',  ( -0.000000000000000000, -0.000000000000000000, 1.000000000000000000 ) ) ;
#2610 = ADVANCED_FACE ( 'NONE', ( #4951 ), #6374, .T. ) ;
#2611 = DIRECTION ( 'NONE',  ( 0.000000000000000000, 0.000000000000000000, -1.000000000000000000 ) ) ;
#2612 = VECTOR ( 'NONE', #420, 1000.000000000000000 ) ;
#2613 = DIRECTION ( 'NONE',  ( 0.000000000000000000, 0.000000000000000000, 1.000000000000000000 ) ) ;
#2614 = ORIENTED_EDGE ( 'NONE', *, *, #7524, .T. ) ;
#2615 = DIRECTION ( 'NONE',  ( -0.000000000000000000, -1.000000000000000000, -0.000000000000000000 ) ) ;
#2616 = DIRECTION ( 'NONE',  ( 0.000000000000000000, 0.000000000000000000, 1.000000000000000000 ) ) ;
#2617 = ORIENTED_EDGE ( 'NONE', *, *, #8408, .F. ) ;
#2618 = CARTESIAN_POINT ( 'NONE',  ( 1.999999999999999556, 0.04999999999999969746, -0.8749999999999998890 ) ) ;
#2619 = ORIENTED_EDGE ( 'NONE', *, *, #4178, .T. ) ;
#2620 = ORIENTED_EDGE ( 'NONE', *, *, #860, .T. ) ;
#2621 = PRESENTATION_STYLE_ASSIGNMENT (( #4493 ) ) ;
#2622 = CYLINDRICAL_SURFACE ( 'NONE', #317, 0.1249999999999998890 ) ;
#2623 = ORIENTED_EDGE ( 'NONE', *, *, #7232, .T. ) ;
#2624 = CARTESIAN_POINT ( 'NONE',  ( 0.3750000000000003331, 0.000000000000000000, -2.000000000000000000 ) ) ;
#2625 = EDGE_CURVE ( 'NONE', #4137, #7747, #3698, .T. ) ;
#2626 = LINE ( 'NONE', #1791, #3457 ) ;
#2627 = ORIENTED_EDGE ( 'NONE', *, *, #789, .F. ) ;
#2628 = AXIS2_PLACEMENT_3D ( 'NONE', #2019, #3156, #5929 ) ;
#2629 = DIRECTION ( 'NONE',  ( -0.000000000000000000, -1.000000000000000000, -0.000000000000000000 ) ) ;
#2630 = CARTESIAN_POINT ( 'NONE',  ( -1.999999999999999556, 0.04999999999999969746, 1.375000000000000666 ) ) ;
#2631 = LINE ( 'NONE', #5200, #3356 ) ;
#2632 = CARTESIAN_POINT ( 'NONE',  ( -1.999999999999999556, 0.1999999999999999833, 0.3750000000000005551 ) ) ;
#2633 = DIRECTION ( 'NONE',  ( 0.000000000000000000, -0.000000000000000000, 1.000000000000000000 ) ) ;
#2634 = VERTEX_POINT ( 'NONE', #6334 ) ;
#2635 = AXIS2_PLACEMENT_3D ( 'NONE', #1403, #5377, #2063 ) ;
#2636 = DIRECTION ( 'NONE',  ( 0.000000000000000000, 0.000000000000000000, 1.000000000000000000 ) ) ;
#2637 = LINE ( 'NONE', #3827, #4032 ) ;
#2638 = CIRCLE ( 'NONE', #6100, 0.1333333333333333870 ) ;
#2639 = VERTEX_POINT ( 'NONE', #410 ) ;
#2640 = CARTESIAN_POINT ( 'NONE',  ( -1.692307692307692069, 0.8000000000000000444, -1.692307692307692513 ) ) ;
#2641 = CARTESIAN_POINT ( 'NONE',  ( 1.999999999999999556, 0.1999999999999999833, -0.1249999999999994588 ) ) ;
#2642 = EDGE_LOOP ( 'NONE', ( #2923, #3013, #6605, #6336 ) ) ;
#2643 = AXIS2_PLACEMENT_3D ( 'NONE', #5586, #8218, #3069 ) ;
#2644 = CARTESIAN_POINT ( 'NONE',  ( -1.249999999999999556, 0.2000000000000000111, -1.725000000000000089 ) ) ;
#2645 = ADVANCED_FACE ( 'NONE', ( #8319 ), #6464, .F. ) ;
#2646 = VERTEX_POINT ( 'NONE', #7029 ) ;
#2647 = LINE ( 'NONE', #6637, #2868 ) ;
#2648 = AXIS2_PLACEMENT_3D ( 'NONE', #2187, #8169, #3369 ) ;
#2649 = EDGE_LOOP ( 'NONE', ( #2397, #7870, #1462, #3149 ) ) ;
#2650 = LINE ( 'NONE', #3344, #7019 ) ;
#2651 = DIRECTION ( 'NONE',  ( 0.000000000000000000, -0.000000000000000000, 1.000000000000000000 ) ) ;
#2652 = DIRECTION ( 'NONE',  ( 0.000000000000000000, -0.000000000000000000, 1.000000000000000000 ) ) ;
#2653 = VECTOR ( 'NONE', #590, 1000.000000000000000 ) ;
#2654 = VECTOR ( 'NONE', #8060, 1000.000000000000000 ) ;
#2655 = ORIENTED_EDGE ( 'NONE', *, *, #939, .F. ) ;
#2656 = DIRECTION ( 'NONE',  ( -0.000000000000000000, -1.000000000000000000, -0.000000000000000000 ) ) ;
#2657 = CYLINDRICAL_SURFACE ( 'NONE', #435, 0.1250000000000002220 ) ;
#2658 = ORIENTED_EDGE ( 'NONE', *, *, #374, .F. ) ;
#2659 = CARTESIAN_POINT ( 'NONE',  ( -1.249999999999999556, 0.2000000000000000111, -1.725000000000000089 ) ) ;
#2660 = VERTEX_POINT ( 'NONE', #5039 ) ;
#2661 = CIRCLE ( 'NONE', #8606, 0.1250000000000002220 ) ;
#2662 = VECTOR ( 'NONE', #4897, 1000.000000000000000 ) ;
#2663 = VERTEX_POINT ( 'NONE', #1718 ) ;
#2664 = CARTESIAN_POINT ( 'NONE',  ( 2.000000000000000444, 0.05000000000000000278, -2.000000000000000000 ) ) ;
#2665 = COLOUR_RGB ( '',1.000000000000000000, 1.000000000000000000, 1.000000000000000000 ) ;
#2666 = CARTESIAN_POINT ( 'NONE',  ( -1.692307692307692069, 0.8000000000000000444, -1.825641025641026038 ) ) ;
#2667 = VERTEX_POINT ( 'NONE', #5123 ) ;
#2668 = SURFACE_STYLE_FILL_AREA ( #6208 ) ;
#2669 = ORIENTED_EDGE ( 'NONE', *, *, #4946, .F. ) ;
#2670 = EDGE_CURVE ( 'NONE', #4753, #7713, #6665, .T. ) ;
#2671 = PLANE ( 'NONE',  #1954 ) ;
#2672 = CARTESIAN_POINT ( 'NONE',  ( 1.724999999999999867, 0.6716990566028301357, 1.125000000000000222 ) ) ;
#2673 = DIRECTION ( 'NONE',  ( 0.000000000000000000, 0.000000000000000000, -1.000000000000000000 ) ) ;
#2674 = ADVANCED_FACE ( 'NONE', ( #4393 ), #4302, .T. ) ;
#2675 = AXIS2_PLACEMENT_3D ( 'NONE', #7084, #1603, #5134 ) ;
#2676 = CARTESIAN_POINT ( 'NONE',  ( -1.999999999999999556, 0.8000000000000020428, 2.000000000000000444 ) ) ;
#2677 = CARTESIAN_POINT ( 'NONE',  ( 0.3750000000000003331, 0.2000000000000000111, 2.000000000000000000 ) ) ;
#2678 = EDGE_LOOP ( 'NONE', ( #6929, #1854, #5229, #6021 ) ) ;
#2679 = EDGE_CURVE ( 'NONE', #951, #8356, #4476, .T. ) ;
#2680 = FACE_OUTER_BOUND ( 'NONE', #6171, .T. ) ;
#2681 = CARTESIAN_POINT ( 'NONE',  ( -1.999999999999999556, 0.000000000000000000, 0.3750000000000005551 ) ) ;
#2682 = ORIENTED_EDGE ( 'NONE', *, *, #4870, .T. ) ;
#2683 = CARTESIAN_POINT ( 'NONE',  ( 0.6250000000000005551, 0.2000000000000000111, 1.725000000000000311 ) ) ;
#2684 = EDGE_CURVE ( 'NONE', #6151, #5454, #4991, .T. ) ;
#2685 = CYLINDRICAL_SURFACE ( 'NONE', #3530, 0.1250000000000002220 ) ;
#2686 = VERTEX_POINT ( 'NONE', #3081 ) ;
#2687 = CARTESIAN_POINT ( 'NONE',  ( 1.999999999999999556, 0.04999999999999969746, 0.8750000000000005551 ) ) ;
#2688 = VERTEX_POINT ( 'NONE', #7720 ) ;
#2689 = CARTESIAN_POINT ( 'NONE',  ( -1.724999999999999867, 0.000000000000000000, 0.1250000000000001110 ) ) ;
#2690 = ORIENTED_EDGE ( 'NONE', *, *, #8484, .T. ) ;
#2691 = PLANE ( 'NONE',  #149 ) ;
#2692 = ADVANCED_FACE ( 'NONE', ( #5725 ), #8361, .T. ) ;
#2693 = DIRECTION ( 'NONE',  ( -1.000000000000000000, 0.000000000000000000, 0.000000000000000000 ) ) ;
#2694 = DIRECTION ( 'NONE',  ( -0.000000000000000000, -0.000000000000000000, 1.000000000000000000 ) ) ;
#2695 = EDGE_CURVE ( 'NONE', #8190, #4345, #3829, .T. ) ;
#2696 = ORIENTED_EDGE ( 'NONE', *, *, #3585, .F. ) ;
#2697 = FACE_OUTER_BOUND ( 'NONE', #191, .T. ) ;
#2698 = AXIS2_PLACEMENT_3D ( 'NONE', #2556, #498, #1899 ) ;
#2699 = LINE ( 'NONE', #2568, #8346 ) ;
#2700 = ORIENTED_EDGE ( 'NONE', *, *, #596, .F. ) ;
#2701 = CARTESIAN_POINT ( 'NONE',  ( 0.1250000000000005551, 0.1999999999999999833, 2.000000000000000000 ) ) ;
#2702 = ORIENTED_EDGE ( 'NONE', *, *, #8301, .F. ) ;
#2703 = AXIS2_PLACEMENT_3D ( 'NONE', #1214, #8557, #4630 ) ;
#2704 = EDGE_LOOP ( 'NONE', ( #365, #1594, #5724, #249, #693 ) ) ;
#2705 = EDGE_CURVE ( 'NONE', #4558, #6289, #7158, .T. ) ;
#2706 = EDGE_CURVE ( 'NONE', #6733, #3983, #1235, .T. ) ;
#2707 =( LENGTH_UNIT ( ) NAMED_UNIT ( * ) SI_UNIT ( .MILLI., .METRE. ) );
#2708 = CIRCLE ( 'NONE', #7420, 0.1249999999999998890 ) ;
#2709 = LINE ( 'NONE', #7997, #7000 ) ;
#2710 = ORIENTED_EDGE ( 'NONE', *, *, #7195, .F. ) ;
#2711 = EDGE_LOOP ( 'NONE', ( #4858, #2819, #7565, #6657 ) ) ;
#2712 = VECTOR ( 'NONE', #3250, 1000.000000000000000 ) ;
#2713 = EDGE_CURVE ( 'NONE', #1169, #4886, #662, .T. ) ;
#2714 = CYLINDRICAL_SURFACE ( 'NONE', #5004, 0.1250000000000002220 ) ;
#2715 = DIRECTION ( 'NONE',  ( 0.000000000000000000, 0.000000000000000000, 1.000000000000000000 ) ) ;
#2716 = SURFACE_STYLE_USAGE ( .BOTH. , #4797 ) ;
#2717 = LINE ( 'NONE', #5374, #1922 ) ;
#2718 = ORIENTED_EDGE ( 'NONE', *, *, #7186, .F. ) ;
#2719 = FACE_OUTER_BOUND ( 'NONE', #7991, .T. ) ;
#2720 = DIRECTION ( 'NONE',  ( 0.000000000000000000, 0.000000000000000000, 1.000000000000000000 ) ) ;
#2721 = AXIS2_PLACEMENT_3D ( 'NONE', #6444, #7745, #2494 ) ;
#2722 = LINE ( 'NONE', #4076, #1961 ) ;
#2723 = AXIS2_PLACEMENT_3D ( 'NONE', #7633, #5592, #3649 ) ;
#2724 = LINE ( 'NONE', #4758, #4377 ) ;
#2725 = ORIENTED_EDGE ( 'NONE', *, *, #6469, .F. ) ;
#2726 = CYLINDRICAL_SURFACE ( 'NONE', #5217, 0.1249999999999998890 ) ;
#2727 = ORIENTED_EDGE ( 'NONE', *, *, #860, .F. ) ;
#2728 = LINE ( 'NONE', #5384, #5404 ) ;
#2729 = AXIS2_PLACEMENT_3D ( 'NONE', #3060, #6489, #4584 ) ;
#2730 = ORIENTED_EDGE ( 'NONE', *, *, #2910, .T. ) ;
#2731 = CARTESIAN_POINT ( 'NONE',  ( -1.249999999999999556, 0.2000000000000000111, -1.725000000000000089 ) ) ;
#2732 = DIRECTION ( 'NONE',  ( -0.000000000000000000, 1.000000000000000000, -0.000000000000000000 ) ) ;
#2733 = CARTESIAN_POINT ( 'NONE',  ( 0.7500000000000004441, 0.2000000000000000111, 1.725000000000000089 ) ) ;
#2734 = ORIENTED_EDGE ( 'NONE', *, *, #5421, .T. ) ;
#2735 = CARTESIAN_POINT ( 'NONE',  ( -1.999999999999999556, 0.1999999999999999833, 0.3750000000000005551 ) ) ;
#2736 = LINE ( 'NONE', #6728, #33 ) ;
#2737 = VERTEX_POINT ( 'NONE', #2514 ) ;
#2738 = CARTESIAN_POINT ( 'NONE',  ( 1.999999999999999556, 0.1999999999999999833, 0.3750000000000005551 ) ) ;
#2739 = EDGE_CURVE ( 'NONE', #3354, #2442, #706, .T. ) ;
#2740 = ORIENTED_EDGE ( 'NONE', *, *, #5922, .T. ) ;
#2741 = EDGE_CURVE ( 'NONE', #1783, #1561, #3952, .T. ) ;
#2742 = ORIENTED_EDGE ( 'NONE', *, *, #5399, .F. ) ;
#2743 = DIRECTION ( 'NONE',  ( 0.000000000000000000, 1.000000000000000000, 0.000000000000000000 ) ) ;
#2744 =( NAMED_UNIT ( * ) SI_UNIT ( $, .STERADIAN. ) SOLID_ANGLE_UNIT ( ) );
#2745 = CARTESIAN_POINT ( 'NONE',  ( 1.724999999999999867, 0.000000000000000000, 0.1249999999999998890 ) ) ;
#2746 = ORIENTED_EDGE ( 'NONE', *, *, #5982, .T. ) ;
#2747 = ADVANCED_FACE ( 'NONE', ( #1278 ), #1852, .T. ) ;
#2748 = ORIENTED_EDGE ( 'NONE', *, *, #4188, .T. ) ;
#2749 = LINE ( 'NONE', #77, #1112 ) ;
#2750 = ORIENTED_EDGE ( 'NONE', *, *, #1645, .T. ) ;
#2751 = PLANE ( 'NONE',  #3055 ) ;
#2752 = DIRECTION ( 'NONE',  ( -1.000000000000000000, 0.000000000000000000, 0.000000000000000000 ) ) ;
#2753 = ADVANCED_FACE ( 'NONE', ( #7331 ), #3246, .T. ) ;
#2754 = CARTESIAN_POINT ( 'NONE',  ( 1.999999999999999556, 0.000000000000000000, 0.3750000000000005551 ) ) ;
#2755 = ORIENTED_EDGE ( 'NONE', *, *, #8456, .T. ) ;
#2756 = DIRECTION ( 'NONE',  ( 7.885106708985496922E-16, 0.000000000000000000, 1.000000000000000000 ) ) ;
#2757 = LINE ( 'NONE', #6187, #5276 ) ;
#2758 = DIRECTION ( 'NONE',  ( 0.000000000000000000, -1.000000000000000000, 0.000000000000000000 ) ) ;
#2759 = VECTOR ( 'NONE', #6456, 1000.000000000000000 ) ;
#2760 = DIRECTION ( 'NONE',  ( 1.000000000000000000, 0.000000000000000000, -7.885106708985496922E-16 ) ) ;
#2761 = DIRECTION ( 'NONE',  ( 0.000000000000000000, 1.000000000000000000, 0.000000000000000000 ) ) ;
#2762 = EDGE_LOOP ( 'NONE', ( #4007, #4370, #5729, #6938 ) ) ;
#2763 = CARTESIAN_POINT ( 'NONE',  ( -1.724999999999999867, 0.1999999999999999833, -0.3750000000000001110 ) ) ;
#2764 = AXIS2_PLACEMENT_3D ( 'NONE', #4247, #6971, #1005 ) ;
#2765 = ORIENTED_EDGE ( 'NONE', *, *, #5612, .F. ) ;
#2766 = AXIS2_PLACEMENT_3D ( 'NONE', #3798, #3127, #4402 ) ;
#2767 = FACE_OUTER_BOUND ( 'NONE', #3006, .T. ) ;
#2768 = CARTESIAN_POINT ( 'NONE',  ( 0.7500000000000004441, 0.04999999999999999584, 1.600000000000000311 ) ) ;
#2769 = EDGE_LOOP ( 'NONE', ( #4610, #3283, #8014, #5789 ) ) ;
#2770 = LINE ( 'NONE', #6115, #820 ) ;
#2771 = AXIS2_PLACEMENT_3D ( 'NONE', #2400, #6177, #8160 ) ;
#2772 = CARTESIAN_POINT ( 'NONE',  ( -1.724999999999999867, 0.1999999999999999833, -1.375000000000000000 ) ) ;
#2773 = EDGE_CURVE ( 'NONE', #3522, #499, #6503, .T. ) ;
#2774 = VERTEX_POINT ( 'NONE', #7885 ) ;
#2775 = AXIS2_PLACEMENT_3D ( 'NONE', #7545, #6806, #6154 ) ;
#2776 = PLANE ( 'NONE',  #7556 ) ;
#2777 = ORIENTED_EDGE ( 'NONE', *, *, #3209, .F. ) ;
#2778 = VECTOR ( 'NONE', #1985, 1000.000000000000000 ) ;
#2779 = ORIENTED_EDGE ( 'NONE', *, *, #7738, .T. ) ;
#2780 = CARTESIAN_POINT ( 'NONE',  ( -0.7499999999999995559, 0.2000000000000000111, 1.725000000000000089 ) ) ;
#2781 = AXIS2_PLACEMENT_3D ( 'NONE', #4980, #8350, #6273 ) ;
#2782 = SURFACE_SIDE_STYLE ('',( #4827 ) ) ;
#2783 = VECTOR ( 'NONE', #4620, 1000.000000000000000 ) ;
#2784 = PLANE ( 'NONE',  #5477 ) ;
#2785 = ORIENTED_EDGE ( 'NONE', *, *, #8571, .F. ) ;
#2786 = ORIENTED_EDGE ( 'NONE', *, *, #8178, .F. ) ;
#2787 =( NAMED_UNIT ( * ) PLANE_ANGLE_UNIT ( ) SI_UNIT ( $, .RADIAN. ) );
#2788 = AXIS2_PLACEMENT_3D ( 'NONE', #2640, #6671, #7972 ) ;
#2789 = EDGE_CURVE ( 'NONE', #6948, #6137, #4038, .T. ) ;
#2790 =( NAMED_UNIT ( * ) PLANE_ANGLE_UNIT ( ) SI_UNIT ( $, .RADIAN. ) );
#2791 = ORIENTED_EDGE ( 'NONE', *, *, #6715, .T. ) ;
#2792 = SURFACE_SIDE_STYLE ('',( #4026 ) ) ;
#2793 = EDGE_CURVE ( 'NONE', #4919, #6856, #7638, .T. ) ;
#2794 = LINE ( 'NONE', #5408, #699 ) ;
#2795 = EDGE_CURVE ( 'NONE', #6463, #2195, #5894, .T. ) ;
#2796 = UNCERTAINTY_MEASURE_WITH_UNIT (LENGTH_MEASURE( 1.000000000000000082E-05 ), #1528, 'distance_accuracy_value', 'NONE');
#2797 = VECTOR ( 'NONE', #6222, 1000.000000000000000 ) ;
#2798 = LINE ( 'NONE', #4111, #6040 ) ;
#2799 = CARTESIAN_POINT ( 'NONE',  ( 1.250000000000000444, 0.000000000000000000, 1.725000000000000089 ) ) ;
#2800 = ORIENTED_EDGE ( 'NONE', *, *, #8365, .F. ) ;
#2801 = DIRECTION ( 'NONE',  ( -1.000000000000000000, 0.000000000000000000, 0.000000000000000000 ) ) ;
#2802 = DIRECTION ( 'NONE',  ( 1.000000000000000000, 0.000000000000000000, -7.885106708985496922E-16 ) ) ;
#2803 = VECTOR ( 'NONE', #5510, 1000.000000000000000 ) ;
#2804 = EDGE_CURVE ( 'NONE', #1210, #7975, #622, .T. ) ;
#2805 = CARTESIAN_POINT ( 'NONE',  ( -0.6249999999999996669, 0.2000000000000000111, -1.725000000000000311 ) ) ;
#2806 = CARTESIAN_POINT ( 'NONE',  ( -0.1249999999999996808, 0.2000000000000000111, 2.000000000000000000 ) ) ;
#2807 = LINE ( 'NONE', #8133, #2017 ) ;
#2808 = ORIENTED_EDGE ( 'NONE', *, *, #1780, .F. ) ;
#2809 = LINE ( 'NONE', #5463, #6918 ) ;
#2810 = VERTEX_POINT ( 'NONE', #5340 ) ;
#2811 = PLANE ( 'NONE',  #6409 ) ;
#2812 = LINE ( 'NONE', #1493, #7221 ) ;
#2813 = LINE ( 'NONE', #5512, #5298 ) ;
#2814 = ORIENTED_EDGE ( 'NONE', *, *, #6357, .F. ) ;
#2815 = DIRECTION ( 'NONE',  ( -0.000000000000000000, -1.000000000000000000, -0.000000000000000000 ) ) ;
#2816 = DIRECTION ( 'NONE',  ( 0.000000000000000000, 0.000000000000000000, -1.000000000000000000 ) ) ;
#2817 = ORIENTED_EDGE ( 'NONE', *, *, #4248, .F. ) ;
#2818 = DIRECTION ( 'NONE',  ( 1.000000000000000000, 0.000000000000000000, -7.885106708985496922E-16 ) ) ;
#2819 = ORIENTED_EDGE ( 'NONE', *, *, #6840, .F. ) ;
#2820 = ORIENTED_EDGE ( 'NONE', *, *, #4706, .F. ) ;
#2821 = VERTEX_POINT ( 'NONE', #4603 ) ;
#2822 = CARTESIAN_POINT ( 'NONE',  ( -1.724999999999999867, 0.000000000000000000, -1.375000000000000222 ) ) ;
#2823 = CARTESIAN_POINT ( 'NONE',  ( 1.375000000000000444, 0.1999999999999999833, -2.000000000000000000 ) ) ;
#2824 = CARTESIAN_POINT ( 'NONE',  ( 1.375000000000000444, 0.2000000000000000111, -2.000000000000000000 ) ) ;
#2825 = ORIENTED_EDGE ( 'NONE', *, *, #3068, .F. ) ;
#2826 = CIRCLE ( 'NONE', #170, 0.1250000000000002220 ) ;
#2827 = EDGE_CURVE ( 'NONE', #7896, #7086, #3291, .T. ) ;
#2828 = DIRECTION ( 'NONE',  ( 0.000000000000000000, 0.000000000000000000, 1.000000000000000000 ) ) ;
#2829 = ORIENTED_EDGE ( 'NONE', *, *, #3051, .F. ) ;
#2830 = EDGE_CURVE ( 'NONE', #871, #1218, #5811, .T. ) ;
#2831 = DIRECTION ( 'NONE',  ( 0.000000000000000000, 1.000000000000000000, 0.000000000000000000 ) ) ;
#2832 = DIRECTION ( 'NONE',  ( 0.000000000000000000, 0.000000000000000000, 1.000000000000000000 ) ) ;
#2833 = ORIENTED_EDGE ( 'NONE', *, *, #2498, .F. ) ;
#2834 = FACE_OUTER_BOUND ( 'NONE', #3297, .T. ) ;
#2835 = VECTOR ( 'NONE', #4142, 1000.000000000000000 ) ;
#2836 =( LENGTH_UNIT ( ) NAMED_UNIT ( * ) SI_UNIT ( .MILLI., .METRE. ) );
#2837 = ADVANCED_FACE ( 'NONE', ( #3912 ), #6632, .F. ) ;
#2838 = DIRECTION ( 'NONE',  ( -0.000000000000000000, -1.000000000000000000, -0.000000000000000000 ) ) ;
#2839 = VECTOR ( 'NONE', #4134, 1000.000000000000000 ) ;
#2840 = EDGE_LOOP ( 'NONE', ( #1290, #1034, #5771, #4643 ) ) ;
#2841 = EDGE_CURVE ( 'NONE', #1946, #1037, #2602, .T. ) ;
#2842 = CARTESIAN_POINT ( 'NONE',  ( 0.3750000000000003331, 0.2000000000000000111, 2.000000000000000000 ) ) ;
#2843 = CARTESIAN_POINT ( 'NONE',  ( -1.999999999999999556, 0.6716990566028301357, 0.6250000000000001110 ) ) ;
#2844 = DIRECTION ( 'NONE',  ( 0.000000000000000000, 0.000000000000000000, 1.000000000000000000 ) ) ;
#2845 = VECTOR ( 'NONE', #5173, 1000.000000000000000 ) ;
#2846 = LINE ( 'NONE', #2148, #3112 ) ;
#2847 = DIRECTION ( 'NONE',  ( 0.000000000000000000, 0.000000000000000000, 1.000000000000000000 ) ) ;
#2848 = VERTEX_POINT ( 'NONE', #8575 ) ;
#2849 = DIRECTION ( 'NONE',  ( 0.000000000000000000, 0.000000000000000000, -1.000000000000000000 ) ) ;
#2850 = ORIENTED_EDGE ( 'NONE', *, *, #4679, .F. ) ;
#2851 = EDGE_CURVE ( 'NONE', #5255, #4869, #4185, .T. ) ;
#2852 = COLOUR_RGB ( '',0.7921568627450980005, 0.8196078431372548767, 0.9333333333333333481 ) ;
#2853 = DIRECTION ( 'NONE',  ( 0.000000000000000000, 1.000000000000000000, 0.000000000000000000 ) ) ;
#2854 = FACE_OUTER_BOUND ( 'NONE', #541, .T. ) ;
#2855 = CARTESIAN_POINT ( 'NONE',  ( 1.724999999999999867, 0.6716990566028301357, 0.7500000000000002220 ) ) ;
#2856 = VECTOR ( 'NONE', #2388, 1000.000000000000000 ) ;
#2857 = ORIENTED_EDGE ( 'NONE', *, *, #766, .T. ) ;
#2858 = DIRECTION ( 'NONE',  ( 1.000000000000000000, -0.000000000000000000, -0.000000000000000000 ) ) ;
#2859 = CARTESIAN_POINT ( 'NONE',  ( 1.375000000000000444, 0.05000000000000000278, 0.000000000000000000 ) ) ;
#2860 = ORIENTED_EDGE ( 'NONE', *, *, #6214, .F. ) ;
#2861 = DIRECTION ( 'NONE',  ( 0.000000000000000000, 1.000000000000000000, 0.000000000000000000 ) ) ;
#2862 = VERTEX_POINT ( 'NONE', #2026 ) ;
#2863 = EDGE_CURVE ( 'NONE', #6818, #1477, #1359, .T. ) ;
#2864 = VERTEX_POINT ( 'NONE', #8048 ) ;
#2865 = VECTOR ( 'NONE', #6949, 1000.000000000000000 ) ;
#2866 = ORIENTED_EDGE ( 'NONE', *, *, #5047, .F. ) ;
#2867 = CARTESIAN_POINT ( 'NONE',  ( -1.024999999999999467, 0.2000000000000000944, -1.225000000000000755 ) ) ;
#2868 = VECTOR ( 'NONE', #7978, 1000.000000000000000 ) ;
#2869 = CIRCLE ( 'NONE', #3575, 0.1250000000000002220 ) ;
#2870 = PLANE ( 'NONE',  #5715 ) ;
#2871 = ADVANCED_FACE ( 'NONE', ( #4206 ), #6102, .F. ) ;
#2872 = LINE ( 'NONE', #2912, #734 ) ;
#2873 = ORIENTED_EDGE ( 'NONE', *, *, #1087, .T. ) ;
#2874 = CARTESIAN_POINT ( 'NONE',  ( 1.225000000000000755, 0.2000000000000000944, -1.125000000000000444 ) ) ;
#2875 = EDGE_LOOP ( 'NONE', ( #5357, #5600, #6162, #5897 ) ) ;
#2876 = CARTESIAN_POINT ( 'NONE',  ( -1.249999999999999556, 0.000000000000000000, 1.600000000000000311 ) ) ;
#2877 = ORIENTED_EDGE ( 'NONE', *, *, #7491, .F. ) ;
#2878 = DIRECTION ( 'NONE',  ( 0.000000000000000000, 0.000000000000000000, -1.000000000000000000 ) ) ;
#2879 = LINE ( 'NONE', #4676, #1396 ) ;
#2880 = ORIENTED_EDGE ( 'NONE', *, *, #1520, .T. ) ;
#2881 = UNCERTAINTY_MEASURE_WITH_UNIT (LENGTH_MEASURE( 1.000000000000000082E-05 ), #3177, 'distance_accuracy_value', 'NONE');
#2882 = FACE_OUTER_BOUND ( 'NONE', #2175, .T. ) ;
#2883 = CARTESIAN_POINT ( 'NONE',  ( 2.000000000000000444, 0.05000000000000000278, -2.000000000000000000 ) ) ;
#2884 = ORIENTED_EDGE ( 'NONE', *, *, #8039, .T. ) ;
#2885 = LINE ( 'NONE', #8045, #5149 ) ;
#2886 = CARTESIAN_POINT ( 'NONE',  ( -1.124999999999999778, 0.6716990566028298026, 2.000000000000000000 ) ) ;
#2887 = FACE_OUTER_BOUND ( 'NONE', #7468, .T. ) ;
#2888 = DIRECTION ( 'NONE',  ( 0.000000000000000000, -1.000000000000000000, 0.000000000000000000 ) ) ;
#2889 = EDGE_CURVE ( 'NONE', #1971, #7968, #3372, .T. ) ;
#2890 = FACE_OUTER_BOUND ( 'NONE', #342, .T. ) ;
#2891 = ORIENTED_EDGE ( 'NONE', *, *, #4738, .T. ) ;
#2892 = DIRECTION ( 'NONE',  ( 0.000000000000000000, 0.000000000000000000, -1.000000000000000000 ) ) ;
#2893 = ORIENTED_EDGE ( 'NONE', *, *, #7057, .F. ) ;
#2894 = LINE ( 'NONE', #7418, #3764 ) ;
#2895 = CARTESIAN_POINT ( 'NONE',  ( -0.6249999999999996669, 0.000000000000000000, -1.725000000000000311 ) ) ;
#2896 = ORIENTED_EDGE ( 'NONE', *, *, #4333, .T. ) ;
#2897 = LINE ( 'NONE', #842, #2367 ) ;
#2898 = ADVANCED_FACE ( 'NONE', ( #2887 ), #1442, .F. ) ;
#2899 = CARTESIAN_POINT ( 'NONE',  ( 1.999999999999999556, 0.04999999999999969746, 0.3750000000000005551 ) ) ;
#2900 = EDGE_LOOP ( 'NONE', ( #6679, #7382, #3947, #1408 ) ) ;
#2901 = CARTESIAN_POINT ( 'NONE',  ( 1.250000000000000444, 0.1999999999999999833, -1.725000000000000089 ) ) ;
#2902 = ORIENTED_EDGE ( 'NONE', *, *, #1780, .T. ) ;
#2903 = CARTESIAN_POINT ( 'NONE',  ( 2.000000000000000444, 0.05000000000000000278, -2.000000000000000000 ) ) ;
#2904 = VECTOR ( 'NONE', #1217, 1000.000000000000000 ) ;
#2905 = DIRECTION ( 'NONE',  ( -1.000000000000000000, 0.000000000000000000, 7.885106708985496922E-16 ) ) ;
#2906 = ORIENTED_EDGE ( 'NONE', *, *, #2058, .F. ) ;
#2907 = CARTESIAN_POINT ( 'NONE',  ( -0.6249999999999996669, 0.1999999999999999833, -2.000000000000000000 ) ) ;
#2908 = CIRCLE ( 'NONE', #7764, 0.1249999999999998890 ) ;
#2909 = VECTOR ( 'NONE', #1013, 1000.000000000000000 ) ;
#2910 = EDGE_CURVE ( 'NONE', #5954, #7471, #8011, .T. ) ;
#2911 = CARTESIAN_POINT ( 'NONE',  ( 1.724999999999999867, 0.6716990566028301357, -0.7499999999999997780 ) ) ;
#2912 = CARTESIAN_POINT ( 'NONE',  ( 0.3750000000000003331, 0.000000000000000000, 2.000000000000000000 ) ) ;
#2913 = ORIENTED_EDGE ( 'NONE', *, *, #81, .T. ) ;
#2914 = AXIS2_PLACEMENT_3D ( 'NONE', #4836, #1523, #8608 ) ;
#2915 = DIRECTION ( 'NONE',  ( -0.000000000000000000, -1.000000000000000000, -0.000000000000000000 ) ) ;
#2916 = ORIENTED_EDGE ( 'NONE', *, *, #1223, .F. ) ;
#2917 = DIRECTION ( 'NONE',  ( 0.000000000000000000, -1.000000000000000000, 0.000000000000000000 ) ) ;
#2918 = EDGE_LOOP ( 'NONE', ( #3342, #1465, #3338, #5013 ) ) ;
#2919 = CARTESIAN_POINT ( 'NONE',  ( 1.375000000000000444, 0.05000000000000000278, 0.000000000000000000 ) ) ;
#2920 = VECTOR ( 'NONE', #2333, 1000.000000000000000 ) ;
#2921 = LINE ( 'NONE', #7659, #1536 ) ;
#2922 = VECTOR ( 'NONE', #163, 1000.000000000000000 ) ;
#2923 = ORIENTED_EDGE ( 'NONE', *, *, #8563, .T. ) ;
#2924 = CARTESIAN_POINT ( 'NONE',  ( -1.724999999999999867, 0.05000000000000002359, -1.249999999999999778 ) ) ;
#2925 = LINE ( 'NONE', #3016, #4159 ) ;
#2926 = AXIS2_PLACEMENT_3D ( 'NONE', #8566, #4504, #1843 ) ;
#2927 = VERTEX_POINT ( 'NONE', #46 ) ;
#2928 = CARTESIAN_POINT ( 'NONE',  ( -1.124999999999999778, 0.1999999999999999833, -1.725000000000000311 ) ) ;
#2929 = DIRECTION ( 'NONE',  ( 0.000000000000000000, 0.000000000000000000, -1.000000000000000000 ) ) ;
#2930 = PLANE ( 'NONE',  #3486 ) ;
#2931 = VECTOR ( 'NONE', #7868, 1000.000000000000000 ) ;
#2932 = DIRECTION ( 'NONE',  ( 0.000000000000000000, -0.000000000000000000, -1.000000000000000000 ) ) ;
#2933 = CARTESIAN_POINT ( 'NONE',  ( 1.724999999999999867, 0.6716990566028301357, -0.2499999999999997780 ) ) ;
#2934 = ADVANCED_FACE ( 'NONE', ( #2104 ), #6014, .T. ) ;
#2935 = EDGE_LOOP ( 'NONE', ( #5304, #7437, #7803, #2820, #6854 ) ) ;
#2936 = VECTOR ( 'NONE', #6776, 1000.000000000000000 ) ;
#2937 = CARTESIAN_POINT ( 'NONE',  ( 0.7500000000000004441, 0.6716990566028298026, 1.725000000000000089 ) ) ;
#2938 = LINE ( 'NONE', #3078, #2909 ) ;
#2939 = EDGE_CURVE ( 'NONE', #3872, #2688, #5420, .T. ) ;
#2940 = CARTESIAN_POINT ( 'NONE',  ( -1.124999999999999778, 0.000000000000000000, 2.000000000000000000 ) ) ;
#2941 = VERTEX_POINT ( 'NONE', #5539 ) ;
#2942 = CARTESIAN_POINT ( 'NONE',  ( 0.6250000000000005551, 0.1999999999999999833, -2.000000000000000000 ) ) ;
#2943 = LINE ( 'NONE', #318, #7277 ) ;
#2944 = ORIENTED_EDGE ( 'NONE', *, *, #4310, .F. ) ;
#2945 = CIRCLE ( 'NONE', #6414, 0.1249999999999998890 ) ;
#2946 = FACE_OUTER_BOUND ( 'NONE', #3715, .T. ) ;
#2947 = ORIENTED_EDGE ( 'NONE', *, *, #7943, .T. ) ;
#2948 = DIRECTION ( 'NONE',  ( 0.000000000000000000, 0.000000000000000000, -1.000000000000000000 ) ) ;
#2949 = ADVANCED_FACE ( 'NONE', ( #7408 ), #8130, .T. ) ;
#2950 = ORIENTED_EDGE ( 'NONE', *, *, #8475, .T. ) ;
#2951 = ADVANCED_FACE ( 'NONE', ( #2189 ), #1535, .F. ) ;
#2952 = ORIENTED_EDGE ( 'NONE', *, *, #5399, .T. ) ;
#2953 = DIRECTION ( 'NONE',  ( 0.000000000000000000, -1.000000000000000000, 0.000000000000000000 ) ) ;
#2954 = FACE_OUTER_BOUND ( 'NONE', #1702, .T. ) ;
#2955 = DIRECTION ( 'NONE',  ( 0.000000000000000000, 0.000000000000000000, -1.000000000000000000 ) ) ;
#2956 = DIRECTION ( 'NONE',  ( 0.000000000000000000, -0.000000000000000000, -1.000000000000000000 ) ) ;
#2957 = VERTEX_POINT ( 'NONE', #829 ) ;
#2958 = DIRECTION ( 'NONE',  ( -0.000000000000000000, -1.000000000000000000, -0.000000000000000000 ) ) ;
#2959 = EDGE_CURVE ( 'NONE', #3590, #5118, #1485, .T. ) ;
#2960 = EDGE_LOOP ( 'NONE', ( #2250, #858, #6650, #1114 ) ) ;
#2961 = EDGE_CURVE ( 'NONE', #5464, #5930, #2145, .T. ) ;
#2962 = FILL_AREA_STYLE_COLOUR ( '', #3570 ) ;
#2963 = ORIENTED_EDGE ( 'NONE', *, *, #2789, .F. ) ;
#2964 = CARTESIAN_POINT ( 'NONE',  ( 1.724999999999999867, 0.1999999999999999833, -0.8750000000000001110 ) ) ;
#2965 = CARTESIAN_POINT ( 'NONE',  ( -0.2499999999999995837, 0.2000000000000000111, -1.725000000000000089 ) ) ;
#2966 = VECTOR ( 'NONE', #7423, 1000.000000000000000 ) ;
#2967 = EDGE_CURVE ( 'NONE', #1088, #7051, #6797, .T. ) ;
#2968 = VERTEX_POINT ( 'NONE', #3416 ) ;
#2969 = DIRECTION ( 'NONE',  ( -1.000000000000000000, 0.000000000000000000, -0.000000000000000000 ) ) ;
#2970 = LINE ( 'NONE', #1747, #2346 ) ;
#2971 = EDGE_LOOP ( 'NONE', ( #8066, #2403, #2052, #6160 ) ) ;
#2972 = EDGE_CURVE ( 'NONE', #7028, #538, #3548, .T. ) ;
#2973 = VECTOR ( 'NONE', #4252, 1000.000000000000000 ) ;
#2974 = CARTESIAN_POINT ( 'NONE',  ( -1.724999999999999867, 0.000000000000000000, 0.1249999999999998890 ) ) ;
#2975 = DIRECTION ( 'NONE',  ( 1.000000000000000000, -0.000000000000000000, 7.885106708985496922E-16 ) ) ;
#2976 = LINE ( 'NONE', #307, #6672 ) ;
#2977 = AXIS2_PLACEMENT_3D ( 'NONE', #2901, #8063, #7469 ) ;
#2978 = PLANE ( 'NONE',  #1031 ) ;
#2979 = LINE ( 'NONE', #2325, #7752 ) ;
#2980 = ORIENTED_EDGE ( 'NONE', *, *, #546, .F. ) ;
#2981 = SURFACE_SIDE_STYLE ('',( #4431 ) ) ;
#2982 = LINE ( 'NONE', #5079, #7632 ) ;
#2983 = DIRECTION ( 'NONE',  ( 0.000000000000000000, 0.000000000000000000, -1.000000000000000000 ) ) ;
#2984 = AXIS2_PLACEMENT_3D ( 'NONE', #2427, #8412, #2989 ) ;
#2985 = ORIENTED_EDGE ( 'NONE', *, *, #4604, .F. ) ;
#2986 = LINE ( 'NONE', #4352, #5562 ) ;
#2987 = CARTESIAN_POINT ( 'NONE',  ( -1.249999999999999556, 0.2000000000000000111, -1.725000000000000089 ) ) ;
#2988 = ORIENTED_EDGE ( 'NONE', *, *, #5653, .F. ) ;
#2989 = DIRECTION ( 'NONE',  ( 0.000000000000000000, 0.000000000000000000, -1.000000000000000000 ) ) ;
#2990 = EDGE_LOOP ( 'NONE', ( #7820, #1258, #3460, #7301 ) ) ;
#2991 = ADVANCED_FACE ( 'NONE', ( #3506 ), #1405, .T. ) ;
#2992 =( NAMED_UNIT ( * ) SI_UNIT ( $, .STERADIAN. ) SOLID_ANGLE_UNIT ( ) );
#2993 = VECTOR ( 'NONE', #2130, 1000.000000000000000 ) ;
#2994 = ORIENTED_EDGE ( 'NONE', *, *, #5719, .T. ) ;
#2995 = CARTESIAN_POINT ( 'NONE',  ( 1.999999999999999556, 0.6716990566028301357, -0.1249999999999994588 ) ) ;
#2996 = VERTEX_POINT ( 'NONE', #6146 ) ;
#2997 = LINE ( 'NONE', #6344, #2865 ) ;
#2998 = LINE ( 'NONE', #5651, #1690 ) ;
#2999 = DIRECTION ( 'NONE',  ( 0.000000000000000000, 0.000000000000000000, 1.000000000000000000 ) ) ;
#3000 = AXIS2_PLACEMENT_3D ( 'NONE', #3114, #2465, #7242 ) ;
#3001 = PLANE ( 'NONE',  #6026 ) ;
#3002 = VERTEX_POINT ( 'NONE', #174 ) ;
#3003 = EDGE_CURVE ( 'NONE', #5320, #5810, #2722, .T. ) ;
#3004 = ORIENTED_EDGE ( 'NONE', *, *, #89, .F. ) ;
#3005 = CIRCLE ( 'NONE', #1056, 0.1249999999999998890 ) ;
#3006 = EDGE_LOOP ( 'NONE', ( #1502, #4760, #55, #5858 ) ) ;
#3007 = DIRECTION ( 'NONE',  ( 0.000000000000000000, 0.000000000000000000, -1.000000000000000000 ) ) ;
#3008 = VERTEX_POINT ( 'NONE', #741 ) ;
#3009 = DIRECTION ( 'NONE',  ( 0.000000000000000000, -0.000000000000000000, -1.000000000000000000 ) ) ;
#3010 = CARTESIAN_POINT ( 'NONE',  ( 1.999999999999999556, 0.6716990566028301357, -1.124999999999999556 ) ) ;
#3011 = AXIS2_PLACEMENT_3D ( 'NONE', #5524, #8149, #7520 ) ;
#3012 = ADVANCED_FACE ( 'NONE', ( #8265 ), #356, .T. ) ;
#3013 = ORIENTED_EDGE ( 'NONE', *, *, #100, .F. ) ;
#3014 = ADVANCED_FACE ( 'NONE', ( #5028 ), #2930, .F. ) ;
#3015 = DIRECTION ( 'NONE',  ( 8.850629979473501081E-17, 0.000000000000000000, -1.000000000000000000 ) ) ;
#3016 = CARTESIAN_POINT ( 'NONE',  ( 0.8750000000000003331, 0.1999999999999999833, -2.000000000000000000 ) ) ;
#3017 = ORIENTED_EDGE ( 'NONE', *, *, #1131, .F. ) ;
#3018 = DIRECTION ( 'NONE',  ( -0.000000000000000000, -1.000000000000000000, -0.000000000000000000 ) ) ;
#3019 = FACE_OUTER_BOUND ( 'NONE', #2711, .T. ) ;
#3020 = DIRECTION ( 'NONE',  ( 0.000000000000000000, 1.000000000000000000, 0.000000000000000000 ) ) ;
#3021 = ADVANCED_FACE ( 'NONE', ( #1665 ), #7585, .F. ) ;
#3022 = DIRECTION ( 'NONE',  ( 0.000000000000000000, 1.000000000000000000, -0.000000000000000000 ) ) ;
#3023 = DIRECTION ( 'NONE',  ( 0.000000000000000000, -1.000000000000000000, 0.000000000000000000 ) ) ;
#3024 = ORIENTED_EDGE ( 'NONE', *, *, #6284, .F. ) ;
#3025 = DIRECTION ( 'NONE',  ( 0.000000000000000000, -0.000000000000000000, 1.000000000000000000 ) ) ;
#3026 = EDGE_CURVE ( 'NONE', #4332, #5469, #7510, .T. ) ;
#3027 = DIRECTION ( 'NONE',  ( 0.000000000000000000, 0.000000000000000000, 1.000000000000000000 ) ) ;
#3028 = DIRECTION ( 'NONE',  ( 0.000000000000000000, 1.000000000000000000, 0.000000000000000000 ) ) ;
#3029 = VERTEX_POINT ( 'NONE', #5714 ) ;
#3030 = CARTESIAN_POINT ( 'NONE',  ( 1.724999999999999867, 0.000000000000000000, -0.2499999999999997780 ) ) ;
#3031 = CARTESIAN_POINT ( 'NONE',  ( -0.1249999999999996808, 0.000000000000000000, -2.000000000000000000 ) ) ;
#3032 = ORIENTED_EDGE ( 'NONE', *, *, #1526, .T. ) ;
#3033 = CYLINDRICAL_SURFACE ( 'NONE', #2141, 0.1249999999999998890 ) ;
#3034 = ORIENTED_EDGE ( 'NONE', *, *, #7453, .F. ) ;
#3035 = CARTESIAN_POINT ( 'NONE',  ( -1.724999999999999867, 0.6716990566028301357, -1.375000000000000222 ) ) ;
#3036 = AXIS2_PLACEMENT_3D ( 'NONE', #179, #2242, #2849 ) ;
#3037 = EDGE_CURVE ( 'NONE', #2862, #3806, #5706, .T. ) ;
#3038 = DIRECTION ( 'NONE',  ( 0.000000000000000000, 0.000000000000000000, -1.000000000000000000 ) ) ;
#3039 = CARTESIAN_POINT ( 'NONE',  ( 1.084202172485506998E-15, 0.05000000000000000278, -1.375000000000001332 ) ) ;
#3040 = CARTESIAN_POINT ( 'NONE',  ( 2.000000000000000444, 0.1999999999999996503, -1.375000000000000000 ) ) ;
#3041 = CARTESIAN_POINT ( 'NONE',  ( 1.125000000000000888, 0.2000000000000000944, -1.225000000000000311 ) ) ;
#3042 = VERTEX_POINT ( 'NONE', #441 ) ;
#3043 = VECTOR ( 'NONE', #7125, 1000.000000000000000 ) ;
#3044 = CARTESIAN_POINT ( 'NONE',  ( -0.6249999999999996669, 0.6716990566028298026, -2.000000000000000000 ) ) ;
#3045 = EDGE_LOOP ( 'NONE', ( #2947, #738, #7849, #8145 ) ) ;
#3046 = ORIENTED_EDGE ( 'NONE', *, *, #6452, .F. ) ;
#3047 = VECTOR ( 'NONE', #7285, 1000.000000000000000 ) ;
#3048 = ORIENTED_EDGE ( 'NONE', *, *, #8568, .F. ) ;
#3049 =( NAMED_UNIT ( * ) SI_UNIT ( $, .STERADIAN. ) SOLID_ANGLE_UNIT ( ) );
#3050 = AXIS2_PLACEMENT_3D ( 'NONE', #272, #5036, #5634 ) ;
#3051 = EDGE_CURVE ( 'NONE', #17, #1500, #4877, .T. ) ;
#3052 = EDGE_LOOP ( 'NONE', ( #6019, #7613, #7683, #2083 ) ) ;
#3053 = DIRECTION ( 'NONE',  ( 0.000000000000000000, 1.000000000000000000, 0.000000000000000000 ) ) ;
#3054 = FACE_OUTER_BOUND ( 'NONE', #5486, .T. ) ;
#3055 = AXIS2_PLACEMENT_3D ( 'NONE', #2093, #2015, #166 ) ;
#3056 = CARTESIAN_POINT ( 'NONE',  ( 1.724999999999999867, 0.1999999999999999833, -0.3750000000000001110 ) ) ;
#3057 = ORIENTED_EDGE ( 'NONE', *, *, #6578, .F. ) ;
#3058 = UNCERTAINTY_MEASURE_WITH_UNIT (LENGTH_MEASURE( 1.000000000000000082E-05 ), #2014, 'distance_accuracy_value', 'NONE');
#3059 = CIRCLE ( 'NONE', #7907, 0.1249999999999998890 ) ;
#3060 = CARTESIAN_POINT ( 'NONE',  ( 1.125000000000000666, 0.2000000000000000944, 1.125000000000000888 ) ) ;
#3061 = LINE ( 'NONE', #959, #6087 ) ;
#3062 = ADVANCED_FACE ( 'NONE', ( #4340 ), #6364, .F. ) ;
#3063 = ORIENTED_EDGE ( 'NONE', *, *, #515, .T. ) ;
#3064 = VECTOR ( 'NONE', #4696, 1000.000000000000000 ) ;
#3065 = VECTOR ( 'NONE', #1017, 1000.000000000000000 ) ;
#3066 = ADVANCED_FACE ( 'NONE', ( #2323 ), #7751, .T. ) ;
#3067 = DIRECTION ( 'NONE',  ( 0.000000000000000000, 0.000000000000000000, -1.000000000000000000 ) ) ;
#3068 = EDGE_CURVE ( 'NONE', #7260, #4073, #6232, .T. ) ;
#3069 = DIRECTION ( 'NONE',  ( 0.000000000000000000, 0.000000000000000000, 1.000000000000000000 ) ) ;
#3070 = AXIS2_PLACEMENT_3D ( 'NONE', #2133, #2091, #6003 ) ;
#3071 = CARTESIAN_POINT ( 'NONE',  ( -0.2499999999999995837, 0.000000000000000000, -1.725000000000000089 ) ) ;
#3072 = VECTOR ( 'NONE', #8307, 1000.000000000000000 ) ;
#3073 = DIRECTION ( 'NONE',  ( 0.000000000000000000, 0.000000000000000000, 1.000000000000000000 ) ) ;
#3074 = DIRECTION ( 'NONE',  ( 0.000000000000000000, 0.000000000000000000, 1.000000000000000000 ) ) ;
#3075 = ORIENTED_EDGE ( 'NONE', *, *, #4818, .T. ) ;
#3076 = EDGE_CURVE ( 'NONE', #3295, #694, #8394, .T. ) ;
#3077 = EDGE_CURVE ( 'NONE', #665, #2182, #7016, .T. ) ;
#3078 = CARTESIAN_POINT ( 'NONE',  ( -0.1249999999999996808, 0.1999999999999999833, -2.000000000000000000 ) ) ;
#3079 = CARTESIAN_POINT ( 'NONE',  ( 0.3750000000000003331, 0.1999999999999999833, -2.000000000000000000 ) ) ;
#3080 = ORIENTED_EDGE ( 'NONE', *, *, #4889, .T. ) ;
#3081 = CARTESIAN_POINT ( 'NONE',  ( 0.6250000000000005551, 0.04999999999999999584, -1.725000000000000311 ) ) ;
#3082 = DIRECTION ( 'NONE',  ( -0.000000000000000000, -1.000000000000000000, -0.000000000000000000 ) ) ;
#3083 = ORIENTED_EDGE ( 'NONE', *, *, #6027, .T. ) ;
#3084 = CARTESIAN_POINT ( 'NONE',  ( 1.724999999999999867, 0.6716990566028301357, -1.249999999999999778 ) ) ;
#3085 = EDGE_CURVE ( 'NONE', #2957, #1169, #3108, .T. ) ;
#3086 = ORIENTED_EDGE ( 'NONE', *, *, #2576, .F. ) ;
#3087 = DIRECTION ( 'NONE',  ( 0.000000000000000000, -1.000000000000000000, 0.000000000000000000 ) ) ;
#3088 = CYLINDRICAL_SURFACE ( 'NONE', #2766, 0.1249999999999998890 ) ;
#3089 = LINE ( 'NONE', #3840, #6624 ) ;
#3090 = VECTOR ( 'NONE', #6430, 1000.000000000000000 ) ;
#3091 = CYLINDRICAL_SURFACE ( 'NONE', #2675, 0.1249999999999998890 ) ;
#3092 = ORIENTED_EDGE ( 'NONE', *, *, #6063, .T. ) ;
#3093 = LINE ( 'NONE', #2439, #3125 ) ;
#3094 = VERTEX_POINT ( 'NONE', #7667 ) ;
#3095 = VERTEX_POINT ( 'NONE', #8219 ) ;
#3096 = ORIENTED_EDGE ( 'NONE', *, *, #5830, .F. ) ;
#3097 = ORIENTED_EDGE ( 'NONE', *, *, #3526, .F. ) ;
#3098 = DIRECTION ( 'NONE',  ( 0.000000000000000000, -0.000000000000000000, 1.000000000000000000 ) ) ;
#3099 = EDGE_CURVE ( 'NONE', #5187, #617, #6922, .T. ) ;
#3100 = VERTEX_POINT ( 'NONE', #4381 ) ;
#3101 = DIRECTION ( 'NONE',  ( 0.000000000000000000, 0.000000000000000000, -1.000000000000000000 ) ) ;
#3102 = ADVANCED_FACE ( 'NONE', ( #1624 ), #4293, .T. ) ;
#3103 = CARTESIAN_POINT ( 'NONE',  ( 1.724999999999999867, 0.05000000000000002359, 1.125000000000000222 ) ) ;
#3104 = ORIENTED_EDGE ( 'NONE', *, *, #2679, .F. ) ;
#3105 = CARTESIAN_POINT ( 'NONE',  ( -1.124999999999999778, 0.2000000000000000111, 1.725000000000000311 ) ) ;
#3106 = DIRECTION ( 'NONE',  ( 1.000000000000000000, 0.000000000000000000, -7.885106708985496922E-16 ) ) ;
#3107 = VECTOR ( 'NONE', #5597, 1000.000000000000000 ) ;
#3108 = LINE ( 'NONE', #2371, #417 ) ;
#3109 = DIRECTION ( 'NONE',  ( 0.000000000000000000, -0.000000000000000000, -1.000000000000000000 ) ) ;
#3110 = EDGE_CURVE ( 'NONE', #5214, #5002, #2976, .T. ) ;
#3111 = CARTESIAN_POINT ( 'NONE',  ( 1.724999999999999867, 0.000000000000000000, 0.2500000000000002220 ) ) ;
#3112 = VECTOR ( 'NONE', #1361, 1000.000000000000000 ) ;
#3113 = ORIENTED_EDGE ( 'NONE', *, *, #3437, .T. ) ;
#3114 = CARTESIAN_POINT ( 'NONE',  ( -1.374999999999999556, 0.2000000000000000111, -1.725000000000000311 ) ) ;
#3115 = DIRECTION ( 'NONE',  ( 0.000000000000000000, -0.000000000000000000, 1.000000000000000000 ) ) ;
#3116 = CARTESIAN_POINT ( 'NONE',  ( -1.724999999999999867, 0.000000000000000000, -0.8750000000000001110 ) ) ;
#3117 = VERTEX_POINT ( 'NONE', #3736 ) ;
#3118 = PLANE ( 'NONE',  #966 ) ;
#3119 = AXIS2_PLACEMENT_3D ( 'NONE', #3353, #7817, #1339 ) ;
#3120 = CARTESIAN_POINT ( 'NONE',  ( 1.724999999999999867, 0.1999999999999999833, 0.1250000000000001110 ) ) ;
#3121 = VERTEX_POINT ( 'NONE', #398 ) ;
#3122 = PLANE ( 'NONE',  #6034 ) ;
#3123 = EDGE_CURVE ( 'NONE', #8143, #946, #5160, .T. ) ;
#3124 = ORIENTED_EDGE ( 'NONE', *, *, #5495, .F. ) ;
#3125 = VECTOR ( 'NONE', #5736, 1000.000000000000000 ) ;
#3126 = FACE_OUTER_BOUND ( 'NONE', #8312, .T. ) ;
#3127 = DIRECTION ( 'NONE',  ( 0.000000000000000000, -1.000000000000000000, 0.000000000000000000 ) ) ;
#3128 = CARTESIAN_POINT ( 'NONE',  ( -1.124999999999999778, 0.1999999999999999833, -2.000000000000000000 ) ) ;
#3129 = FACE_OUTER_BOUND ( 'NONE', #6066, .T. ) ;
#3130 = CIRCLE ( 'NONE', #331, 0.1250000000000001110 ) ;
#3131 = ORIENTED_EDGE ( 'NONE', *, *, #1411, .F. ) ;
#3132 = LINE ( 'NONE', #4488, #4516 ) ;
#3133 = ADVANCED_FACE ( 'NONE', ( #8436 ), #1885, .F. ) ;
#3134 = ORIENTED_EDGE ( 'NONE', *, *, #7829, .F. ) ;
#3135 = CLOSED_SHELL ( 'NONE', ( #7730, #532, #4920, #124, #1769, #2645 ) ) ;
#3136 = ORIENTED_EDGE ( 'NONE', *, *, #3971, .T. ) ;
#3137 = ORIENTED_EDGE ( 'NONE', *, *, #3532, .T. ) ;
#3138 = CARTESIAN_POINT ( 'NONE',  ( 4.928191693115923867E-16, 0.05000000000000000278, 0.6249999999999984457 ) ) ;
#3139 = AXIS2_PLACEMENT_3D ( 'NONE', #5022, #1746, #3015 ) ;
#3140 = EDGE_CURVE ( 'NONE', #6856, #5971, #2631, .T. ) ;
#3141 = VERTEX_POINT ( 'NONE', #3236 ) ;
#3142 = CIRCLE ( 'NONE', #5776, 0.1333333333333333870 ) ;
#3143 = CARTESIAN_POINT ( 'NONE',  ( -0.6249999999999996669, 0.000000000000000000, -2.000000000000000000 ) ) ;
#3144 = CARTESIAN_POINT ( 'NONE',  ( -1.249999999999999556, 0.2000000000000000111, 1.600000000000000311 ) ) ;
#3145 = ORIENTED_EDGE ( 'NONE', *, *, #7388, .T. ) ;
#3146 = CIRCLE ( 'NONE', #4266, 0.1250000000000002220 ) ;
#3147 = DIRECTION ( 'NONE',  ( 0.000000000000000000, 1.000000000000000000, 0.000000000000000000 ) ) ;
#3148 = LINE ( 'NONE', #6490, #3896 ) ;
#3149 = ORIENTED_EDGE ( 'NONE', *, *, #5856, .T. ) ;
#3150 = EDGE_CURVE ( 'NONE', #4717, #3628, #5844, .T. ) ;
#3151 = CARTESIAN_POINT ( 'NONE',  ( -1.999999999999999556, 0.1999999999999999833, 0.1250000000000001110 ) ) ;
#3152 = DIRECTION ( 'NONE',  ( -0.000000000000000000, -1.000000000000000000, -0.000000000000000000 ) ) ;
#3153 = DIRECTION ( 'NONE',  ( -0.000000000000000000, -1.000000000000000000, -0.000000000000000000 ) ) ;
#3154 = VECTOR ( 'NONE', #4139, 1000.000000000000000 ) ;
#3155 = DIRECTION ( 'NONE',  ( 0.000000000000000000, 0.000000000000000000, 1.000000000000000000 ) ) ;
#3156 = DIRECTION ( 'NONE',  ( 0.000000000000000000, 1.000000000000000000, 0.000000000000000000 ) ) ;
#3157 = ORIENTED_EDGE ( 'NONE', *, *, #5614, .F. ) ;
#3158 = PLANE ( 'NONE',  #7718 ) ;
#3159 = CARTESIAN_POINT ( 'NONE',  ( 1.724999999999999867, 0.1999999999999999833, -0.3749999999999998890 ) ) ;
#3160 = DIRECTION ( 'NONE',  ( 0.000000000000000000, -1.000000000000000000, 0.000000000000000000 ) ) ;
#3161 = ORIENTED_EDGE ( 'NONE', *, *, #3558, .F. ) ;
#3162 = CARTESIAN_POINT ( 'NONE',  ( -1.124999999999999778, 0.6716990566028298026, 1.725000000000000311 ) ) ;
#3163 = DIRECTION ( 'NONE',  ( 0.000000000000000000, 0.000000000000000000, 1.000000000000000000 ) ) ;
#3164 = EDGE_LOOP ( 'NONE', ( #6919, #8188, #6908, #352 ) ) ;
#3165 = LINE ( 'NONE', #1240, #7836 ) ;
#3166 = ORIENTED_EDGE ( 'NONE', *, *, #2338, .T. ) ;
#3167 = CARTESIAN_POINT ( 'NONE',  ( 1.999999999999999556, 0.6716990566028301357, -0.3749999999999998890 ) ) ;
#3168 = CARTESIAN_POINT ( 'NONE',  ( 1.724999999999999867, 0.1999999999999999833, -0.7499999999999997780 ) ) ;
#3169 = PLANE ( 'NONE',  #1368 ) ;
#3170 = DIRECTION ( 'NONE',  ( 1.000000000000000000, -0.000000000000000000, 7.885106708985496922E-16 ) ) ;
#3171 = ADVANCED_FACE ( 'NONE', ( #4549 ), #7187, .T. ) ;
#3172 = CARTESIAN_POINT ( 'NONE',  ( -1.724999999999999867, 0.1999999999999999833, 0.8750000000000003331 ) ) ;
#3173 = ORIENTED_EDGE ( 'NONE', *, *, #6656, .F. ) ;
#3174 = DIRECTION ( 'NONE',  ( 0.000000000000000000, -1.000000000000000000, 0.000000000000000000 ) ) ;
#3175 = VERTEX_POINT ( 'NONE', #1144 ) ;
#3176 = ORIENTED_EDGE ( 'NONE', *, *, #277, .F. ) ;
#3177 =( LENGTH_UNIT ( ) NAMED_UNIT ( * ) SI_UNIT ( .MILLI., .METRE. ) );
#3178 = EDGE_CURVE ( 'NONE', #8425, #4005, #7145, .T. ) ;
#3179 = DIRECTION ( 'NONE',  ( 0.000000000000000000, 0.000000000000000000, 1.000000000000000000 ) ) ;
#3180 = DIRECTION ( 'NONE',  ( -0.000000000000000000, -1.000000000000000000, -0.000000000000000000 ) ) ;
#3181 = ORIENTED_EDGE ( 'NONE', *, *, #731, .F. ) ;
#3182 =( LENGTH_UNIT ( ) NAMED_UNIT ( * ) SI_UNIT ( .MILLI., .METRE. ) );
#3183 = EDGE_CURVE ( 'NONE', #1392, #1329, #1390, .T. ) ;
#3184 = APPLICATION_CONTEXT ( 'automotive_design' ) ;
#3185 = CARTESIAN_POINT ( 'NONE',  ( -0.7499999999999995559, 0.2000000000000000111, 1.725000000000000089 ) ) ;
#3186 = ORIENTED_EDGE ( 'NONE', *, *, #2576, .T. ) ;
#3187 = LINE ( 'NONE', #652, #3907 ) ;
#3188 = LINE ( 'NONE', #5242, #6385 ) ;
#3189 = AXIS2_PLACEMENT_3D ( 'NONE', #7622, #2236, #4339 ) ;
#3190 = LINE ( 'NONE', #2546, #2522 ) ;
#3191 = VECTOR ( 'NONE', #6979, 1000.000000000000000 ) ;
#3192 = CARTESIAN_POINT ( 'NONE',  ( -1.724999999999999867, 0.000000000000000000, 0.7500000000000002220 ) ) ;
#3193 = EDGE_CURVE ( 'NONE', #3094, #5946, #1270, .T. ) ;
#3194 = CARTESIAN_POINT ( 'NONE',  ( 0.2500000000000004441, 0.2000000000000000111, 1.725000000000000089 ) ) ;
#3195 = VECTOR ( 'NONE', #6659, 1000.000000000000000 ) ;
#3196 = ORIENTED_EDGE ( 'NONE', *, *, #7379, .F. ) ;
#3197 = FACE_OUTER_BOUND ( 'NONE', #2260, .T. ) ;
#3198 = CYLINDRICAL_SURFACE ( 'NONE', #7497, 0.1249999999999998890 ) ;
#3199 = CARTESIAN_POINT ( 'NONE',  ( 1.250000000000000444, 0.000000000000000000, 1.600000000000000311 ) ) ;
#3200 = ORIENTED_EDGE ( 'NONE', *, *, #2363, .T. ) ;
#3201 = CARTESIAN_POINT ( 'NONE',  ( -0.1249999999999996808, 0.2000000000000000111, 2.000000000000000000 ) ) ;
#3202 = VECTOR ( 'NONE', #4687, 1000.000000000000000 ) ;
#3203 = DIRECTION ( 'NONE',  ( 0.000000000000000000, 1.000000000000000000, 0.000000000000000000 ) ) ;
#3204 = ORIENTED_EDGE ( 'NONE', *, *, #6101, .F. ) ;
#3205 = LINE ( 'NONE', #5344, #7563 ) ;
#3206 = EDGE_CURVE ( 'NONE', #5577, #28, #3190, .T. ) ;
#3207 = VERTEX_POINT ( 'NONE', #612 ) ;
#3208 = DIRECTION ( 'NONE',  ( 0.000000000000000000, -1.000000000000000000, 0.000000000000000000 ) ) ;
#3209 = EDGE_CURVE ( 'NONE', #189, #4155, #7372, .T. ) ;
#3210 = AXIS2_PLACEMENT_3D ( 'NONE', #3686, #2410, #5628 ) ;
#3211 = DIRECTION ( 'NONE',  ( 1.000000000000000000, -0.000000000000000000, -0.000000000000000000 ) ) ;
#3212 = CYLINDRICAL_SURFACE ( 'NONE', #3464, 0.1250000000000001110 ) ;
#3213 = DIRECTION ( 'NONE',  ( 0.000000000000000000, -1.000000000000000000, 0.000000000000000000 ) ) ;
#3214 = DIRECTION ( 'NONE',  ( -0.000000000000000000, -1.000000000000000000, -0.000000000000000000 ) ) ;
#3215 = CARTESIAN_POINT ( 'NONE',  ( -0.3749999999999994449, 0.6716990566028298026, -1.725000000000000311 ) ) ;
#3216 = ORIENTED_EDGE ( 'NONE', *, *, #6942, .F. ) ;
#3217 = VECTOR ( 'NONE', #8210, 1000.000000000000000 ) ;
#3218 = PLANE ( 'NONE',  #7831 ) ;
#3219 = EDGE_CURVE ( 'NONE', #2957, #7273, #2016, .T. ) ;
#3220 = ORIENTED_EDGE ( 'NONE', *, *, #4883, .T. ) ;
#3221 = EDGE_CURVE ( 'NONE', #161, #1210, #4592, .T. ) ;
#3222 = VERTEX_POINT ( 'NONE', #3819 ) ;
#3223 = DIRECTION ( 'NONE',  ( 0.000000000000000000, -0.000000000000000000, 1.000000000000000000 ) ) ;
#3224 = PRESENTATION_LAYER_ASSIGNMENT (  '', '', ( #2387 ) ) ;
#3225 = CARTESIAN_POINT ( 'NONE',  ( 1.375000000000000444, 0.2000000000000000111, 1.725000000000000311 ) ) ;
#3226 = LINE ( 'NONE', #5365, #4507 ) ;
#3227 = EDGE_CURVE ( 'NONE', #6028, #2821, #3277, .T. ) ;
#3228 = ORIENTED_EDGE ( 'NONE', *, *, #4793, .F. ) ;
#3229 = CARTESIAN_POINT ( 'NONE',  ( -1.724999999999999867, 0.1999999999999999833, 0.2500000000000002220 ) ) ;
#3230 = EDGE_CURVE ( 'NONE', #6296, #4022, #6451, .T. ) ;
#3231 = LINE ( 'NONE', #2542, #5412 ) ;
#3232 = ORIENTED_EDGE ( 'NONE', *, *, #3765, .F. ) ;
#3233 = CARTESIAN_POINT ( 'NONE',  ( 2.000000000000000444, 0.05000000000000000278, -2.000000000000000000 ) ) ;
#3234 = DIRECTION ( 'NONE',  ( -1.000000000000000000, -0.000000000000000000, -7.885106708985496922E-16 ) ) ;
#3235 = EDGE_CURVE ( 'NONE', #4073, #6399, #4636, .T. ) ;
#3236 = CARTESIAN_POINT ( 'NONE',  ( 2.000000000000000444, 0.8000000000000020428, 2.000000000000000000 ) ) ;
#3237 = DIRECTION ( 'NONE',  ( -0.000000000000000000, -1.000000000000000000, -0.000000000000000000 ) ) ;
#3238 = EDGE_CURVE ( 'NONE', #7321, #1081, #7650, .T. ) ;
#3239 = CARTESIAN_POINT ( 'NONE',  ( 1.375000000000000444, 0.04999999999999999584, 1.725000000000000311 ) ) ;
#3240 = VERTEX_POINT ( 'NONE', #654 ) ;
#3241 = CARTESIAN_POINT ( 'NONE',  ( -1.999999999999999556, 0.1999999999999999833, -1.124999999999999556 ) ) ;
#3242 = CARTESIAN_POINT ( 'NONE',  ( -0.8749999999999994449, 0.1999999999999999833, 1.725000000000000311 ) ) ;
#3243 = LINE ( 'NONE', #7843, #1932 ) ;
#3244 = ORIENTED_EDGE ( 'NONE', *, *, #6271, .T. ) ;
#3245 = EDGE_CURVE ( 'NONE', #1946, #6338, #3320, .T. ) ;
#3246 = PLANE ( 'NONE',  #6534 ) ;
#3247 = DIRECTION ( 'NONE',  ( 0.000000000000000000, -0.000000000000000000, -1.000000000000000000 ) ) ;
#3248 = ORIENTED_EDGE ( 'NONE', *, *, #4205, .F. ) ;
#3249 = AXIS2_PLACEMENT_3D ( 'NONE', #5557, #7639, #6937 ) ;
#3250 = DIRECTION ( 'NONE',  ( 0.000000000000000000, 0.000000000000000000, -1.000000000000000000 ) ) ;
#3251 = ORIENTED_EDGE ( 'NONE', *, *, #5044, .T. ) ;
#3252 = CARTESIAN_POINT ( 'NONE',  ( -1.249999999999999556, 0.04999999999999999584, -1.725000000000000089 ) ) ;
#3253 = CARTESIAN_POINT ( 'NONE',  ( 1.724999999999999867, 0.05000000000000002359, 0.2500000000000002220 ) ) ;
#3254 = PLANE ( 'NONE',  #2215 ) ;
#3255 = DIRECTION ( 'NONE',  ( -1.000000000000000000, 0.000000000000000000, 1.084202172485504434E-16 ) ) ;
#3256 = VECTOR ( 'NONE', #904, 1000.000000000000000 ) ;
#3257 = CARTESIAN_POINT ( 'NONE',  ( -1.374999999999999556, 0.04999999999999999584, 1.725000000000000311 ) ) ;
#3258 = CARTESIAN_POINT ( 'NONE',  ( -1.724999999999999867, 0.000000000000000000, -0.2499999999999997780 ) ) ;
#3259 = EDGE_CURVE ( 'NONE', #6156, #3906, #8610, .T. ) ;
#3260 = ORIENTED_EDGE ( 'NONE', *, *, #4707, .T. ) ;
#3261 = DIRECTION ( 'NONE',  ( -1.000000000000000000, 0.000000000000000000, 0.000000000000000000 ) ) ;
#3262 = ORIENTED_EDGE ( 'NONE', *, *, #111, .F. ) ;
#3263 = AXIS2_PLACEMENT_3D ( 'NONE', #5008, #3716, #1125 ) ;
#3264 = EDGE_LOOP ( 'NONE', ( #2206, #1565, #2574, #5909 ) ) ;
#3265 = EDGE_CURVE ( 'NONE', #3647, #847, #5029, .T. ) ;
#3266 = AXIS2_PLACEMENT_3D ( 'NONE', #4519, #6550, #5898 ) ;
#3267 = LINE ( 'NONE', #561, #1124 ) ;
#3268 = DIRECTION ( 'NONE',  ( -0.000000000000000000, -1.000000000000000000, -0.000000000000000000 ) ) ;
#3269 = ORIENTED_EDGE ( 'NONE', *, *, #5555, .F. ) ;
#3270 = PRESENTATION_STYLE_ASSIGNMENT (( #3852 ) ) ;
#3271 = LINE ( 'NONE', #7788, #534 ) ;
#3272 = ORIENTED_EDGE ( 'NONE', *, *, #4385, .F. ) ;
#3273 = VECTOR ( 'NONE', #293, 1000.000000000000000 ) ;
#3274 = CARTESIAN_POINT ( 'NONE',  ( 1.250000000000000444, 0.1999999999999999833, 1.725000000000000089 ) ) ;
#3275 = LINE ( 'NONE', #7185, #811 ) ;
#3276 = EDGE_CURVE ( 'NONE', #2182, #5270, #4150, .T. ) ;
#3277 = LINE ( 'NONE', #7278, #5437 ) ;
#3278 = STYLED_ITEM ( 'NONE', ( #8604 ), #6443 ) ;
#3279 = FACE_OUTER_BOUND ( 'NONE', #8262, .T. ) ;
#3280 = MECHANICAL_DESIGN_GEOMETRIC_PRESENTATION_REPRESENTATION (  '', ( #1887 ), #5636 ) ;
#3281 = AXIS2_PLACEMENT_3D ( 'NONE', #1557, #4184, #5398 ) ;
#3282 = DIRECTION ( 'NONE',  ( 0.000000000000000000, -1.000000000000000000, 0.000000000000000000 ) ) ;
#3283 = ORIENTED_EDGE ( 'NONE', *, *, #277, .T. ) ;
#3284 = VECTOR ( 'NONE', #8027, 1000.000000000000000 ) ;
#3285 = VECTOR ( 'NONE', #1448, 1000.000000000000000 ) ;
#3286 =( NAMED_UNIT ( * ) SI_UNIT ( $, .STERADIAN. ) SOLID_ANGLE_UNIT ( ) );
#3287 = PLANE ( 'NONE',  #4167 ) ;
#3288 = CARTESIAN_POINT ( 'NONE',  ( 0.7500000000000004441, 0.6716990566028298026, 1.725000000000000089 ) ) ;
#3289 = MANIFOLD_SOLID_BREP ( 'LPattern4[4]', #8527 ) ;
#3290 = ORIENTED_EDGE ( 'NONE', *, *, #3707, .F. ) ;
#3291 = LINE ( 'NONE', #1321, #128 ) ;
#3292 = CARTESIAN_POINT ( 'NONE',  ( 1.999999999999999556, 0.1999999999999999833, -1.124999999999999556 ) ) ;
#3293 = ORIENTED_EDGE ( 'NONE', *, *, #5328, .T. ) ;
#3294 = PLANE ( 'NONE',  #8242 ) ;
#3295 = VERTEX_POINT ( 'NONE', #8120 ) ;
#3296 = CARTESIAN_POINT ( 'NONE',  ( -1.124999999999999778, 0.2000000000000000111, -2.000000000000000000 ) ) ;
#3297 = EDGE_LOOP ( 'NONE', ( #6079, #7071, #389, #3136 ) ) ;
#3298 = CARTESIAN_POINT ( 'NONE',  ( 0.8750000000000003331, 0.6716990566028298026, 2.000000000000000000 ) ) ;
#3299 = CARTESIAN_POINT ( 'NONE',  ( 0.8750000000000003331, 0.6716990566028298026, -2.000000000000000000 ) ) ;
#3300 = DIRECTION ( 'NONE',  ( 0.000000000000000000, 1.000000000000000000, 0.000000000000000000 ) ) ;
#3301 = EDGE_LOOP ( 'NONE', ( #6077, #7241, #1532, #3086 ) ) ;
#3302 = CARTESIAN_POINT ( 'NONE',  ( -1.224999999999999645, 0.2000000000000000944, 1.124999999999999334 ) ) ;
#3303 = DIRECTION ( 'NONE',  ( 0.000000000000000000, -1.000000000000000000, 0.000000000000000000 ) ) ;
#3304 = ORIENTED_EDGE ( 'NONE', *, *, #3423, .T. ) ;
#3305 = CARTESIAN_POINT ( 'NONE',  ( -1.249999999999999556, 0.2000000000000000111, -1.725000000000000089 ) ) ;
#3306 = EDGE_LOOP ( 'NONE', ( #1102, #5122 ) ) ;
#3307 = EDGE_CURVE ( 'NONE', #3701, #7845, #2879, .T. ) ;
#3308 = ORIENTED_EDGE ( 'NONE', *, *, #7348, .T. ) ;
#3309 = CARTESIAN_POINT ( 'NONE',  ( -1.692307692307692069, 0.6999999999999999556, -1.692307692307692513 ) ) ;
#3310 = DIRECTION ( 'NONE',  ( 1.000000000000000000, 0.000000000000000000, -7.885106708985496922E-16 ) ) ;
#3311 = ORIENTED_EDGE ( 'NONE', *, *, #2411, .T. ) ;
#3312 = SURFACE_STYLE_USAGE ( .BOTH. , #649 ) ;
#3313 = EDGE_CURVE ( 'NONE', #6850, #4420, #2794, .T. ) ;
#3314 = MANIFOLD_SOLID_BREP ( 'Boss-Extrude3[2]', #5625 ) ;
#3315 = ORIENTED_EDGE ( 'NONE', *, *, #219, .F. ) ;
#3316 = ADVANCED_FACE ( 'NONE', ( #4195 ), #1525, .F. ) ;
#3317 = VECTOR ( 'NONE', #7447, 1000.000000000000000 ) ;
#3318 = DIRECTION ( 'NONE',  ( -0.000000000000000000, -0.000000000000000000, 1.000000000000000000 ) ) ;
#3319 = CARTESIAN_POINT ( 'NONE',  ( -1.374999999999999556, 0.1999999999999999833, -1.725000000000000311 ) ) ;
#3320 = LINE ( 'NONE', #5966, #7656 ) ;
#3321 = VECTOR ( 'NONE', #3941, 1000.000000000000000 ) ;
#3322 = CIRCLE ( 'NONE', #7205, 0.1000000000000000472 ) ;
#3323 = CARTESIAN_POINT ( 'NONE',  ( 1.375000000000000444, 0.1999999999999999833, 2.000000000000000000 ) ) ;
#3324 = DIRECTION ( 'NONE',  ( 1.000000000000000000, 0.000000000000000000, -0.000000000000000000 ) ) ;
#3325 = ORIENTED_EDGE ( 'NONE', *, *, #2739, .T. ) ;
#3326 = EDGE_CURVE ( 'NONE', #979, #2667, #6179, .T. ) ;
#3327 = ADVANCED_FACE ( 'NONE', ( #7322 ), #1351, .T. ) ;
#3328 = VECTOR ( 'NONE', #173, 1000.000000000000000 ) ;
#3329 = CARTESIAN_POINT ( 'NONE',  ( 1.724999999999999867, 0.1999999999999999833, 0.8750000000000003331 ) ) ;
#3330 = FACE_OUTER_BOUND ( 'NONE', #2769, .T. ) ;
#3331 = VECTOR ( 'NONE', #5864, 1000.000000000000000 ) ;
#3332 = VERTEX_POINT ( 'NONE', #6005 ) ;
#3333 = DIRECTION ( 'NONE',  ( 0.000000000000000000, -0.000000000000000000, -1.000000000000000000 ) ) ;
#3334 = PLANE ( 'NONE',  #3963 ) ;
#3335 = VERTEX_POINT ( 'NONE', #38 ) ;
#3336 = VECTOR ( 'NONE', #611, 1000.000000000000000 ) ;
#3337 = CARTESIAN_POINT ( 'NONE',  ( -1.999999999999999556, 0.000000000000000000, -0.6249999999999994449 ) ) ;
#3338 = ORIENTED_EDGE ( 'NONE', *, *, #6621, .T. ) ;
#3339 = PLANE ( 'NONE',  #1190 ) ;
#3340 = VECTOR ( 'NONE', #3318, 1000.000000000000000 ) ;
#3341 = EDGE_CURVE ( 'NONE', #7481, #1070, #5371, .T. ) ;
#3342 = ORIENTED_EDGE ( 'NONE', *, *, #2789, .T. ) ;
#3343 = ADVANCED_FACE ( 'NONE', ( #4929 ), #7574, .T. ) ;
#3344 = CARTESIAN_POINT ( 'NONE',  ( 1.724999999999999867, 0.1999999999999999833, 0.6249999999999998890 ) ) ;
#3345 = PLANE ( 'NONE',  #8445 ) ;
#3346 = CARTESIAN_POINT ( 'NONE',  ( 1.999999999999999556, 0.000000000000000000, 1.375000000000000666 ) ) ;
#3347 = AXIS2_PLACEMENT_3D ( 'NONE', #4435, #1066, #6935 ) ;
#3348 = VERTEX_POINT ( 'NONE', #2358 ) ;
#3349 = CYLINDRICAL_SURFACE ( 'NONE', #5010, 0.1249999999999998890 ) ;
#3350 = ADVANCED_FACE ( 'NONE', ( #5019 ), #5579, .F. ) ;
#3351 = CARTESIAN_POINT ( 'NONE',  ( -1.724999999999999867, 0.6716990566028301357, -1.375000000000000000 ) ) ;
#3352 = ORIENTED_EDGE ( 'NONE', *, *, #8106, .T. ) ;
#3353 = CARTESIAN_POINT ( 'NONE',  ( 0.8750000000000003331, 0.2000000000000000111, -2.000000000000000000 ) ) ;
#3354 = VERTEX_POINT ( 'NONE', #999 ) ;
#3355 = VECTOR ( 'NONE', #5552, 1000.000000000000000 ) ;
#3356 = VECTOR ( 'NONE', #3153, 1000.000000000000000 ) ;
#3357 = ORIENTED_EDGE ( 'NONE', *, *, #3259, .F. ) ;
#3358 = SURFACE_STYLE_USAGE ( .BOTH. , #1212 ) ;
#3359 = AXIS2_PLACEMENT_3D ( 'NONE', #7793, #8040, #2715 ) ;
#3360 = DIRECTION ( 'NONE',  ( 0.000000000000000000, -0.000000000000000000, 1.000000000000000000 ) ) ;
#3361 = ORIENTED_EDGE ( 'NONE', *, *, #3235, .F. ) ;
#3362 = VECTOR ( 'NONE', #4363, 1000.000000000000000 ) ;
#3363 = ORIENTED_EDGE ( 'NONE', *, *, #8303, .T. ) ;
#3364 =( LENGTH_UNIT ( ) NAMED_UNIT ( * ) SI_UNIT ( .MILLI., .METRE. ) );
#3365 = DIRECTION ( 'NONE',  ( 0.000000000000000000, 0.000000000000000000, 1.000000000000000000 ) ) ;
#3366 = FILL_AREA_STYLE ('',( #776 ) ) ;
#3367 = CARTESIAN_POINT ( 'NONE',  ( -1.374999999999999556, 0.000000000000000000, 1.725000000000000311 ) ) ;
#3368 = EDGE_LOOP ( 'NONE', ( #4514, #6647, #4386, #5105 ) ) ;
#3369 = DIRECTION ( 'NONE',  ( -1.000000000000000000, 0.000000000000000000, 1.084202172485504681E-16 ) ) ;
#3370 = DIRECTION ( 'NONE',  ( -0.000000000000000000, -1.000000000000000000, -0.000000000000000000 ) ) ;
#3371 = ADVANCED_FACE ( 'NONE', ( #7529 ), #6313, .T. ) ;
#3372 = LINE ( 'NONE', #5501, #560 ) ;
#3373 = DIRECTION ( 'NONE',  ( 7.885106708985496922E-16, 0.000000000000000000, 1.000000000000000000 ) ) ;
#3374 = EDGE_CURVE ( 'NONE', #7977, #1189, #2921, .T. ) ;
#3375 = EDGE_LOOP ( 'NONE', ( #4564, #7640, #6674, #8115 ) ) ;
#3376 = FACE_OUTER_BOUND ( 'NONE', #5164, .T. ) ;
#3377 = EDGE_LOOP ( 'NONE', ( #1449, #6050, #5813, #1738 ) ) ;
#3378 = DIRECTION ( 'NONE',  ( -0.000000000000000000, -1.000000000000000000, -0.000000000000000000 ) ) ;
#3379 = ORIENTED_EDGE ( 'NONE', *, *, #4288, .F. ) ;
#3380 = CARTESIAN_POINT ( 'NONE',  ( -1.724999999999999867, 0.6716990566028301357, -1.375000000000000000 ) ) ;
#3381 = CARTESIAN_POINT ( 'NONE',  ( 1.724999999999999867, 0.6716990566028301357, -0.7499999999999997780 ) ) ;
#3382 = DIRECTION ( 'NONE',  ( 0.000000000000000000, -1.000000000000000000, 0.000000000000000000 ) ) ;
#3383 = ORIENTED_EDGE ( 'NONE', *, *, #7479, .F. ) ;
#3384 = CARTESIAN_POINT ( 'NONE',  ( -1.724999999999999867, 0.05000000000000002359, -1.375000000000000000 ) ) ;
#3385 = EDGE_CURVE ( 'NONE', #749, #4574, #299, .T. ) ;
#3386 = AXIS2_PLACEMENT_3D ( 'NONE', #5356, #721, #796 ) ;
#3387 = EDGE_CURVE ( 'NONE', #520, #6914, #5707, .T. ) ;
#3388 = PLANE ( 'NONE',  #3386 ) ;
#3389 = ORIENTED_EDGE ( 'NONE', *, *, #645, .F. ) ;
#3390 = DIRECTION ( 'NONE',  ( 0.000000000000000000, 1.000000000000000000, -0.000000000000000000 ) ) ;
#3391 = ORIENTED_EDGE ( 'NONE', *, *, #2057, .F. ) ;
#3392 = CIRCLE ( 'NONE', #2566, 0.1249999999999998890 ) ;
#3393 = VERTEX_POINT ( 'NONE', #3676 ) ;
#3394 = CARTESIAN_POINT ( 'NONE',  ( 1.225000000000000533, 0.2000000000000000944, 1.125000000000000888 ) ) ;
#3395 = EDGE_CURVE ( 'NONE', #5397, #4521, #387, .T. ) ;
#3396 = FILL_AREA_STYLE ('',( #1512 ) ) ;
#3397 = AXIS2_PLACEMENT_3D ( 'NONE', #3305, #7989, #5950 ) ;
#3398 = CARTESIAN_POINT ( 'NONE',  ( 1.999999999999999556, 0.000000000000000000, 0.3750000000000005551 ) ) ;
#3399 = ORIENTED_EDGE ( 'NONE', *, *, #8468, .F. ) ;
#3400 = EDGE_LOOP ( 'NONE', ( #444, #844, #3311, #5616 ) ) ;
#3401 = ADVANCED_FACE ( 'NONE', ( #3054 ), #8254, .F. ) ;
#3402 = AXIS2_PLACEMENT_3D ( 'NONE', #932, #6980, #7717 ) ;
#3403 = CARTESIAN_POINT ( 'NONE',  ( -1.999999999999999556, 0.6716990566028301357, 0.8750000000000005551 ) ) ;
#3404 = EDGE_LOOP ( 'NONE', ( #4182, #6781, #3032, #65, #895, #98, #5893, #2099 ) ) ;
#3405 = PRESENTATION_STYLE_ASSIGNMENT (( #5407 ) ) ;
#3406 = CLOSED_SHELL ( 'NONE', ( #7631, #6992, #7583, #7097, #5078, #6774 ) ) ;
#3407 = SURFACE_STYLE_USAGE ( .BOTH. , #4714 ) ;
#3408 = AXIS2_PLACEMENT_3D ( 'NONE', #6915, #7577, #4421 ) ;
#3409 = UNCERTAINTY_MEASURE_WITH_UNIT (LENGTH_MEASURE( 1.000000000000000082E-05 ), #7462, 'distance_accuracy_value', 'NONE');
#3410 = LINE ( 'NONE', #6095, #8152 ) ;
#3411 = VECTOR ( 'NONE', #3087, 1000.000000000000000 ) ;
#3412 = ORIENTED_EDGE ( 'NONE', *, *, #3707, .T. ) ;
#3413 = DIRECTION ( 'NONE',  ( -1.000000000000000000, 0.000000000000000000, -7.885106708985496922E-16 ) ) ;
#3414 = DIRECTION ( 'NONE',  ( 1.000000000000000000, 0.000000000000000000, 7.885106708985496922E-16 ) ) ;
#3415 = MECHANICAL_DESIGN_GEOMETRIC_PRESENTATION_REPRESENTATION (  '', ( #8257 ), #6188 ) ;
#3416 = CARTESIAN_POINT ( 'NONE',  ( -0.3749999999999994449, 0.000000000000000000, 2.000000000000000000 ) ) ;
#3417 = AXIS2_PLACEMENT_3D ( 'NONE', #5077, #8224, #3025 ) ;
#3418 = CARTESIAN_POINT ( 'NONE',  ( 0.1250000000000005551, 0.6716990566028298026, -1.725000000000000311 ) ) ;
#3419 = DIRECTION ( 'NONE',  ( 0.000000000000000000, -0.000000000000000000, 1.000000000000000000 ) ) ;
#3420 = ORIENTED_EDGE ( 'NONE', *, *, #6667, .F. ) ;
#3421 = DIRECTION ( 'NONE',  ( -0.000000000000000000, -1.000000000000000000, -0.000000000000000000 ) ) ;
#3422 = VECTOR ( 'NONE', #1409, 1000.000000000000000 ) ;
#3423 = EDGE_CURVE ( 'NONE', #630, #1036, #6873, .T. ) ;
#3424 = ORIENTED_EDGE ( 'NONE', *, *, #6339, .T. ) ;
#3425 = FACE_OUTER_BOUND ( 'NONE', #881, .T. ) ;
#3426 = CIRCLE ( 'NONE', #7166, 0.1249999999999998890 ) ;
#3427 = PRESENTATION_STYLE_ASSIGNMENT (( #3559 ) ) ;
#3428 = EDGE_CURVE ( 'NONE', #4018, #7311, #1567, .T. ) ;
#3429 = DIRECTION ( 'NONE',  ( 0.000000000000000000, 0.000000000000000000, 1.000000000000000000 ) ) ;
#3430 = ORIENTED_EDGE ( 'NONE', *, *, #4649, .F. ) ;
#3431 = DIRECTION ( 'NONE',  ( 0.000000000000000000, 0.000000000000000000, 1.000000000000000000 ) ) ;
#3432 = CARTESIAN_POINT ( 'NONE',  ( 1.724999999999999867, 0.000000000000000000, -0.2499999999999997780 ) ) ;
#3433 = MANIFOLD_SOLID_BREP ( 'PIN1', #335 ) ;
#3434 = ORIENTED_EDGE ( 'NONE', *, *, #3643, .F. ) ;
#3435 = DIRECTION ( 'NONE',  ( 0.000000000000000000, 1.000000000000000000, 0.000000000000000000 ) ) ;
#3436 = VERTEX_POINT ( 'NONE', #914 ) ;
#3437 = EDGE_CURVE ( 'NONE', #4420, #4773, #7052, .T. ) ;
#3438 = VECTOR ( 'NONE', #1688, 1000.000000000000000 ) ;
#3439 = ORIENTED_EDGE ( 'NONE', *, *, #7785, .T. ) ;
#3440 = EDGE_CURVE ( 'NONE', #933, #8424, #3267, .T. ) ;
#3441 = DIRECTION ( 'NONE',  ( 7.885106708985496922E-16, 0.000000000000000000, 1.000000000000000000 ) ) ;
#3442 =( NAMED_UNIT ( * ) SI_UNIT ( $, .STERADIAN. ) SOLID_ANGLE_UNIT ( ) );
#3443 = FACE_OUTER_BOUND ( 'NONE', #8554, .T. ) ;
#3444 = ORIENTED_EDGE ( 'NONE', *, *, #4080, .T. ) ;
#3445 = ORIENTED_EDGE ( 'NONE', *, *, #7186, .T. ) ;
#3446 = EDGE_CURVE ( 'NONE', #3523, #7034, #6486, .T. ) ;
#3447 = DIRECTION ( 'NONE',  ( -1.000000000000000000, 0.000000000000000000, 7.885106708985496922E-16 ) ) ;
#3448 = VERTEX_POINT ( 'NONE', #2535 ) ;
#3449 = DIRECTION ( 'NONE',  ( 7.885106708985496922E-16, 0.000000000000000000, -1.000000000000000000 ) ) ;
#3450 = EDGE_CURVE ( 'NONE', #3804, #4919, #5986, .T. ) ;
#3451 = DIRECTION ( 'NONE',  ( -0.000000000000000000, -1.000000000000000000, -0.000000000000000000 ) ) ;
#3452 = AXIS2_PLACEMENT_3D ( 'NONE', #3194, #1930, #4638 ) ;
#3453 = VERTEX_POINT ( 'NONE', #7178 ) ;
#3454 = DIRECTION ( 'NONE',  ( 1.000000000000000000, 0.000000000000000000, -7.885106708985496922E-16 ) ) ;
#3455 = CARTESIAN_POINT ( 'NONE',  ( -0.3749999999999994449, 0.000000000000000000, -1.725000000000000311 ) ) ;
#3456 = CARTESIAN_POINT ( 'NONE',  ( -1.124999999999999778, 3.664823227814084650, 1.124999999999999334 ) ) ;
#3457 = VECTOR ( 'NONE', #8477, 1000.000000000000000 ) ;
#3458 = CARTESIAN_POINT ( 'NONE',  ( -2.956915015869572563E-16, 0.05000000000000000278, -0.3750000000000014988 ) ) ;
#3459 = DIRECTION ( 'NONE',  ( 7.885106708985496922E-16, -0.000000000000000000, 1.000000000000000000 ) ) ;
#3460 = ORIENTED_EDGE ( 'NONE', *, *, #3719, .T. ) ;
#3461 = DIRECTION ( 'NONE',  ( -0.000000000000000000, -1.000000000000000000, -0.000000000000000000 ) ) ;
#3462 = AXIS2_PLACEMENT_3D ( 'NONE', #7115, #4601, #1193 ) ;
#3463 = ORIENTED_EDGE ( 'NONE', *, *, #2606, .T. ) ;
#3464 = AXIS2_PLACEMENT_3D ( 'NONE', #5988, #8499, #2564 ) ;
#3465 = LINE ( 'NONE', #181, #5862 ) ;
#3466 = CARTESIAN_POINT ( 'NONE',  ( -1.724999999999999867, 0.6716990566028301357, -0.6249999999999996669 ) ) ;
#3467 = CYLINDRICAL_SURFACE ( 'NONE', #1256, 0.1250000000000002220 ) ;
#3468 = ORIENTED_EDGE ( 'NONE', *, *, #7773, .T. ) ;
#3469 = CARTESIAN_POINT ( 'NONE',  ( 1.375000000000000444, 0.000000000000000000, -2.000000000000000000 ) ) ;
#3470 = VECTOR ( 'NONE', #7236, 1000.000000000000000 ) ;
#3471 = EDGE_CURVE ( 'NONE', #3569, #8201, #8556, .T. ) ;
#3472 = PLANE ( 'NONE',  #6010 ) ;
#3473 = ORIENTED_EDGE ( 'NONE', *, *, #81, .F. ) ;
#3474 = AXIS2_PLACEMENT_3D ( 'NONE', #4213, #8094, #5467 ) ;
#3475 = CARTESIAN_POINT ( 'NONE',  ( -0.6249999999999996669, 0.000000000000000000, 1.725000000000000311 ) ) ;
#3476 = ORIENTED_EDGE ( 'NONE', *, *, #8427, .T. ) ;
#3477 = EDGE_CURVE ( 'NONE', #1329, #5184, #3977, .T. ) ;
#3478 = SURFACE_STYLE_USAGE ( .BOTH. , #7428 ) ;
#3479 = VECTOR ( 'NONE', #5352, 1000.000000000000000 ) ;
#3480 = VECTOR ( 'NONE', #1334, 1000.000000000000000 ) ;
#3481 = ORIENTED_EDGE ( 'NONE', *, *, #1891, .T. ) ;
#3482 = ORIENTED_EDGE ( 'NONE', *, *, #3245, .F. ) ;
#3483 = DIRECTION ( 'NONE',  ( -1.000000000000000000, 0.000000000000000000, -7.885106708985496922E-16 ) ) ;
#3484 = VECTOR ( 'NONE', #2511, 1000.000000000000000 ) ;
#3485 = EDGE_CURVE ( 'NONE', #1320, #3745, #7102, .T. ) ;
#3486 = AXIS2_PLACEMENT_3D ( 'NONE', #7624, #924, #1006 ) ;
#3487 = PLANE ( 'NONE',  #8087 ) ;
#3488 = ORIENTED_EDGE ( 'NONE', *, *, #1518, .F. ) ;
#3489 = EDGE_CURVE ( 'NONE', #6390, #6307, #1874, .T. ) ;
#3490 = CARTESIAN_POINT ( 'NONE',  ( 0.6250000000000005551, 0.04999999999999999584, 1.725000000000000311 ) ) ;
#3491 = ORIENTED_EDGE ( 'NONE', *, *, #6417, .F. ) ;
#3492 = DIRECTION ( 'NONE',  ( 0.000000000000000000, -1.000000000000000000, 0.000000000000000000 ) ) ;
#3493 = STYLED_ITEM ( 'NONE', ( #2401 ), #3433 ) ;
#3494 = DIRECTION ( 'NONE',  ( -7.885106708985496922E-16, 0.000000000000000000, -1.000000000000000000 ) ) ;
#3495 = EDGE_LOOP ( 'NONE', ( #1979, #3383, #6142, #3463 ) ) ;
#3496 = CARTESIAN_POINT ( 'NONE',  ( 1.724999999999999867, 0.6716990566028301357, 0.8750000000000003331 ) ) ;
#3497 = FILL_AREA_STYLE ('',( #7363 ) ) ;
#3498 = UNCERTAINTY_MEASURE_WITH_UNIT (LENGTH_MEASURE( 1.000000000000000082E-05 ), #6783, 'distance_accuracy_value', 'NONE');
#3499 = PRESENTATION_LAYER_ASSIGNMENT (  '', '', ( #836 ) ) ;
#3500 = FILL_AREA_STYLE ('',( #6747 ) ) ;
#3501 = FACE_OUTER_BOUND ( 'NONE', #6626, .T. ) ;
#3502 = ORIENTED_EDGE ( 'NONE', *, *, #6840, .T. ) ;
#3503 = CARTESIAN_POINT ( 'NONE',  ( 0.7500000000000004441, 0.000000000000000000, 1.600000000000000311 ) ) ;
#3504 = LINE ( 'NONE', #2144, #8591 ) ;
#3505 = AXIS2_PLACEMENT_3D ( 'NONE', #8420, #2301, #2955 ) ;
#3506 = FACE_OUTER_BOUND ( 'NONE', #1987, .T. ) ;
#3507 = EDGE_CURVE ( 'NONE', #5444, #3448, #8384, .T. ) ;
#3508 = CARTESIAN_POINT ( 'NONE',  ( 1.724999999999999867, 0.1999999999999999833, 0.2500000000000002220 ) ) ;
#3509 = CARTESIAN_POINT ( 'NONE',  ( -1.999999999999999556, 0.6716990566028301357, -1.124999999999999556 ) ) ;
#3510 = EDGE_LOOP ( 'NONE', ( #4046, #449, #755, #5698 ) ) ;
#3511 = LINE ( 'NONE', #139, #4154 ) ;
#3512 = EDGE_LOOP ( 'NONE', ( #8059, #4660, #3216, #4241, #1092 ) ) ;
#3513 = FACE_OUTER_BOUND ( 'NONE', #6968, .T. ) ;
#3514 = EDGE_CURVE ( 'NONE', #4017, #3523, #5794, .T. ) ;
#3515 = LINE ( 'NONE', #3466, #116 ) ;
#3516 = CARTESIAN_POINT ( 'NONE',  ( 1.999999999999999556, 0.1999999999999999833, -0.6249999999999994449 ) ) ;
#3517 = ORIENTED_EDGE ( 'NONE', *, *, #4077, .T. ) ;
#3518 = DIRECTION ( 'NONE',  ( -0.000000000000000000, -1.000000000000000000, -0.000000000000000000 ) ) ;
#3519 = CARTESIAN_POINT ( 'NONE',  ( -1.724999999999999867, 0.1999999999999999833, -1.375000000000000222 ) ) ;
#3520 = ORIENTED_EDGE ( 'NONE', *, *, #3206, .F. ) ;
#3521 = DIRECTION ( 'NONE',  ( 0.000000000000000000, 0.000000000000000000, 1.000000000000000000 ) ) ;
#3522 = VERTEX_POINT ( 'NONE', #516 ) ;
#3523 = VERTEX_POINT ( 'NONE', #3225 ) ;
#3524 = ORIENTED_EDGE ( 'NONE', *, *, #8344, .T. ) ;
#3525 = DIRECTION ( 'NONE',  ( 0.000000000000000000, -1.000000000000000000, 0.000000000000000000 ) ) ;
#3526 = EDGE_CURVE ( 'NONE', #4835, #5584, #4538, .T. ) ;
#3527 = CARTESIAN_POINT ( 'NONE',  ( 1.999999999999999556, 0.6716990566028301357, 0.8750000000000005551 ) ) ;
#3528 = CARTESIAN_POINT ( 'NONE',  ( 1.999999999999999556, 0.04999999999999969746, 1.375000000000000666 ) ) ;
#3529 = ORIENTED_EDGE ( 'NONE', *, *, #1296, .F. ) ;
#3530 = AXIS2_PLACEMENT_3D ( 'NONE', #4078, #4688, #6633 ) ;
#3531 = CARTESIAN_POINT ( 'NONE',  ( 1.999999999999999556, 0.1999999999999999833, 0.8750000000000005551 ) ) ;
#3532 = EDGE_CURVE ( 'NONE', #3207, #513, #5441, .T. ) ;
#3533 = ORIENTED_EDGE ( 'NONE', *, *, #5055, .F. ) ;
#3534 = CARTESIAN_POINT ( 'NONE',  ( -1.374999999999999556, 0.2000000000000000111, 1.725000000000000311 ) ) ;
#3535 = CARTESIAN_POINT ( 'NONE',  ( 0.8750000000000003331, 0.000000000000000000, 2.000000000000000000 ) ) ;
#3536 = VERTEX_POINT ( 'NONE', #4454 ) ;
#3537 = LINE ( 'NONE', #2964, #6936 ) ;
#3538 = AXIS2_PLACEMENT_3D ( 'NONE', #5422, #175, #6714 ) ;
#3539 = DIRECTION ( 'NONE',  ( 0.000000000000000000, -0.000000000000000000, -1.000000000000000000 ) ) ;
#3540 = EDGE_LOOP ( 'NONE', ( #4672, #2365, #3220, #2154 ) ) ;
#3541 = DIRECTION ( 'NONE',  ( 0.000000000000000000, -1.000000000000000000, 0.000000000000000000 ) ) ;
#3542 = CARTESIAN_POINT ( 'NONE',  ( 1.125000000000000666, 0.05000000000000000278, 1.225000000000000755 ) ) ;
#3543 = VECTOR ( 'NONE', #6606, 1000.000000000000000 ) ;
#3544 = ORIENTED_EDGE ( 'NONE', *, *, #5199, .T. ) ;
#3545 = ADVANCED_FACE ( 'NONE', ( #8428 ), #5833, .F. ) ;
#3546 = LINE ( 'NONE', #216, #1804 ) ;
#3547 = CARTESIAN_POINT ( 'NONE',  ( -1.374999999999999556, 0.000000000000000000, 1.725000000000000311 ) ) ;
#3548 = LINE ( 'NONE', #8085, #3913 ) ;
#3549 = VECTOR ( 'NONE', #6468, 1000.000000000000000 ) ;
#3550 = DIRECTION ( 'NONE',  ( 0.000000000000000000, -1.000000000000000000, 0.000000000000000000 ) ) ;
#3551 = CARTESIAN_POINT ( 'NONE',  ( -1.724999999999999867, 0.6716990566028301357, -0.8750000000000001110 ) ) ;
#3552 = CLOSED_SHELL ( 'NONE', ( #7402, #6482, #1350, #4832, #7004, #3931, #4621, #5411, #1833, #1955, #8181, #8000, #497, #3102, #7461, #2573, #2152, #507, #8075, #6085, #5770, #5525, #3012, #1790, #5259, #7627, #2610, #7959, #2299, #1457, #2127, #6185, #7141, #4467, #223, #1474, #3940, #777, #1655, #481, #5874, #7165, #1053, #3066, #3327, #3350, #5519, #2165, #2949, #7678, #5808, #7940, #5158, #5743, #6245, #1150, #5129, #6197, #2314, #4550, #4492, #1941, #557, #4118, #7412, #7359, #471, #8204, #1401, #6006, #6954, #6224, #5676, #2747, #6067, #2286, #3815, #4227, #6782, #7668, #3836, #409, #3666, #5140, #2092, #3790, #4552, #2753, #8611, #4668, #1919, #2934, #29, #6832, #6750, #8193, #2230, #6678, #2051, #5440, #1177, #3721, #3976, #4578, #7953, #6969, #7309, #5915, #5031, #5286, #8402, #799, #2112, #4144, #2871, #710, #6015, #2898, #4664, #6772 ) ) ;
#3553 = EDGE_LOOP ( 'NONE', ( #4211, #3145, #5718, #251 ) ) ;
#3554 = FACE_OUTER_BOUND ( 'NONE', #4954, .T. ) ;
#3555 = ORIENTED_EDGE ( 'NONE', *, *, #2352, .T. ) ;
#3556 = CIRCLE ( 'NONE', #7987, 0.1249999999999998890 ) ;
#3557 = FACE_OUTER_BOUND ( 'NONE', #6036, .T. ) ;
#3558 = EDGE_CURVE ( 'NONE', #7122, #4558, #5146, .T. ) ;
#3559 = SURFACE_STYLE_USAGE ( .BOTH. , #838 ) ;
#3560 = CARTESIAN_POINT ( 'NONE',  ( 0.3750000000000003331, 0.000000000000000000, -2.000000000000000000 ) ) ;
#3561 = CIRCLE ( 'NONE', #623, 0.1250000000000002220 ) ;
#3562 = VERTEX_POINT ( 'NONE', #601 ) ;
#3563 = DIRECTION ( 'NONE',  ( -0.000000000000000000, -1.000000000000000000, -0.000000000000000000 ) ) ;
#3564 = PLANE ( 'NONE',  #866 ) ;
#3565 = VECTOR ( 'NONE', #2386, 1000.000000000000000 ) ;
#3566 = MANIFOLD_SOLID_BREP ( 'LPattern3[10]', #1597 ) ;
#3567 = VERTEX_POINT ( 'NONE', #690 ) ;
#3568 = LINE ( 'NONE', #2738, #6448 ) ;
#3569 = VERTEX_POINT ( 'NONE', #6697 ) ;
#3570 = COLOUR_RGB ( '',0.7921568627450980005, 0.8196078431372548767, 0.9333333333333333481 ) ;
#3571 = ORIENTED_EDGE ( 'NONE', *, *, #8206, .F. ) ;
#3572 = ORIENTED_EDGE ( 'NONE', *, *, #3989, .T. ) ;
#3573 = LINE ( 'NONE', #6819, #4541 ) ;
#3574 = MECHANICAL_DESIGN_GEOMETRIC_PRESENTATION_REPRESENTATION (  '', ( #2595 ), #2307 ) ;
#3575 = AXIS2_PLACEMENT_3D ( 'NONE', #1130, #6958, #382 ) ;
#3576 = LINE ( 'NONE', #3527, #3362 ) ;
#3577 = DIRECTION ( 'NONE',  ( -0.000000000000000000, -1.000000000000000000, -0.000000000000000000 ) ) ;
#3578 = ORIENTED_EDGE ( 'NONE', *, *, #323, .F. ) ;
#3579 = DIRECTION ( 'NONE',  ( 0.000000000000000000, -1.000000000000000000, 0.000000000000000000 ) ) ;
#3580 = MANIFOLD_SOLID_BREP ( 'LPattern4[10]', #3406 ) ;
#3581 = ORIENTED_EDGE ( 'NONE', *, *, #1494, .T. ) ;
#3582 = ORIENTED_EDGE ( 'NONE', *, *, #8511, .T. ) ;
#3583 = CARTESIAN_POINT ( 'NONE',  ( 1.999999999999999556, 0.000000000000000000, 0.8750000000000005551 ) ) ;
#3584 = DIRECTION ( 'NONE',  ( 0.000000000000000000, -1.000000000000000000, 0.000000000000000000 ) ) ;
#3585 = EDGE_CURVE ( 'NONE', #5187, #284, #3648, .T. ) ;
#3586 = ORIENTED_EDGE ( 'NONE', *, *, #4064, .T. ) ;
#3587 = CARTESIAN_POINT ( 'NONE',  ( 0.3750000000000003331, 0.2000000000000000111, 2.000000000000000000 ) ) ;
#3588 = EDGE_CURVE ( 'NONE', #1835, #948, #6127, .T. ) ;
#3589 = DIRECTION ( 'NONE',  ( 1.000000000000000000, 0.000000000000000000, -7.885106708985496922E-16 ) ) ;
#3590 = VERTEX_POINT ( 'NONE', #2125 ) ;
#3591 = FACE_OUTER_BOUND ( 'NONE', #7227, .T. ) ;
#3592 = CARTESIAN_POINT ( 'NONE',  ( -0.6249999999999996669, 0.1999999999999999833, 2.000000000000000000 ) ) ;
#3593 = MANIFOLD_SOLID_BREP ( 'LPattern3[1]', #8391 ) ;
#3594 = DIRECTION ( 'NONE',  ( 0.000000000000000000, -0.000000000000000000, 1.000000000000000000 ) ) ;
#3595 = EDGE_CURVE ( 'NONE', #4209, #8589, #4781, .T. ) ;
#3596 = LINE ( 'NONE', #3056, #8512 ) ;
#3597 = DIRECTION ( 'NONE',  ( 0.000000000000000000, -1.000000000000000000, 0.000000000000000000 ) ) ;
#3598 = DIRECTION ( 'NONE',  ( -0.000000000000000000, -1.000000000000000000, -0.000000000000000000 ) ) ;
#3599 = ORIENTED_EDGE ( 'NONE', *, *, #8533, .F. ) ;
#3600 = LINE ( 'NONE', #7672, #6472 ) ;
#3601 = PLANE ( 'NONE',  #7767 ) ;
#3602 = DIRECTION ( 'NONE',  ( 0.000000000000000000, 0.000000000000000000, -1.000000000000000000 ) ) ;
#3603 = VECTOR ( 'NONE', #2231, 1000.000000000000000 ) ;
#3604 = EDGE_LOOP ( 'NONE', ( #117, #2884, #6804, #512 ) ) ;
#3605 = LINE ( 'NONE', #6072, #2654 ) ;
#3606 = CARTESIAN_POINT ( 'NONE',  ( -0.3749999999999994449, 0.2000000000000000111, -1.725000000000000311 ) ) ;
#3607 = MANIFOLD_SOLID_BREP ( 'Fillet6', #3552 ) ;
#3608 = VERTEX_POINT ( 'NONE', #1691 ) ;
#3609 = ADVANCED_FACE ( 'NONE', ( #7561 ), #5481, .T. ) ;
#3610 = LINE ( 'NONE', #369, #7146 ) ;
#3611 = EDGE_CURVE ( 'NONE', #5473, #281, #5526, .T. ) ;
#3612 = ORIENTED_EDGE ( 'NONE', *, *, #4140, .F. ) ;
#3613 = VECTOR ( 'NONE', #4585, 1000.000000000000000 ) ;
#3614 = ORIENTED_EDGE ( 'NONE', *, *, #7675, .F. ) ;
#3615 = ORIENTED_EDGE ( 'NONE', *, *, #4618, .T. ) ;
#3616 = CARTESIAN_POINT ( 'NONE',  ( -1.724999999999999867, 0.000000000000000000, -0.1249999999999996808 ) ) ;
#3617 = VECTOR ( 'NONE', #7370, 1000.000000000000000 ) ;
#3618 = EDGE_CURVE ( 'NONE', #7845, #3117, #288, .T. ) ;
#3619 = AXIS2_PLACEMENT_3D ( 'NONE', #2022, #6460, #8530 ) ;
#3620 = DIRECTION ( 'NONE',  ( 0.000000000000000000, -1.000000000000000000, 0.000000000000000000 ) ) ;
#3621 = CARTESIAN_POINT ( 'NONE',  ( 0.7500000000000004441, 0.2000000000000000111, 1.725000000000000089 ) ) ;
#3622 = DIRECTION ( 'NONE',  ( 0.000000000000000000, -1.000000000000000000, 0.000000000000000000 ) ) ;
#3623 = EDGE_CURVE ( 'NONE', #4540, #6702, #3713, .T. ) ;
#3624 = ORIENTED_EDGE ( 'NONE', *, *, #8380, .T. ) ;
#3625 = STYLED_ITEM ( 'NONE', ( #3405 ), #2054 ) ;
#3626 = CARTESIAN_POINT ( 'NONE',  ( 0.3750000000000003331, 0.6716990566028298026, 2.000000000000000000 ) ) ;
#3627 = AXIS2_PLACEMENT_3D ( 'NONE', #1533, #2756, #3454 ) ;
#3628 = VERTEX_POINT ( 'NONE', #1602 ) ;
#3629 =( LENGTH_UNIT ( ) NAMED_UNIT ( * ) SI_UNIT ( .MILLI., .METRE. ) );
#3630 = ORIENTED_EDGE ( 'NONE', *, *, #1507, .F. ) ;
#3631 = DIRECTION ( 'NONE',  ( 1.000000000000000000, 0.000000000000000000, 0.000000000000000000 ) ) ;
#3632 = VECTOR ( 'NONE', #3170, 1000.000000000000000 ) ;
#3633 = VECTOR ( 'NONE', #3518, 1000.000000000000000 ) ;
#3634 = VECTOR ( 'NONE', #2832, 1000.000000000000000 ) ;
#3635 = VERTEX_POINT ( 'NONE', #2344 ) ;
#3636 = PLANE ( 'NONE',  #3982 ) ;
#3637 = CARTESIAN_POINT ( 'NONE',  ( -1.999999999999999556, 0.000000000000000000, -0.3749999999999998890 ) ) ;
#3638 = AXIS2_PLACEMENT_3D ( 'NONE', #2502, #6537, #570 ) ;
#3639 = ORIENTED_EDGE ( 'NONE', *, *, #7712, .F. ) ;
#3640 = CYLINDRICAL_SURFACE ( 'NONE', #8313, 0.1333333333333333870 ) ;
#3641 = CARTESIAN_POINT ( 'NONE',  ( 1.125000000000000666, 0.6716990566028298026, -1.725000000000000311 ) ) ;
#3642 = CARTESIAN_POINT ( 'NONE',  ( -1.124999999999999778, 0.2000000000000000111, 2.000000000000000000 ) ) ;
#3643 = EDGE_CURVE ( 'NONE', #5186, #4055, #198, .T. ) ;
#3644 = VECTOR ( 'NONE', #2267, 1000.000000000000000 ) ;
#3645 = CARTESIAN_POINT ( 'NONE',  ( -1.724999999999999867, 0.1999999999999999833, -0.3750000000000000000 ) ) ;
#3646 = CARTESIAN_POINT ( 'NONE',  ( -1.999999999999999556, 0.04999999999999969746, -0.8749999999999998890 ) ) ;
#3647 = VERTEX_POINT ( 'NONE', #8151 ) ;
#3648 = CIRCLE ( 'NONE', #4346, 0.1000000000000000472 ) ;
#3649 = DIRECTION ( 'NONE',  ( 0.000000000000000000, -0.000000000000000000, 1.000000000000000000 ) ) ;
#3650 = ADVANCED_FACE ( 'NONE', ( #2954 ), #2870, .F. ) ;
#3651 = FACE_OUTER_BOUND ( 'NONE', #3510, .T. ) ;
#3652 = CARTESIAN_POINT ( 'NONE',  ( -1.125000000000000000, 0.2000000000000000944, 1.224999999999999423 ) ) ;
#3653 = VERTEX_POINT ( 'NONE', #8240 ) ;
#3654 = LINE ( 'NONE', #3743, #3065 ) ;
#3655 = EDGE_CURVE ( 'NONE', #3094, #5646, #3576, .T. ) ;
#3656 = FACE_OUTER_BOUND ( 'NONE', #1617, .T. ) ;
#3657 = EDGE_LOOP ( 'NONE', ( #4732, #5257, #5889, #7744 ) ) ;
#3658 = CIRCLE ( 'NONE', #6696, 0.1249999999999998890 ) ;
#3659 = DIRECTION ( 'NONE',  ( 0.000000000000000000, -1.000000000000000000, 0.000000000000000000 ) ) ;
#3660 = EDGE_LOOP ( 'NONE', ( #2312, #6017, #1632, #8288 ) ) ;
#3661 = SURFACE_STYLE_USAGE ( .BOTH. , #3705 ) ;
#3662 = CARTESIAN_POINT ( 'NONE',  ( -1.724999999999999867, 0.000000000000000000, 0.6249999999999998890 ) ) ;
#3663 = PLANE ( 'NONE',  #672 ) ;
#3664 = ORIENTED_EDGE ( 'NONE', *, *, #8195, .F. ) ;
#3665 = DIRECTION ( 'NONE',  ( 0.000000000000000000, 0.000000000000000000, -1.000000000000000000 ) ) ;
#3666 = ADVANCED_FACE ( 'NONE', ( #6213 ), #990, .F. ) ;
#3667 = CARTESIAN_POINT ( 'NONE',  ( -0.6249999999999996669, 0.000000000000000000, 2.000000000000000000 ) ) ;
#3668 = CARTESIAN_POINT ( 'NONE',  ( -1.724999999999999867, 0.1999999999999999833, 0.1250000000000000000 ) ) ;
#3669 = CARTESIAN_POINT ( 'NONE',  ( -1.724999999999999867, 0.1999999999999999833, -0.1249999999999996808 ) ) ;
#3670 = ORIENTED_EDGE ( 'NONE', *, *, #6495, .F. ) ;
#3671 = CYLINDRICAL_SURFACE ( 'NONE', #4799, 0.1249999999999998890 ) ;
#3672 = VERTEX_POINT ( 'NONE', #7605 ) ;
#3673 = FILL_AREA_STYLE ('',( #4325 ) ) ;
#3674 = ORIENTED_EDGE ( 'NONE', *, *, #2120, .F. ) ;
#3675 = LINE ( 'NONE', #6311, #3901 ) ;
#3676 = CARTESIAN_POINT ( 'NONE',  ( -1.724999999999999867, 0.05000000000000002359, -0.8749999999999998890 ) ) ;
#3677 = VECTOR ( 'NONE', #843, 1000.000000000000000 ) ;
#3678 = ORIENTED_EDGE ( 'NONE', *, *, #5670, .T. ) ;
#3679 = UNCERTAINTY_MEASURE_WITH_UNIT (LENGTH_MEASURE( 1.000000000000000082E-05 ), #8078, 'distance_accuracy_value', 'NONE');
#3680 = EDGE_CURVE ( 'NONE', #3756, #5509, #1642, .T. ) ;
#3681 = DIRECTION ( 'NONE',  ( 0.000000000000000000, 0.000000000000000000, -1.000000000000000000 ) ) ;
#3682 = VERTEX_POINT ( 'NONE', #6300 ) ;
#3683 = VECTOR ( 'NONE', #6103, 1000.000000000000000 ) ;
#3684 = CARTESIAN_POINT ( 'NONE',  ( -0.1249999999999996808, 0.2000000000000000111, -1.725000000000000311 ) ) ;
#3685 = CARTESIAN_POINT ( 'NONE',  ( -1.724999999999999867, 0.1999999999999999833, -0.6249999999999996669 ) ) ;
#3686 = CARTESIAN_POINT ( 'NONE',  ( -1.724999999999999867, 0.05000000000000002359, -0.2499999999999997780 ) ) ;
#3687 = AXIS2_PLACEMENT_3D ( 'NONE', #4268, #6206, #1461 ) ;
#3688 = CARTESIAN_POINT ( 'NONE',  ( 0.3750000000000003331, 0.2000000000000000111, -2.000000000000000000 ) ) ;
#3689 = EDGE_CURVE ( 'NONE', #4997, #5385, #5568, .T. ) ;
#3690 = CIRCLE ( 'NONE', #1025, 0.1250000000000002220 ) ;
#3691 = DIRECTION ( 'NONE',  ( 0.000000000000000000, -0.000000000000000000, 1.000000000000000000 ) ) ;
#3692 = ORIENTED_EDGE ( 'NONE', *, *, #1629, .F. ) ;
#3693 = FILL_AREA_STYLE_COLOUR ( '', #68 ) ;
#3694 = DIRECTION ( 'NONE',  ( -1.000000000000000000, 0.000000000000000000, 0.000000000000000000 ) ) ;
#3695 = CARTESIAN_POINT ( 'NONE',  ( 9.856383386231952504E-17, 0.05000000000000000278, -0.1250000000000010270 ) ) ;
#3696 = CIRCLE ( 'NONE', #2984, 0.1000000000000000472 ) ;
#3697 = ORIENTED_EDGE ( 'NONE', *, *, #4033, .F. ) ;
#3698 = LINE ( 'NONE', #3162, #1248 ) ;
#3699 = CLOSED_SHELL ( 'NONE', ( #7990, #1249, #5283, #5410, #5886, #4152 ) ) ;
#3700 = CARTESIAN_POINT ( 'NONE',  ( -0.6249999999999996669, 0.6716990566028298026, -1.725000000000000311 ) ) ;
#3701 = VERTEX_POINT ( 'NONE', #8199 ) ;
#3702 = DIRECTION ( 'NONE',  ( 0.000000000000000000, 0.000000000000000000, -1.000000000000000000 ) ) ;
#3703 = EDGE_CURVE ( 'NONE', #3522, #7719, #2998, .T. ) ;
#3704 = VERTEX_POINT ( 'NONE', #7648 ) ;
#3705 = SURFACE_SIDE_STYLE ('',( #5046 ) ) ;
#3706 = VECTOR ( 'NONE', #1977, 1000.000000000000000 ) ;
#3707 = EDGE_CURVE ( 'NONE', #7367, #7653, #6168, .T. ) ;
#3708 = VECTOR ( 'NONE', #3211, 1000.000000000000000 ) ;
#3709 = PLANE ( 'NONE',  #4535 ) ;
#3710 = FACE_OUTER_BOUND ( 'NONE', #5829, .T. ) ;
#3711 = CARTESIAN_POINT ( 'NONE',  ( 0.1250000000000005551, 0.1999999999999996503, -2.000000000000000000 ) ) ;
#3712 = CIRCLE ( 'NONE', #7576, 0.1249999999999998890 ) ;
#3713 = LINE ( 'NONE', #289, #7108 ) ;
#3714 = FACE_OUTER_BOUND ( 'NONE', #1267, .T. ) ;
#3715 = EDGE_LOOP ( 'NONE', ( #3134, #6130, #69, #5516 ) ) ;
#3716 = DIRECTION ( 'NONE',  ( -7.885106708985496922E-16, 0.000000000000000000, 1.000000000000000000 ) ) ;
#3717 = EDGE_CURVE ( 'NONE', #4886, #2075, #8017, .T. ) ;
#3718 = ORIENTED_EDGE ( 'NONE', *, *, #7773, .F. ) ;
#3719 = EDGE_CURVE ( 'NONE', #8390, #4717, #1492, .T. ) ;
#3720 = ORIENTED_EDGE ( 'NONE', *, *, #1200, .F. ) ;
#3721 = ADVANCED_FACE ( 'NONE', ( #3513 ), #2811, .F. ) ;
#3722 = VECTOR ( 'NONE', #1945, 1000.000000000000000 ) ;
#3723 = ORIENTED_EDGE ( 'NONE', *, *, #7590, .F. ) ;
#3724 = CARTESIAN_POINT ( 'NONE',  ( 1.250000000000000444, 0.000000000000000000, 1.725000000000000089 ) ) ;
#3725 = ORIENTED_EDGE ( 'NONE', *, *, #5879, .T. ) ;
#3726 = CARTESIAN_POINT ( 'NONE',  ( -1.224999999999999645, 0.2000000000000000944, 1.124999999999999778 ) ) ;
#3727 = DIRECTION ( 'NONE',  ( -1.000000000000000000, 0.000000000000000000, 0.000000000000000000 ) ) ;
#3728 = AXIS2_PLACEMENT_3D ( 'NONE', #5050, #2390, #3665 ) ;
#3729 = EDGE_LOOP ( 'NONE', ( #1400, #2079, #625, #6149 ) ) ;
#3730 = SURFACE_SIDE_STYLE ('',( #8164 ) ) ;
#3731 = EDGE_CURVE ( 'NONE', #665, #1129, #6153, .T. ) ;
#3732 = DIRECTION ( 'NONE',  ( 0.000000000000000000, -1.000000000000000000, 0.000000000000000000 ) ) ;
#3733 = ORIENTED_EDGE ( 'NONE', *, *, #6308, .F. ) ;
#3734 = FACE_OUTER_BOUND ( 'NONE', #1724, .T. ) ;
#3735 = DIRECTION ( 'NONE',  ( 0.000000000000000000, 0.000000000000000000, -1.000000000000000000 ) ) ;
#3736 = CARTESIAN_POINT ( 'NONE',  ( -1.724999999999999867, 0.05000000000000002359, 1.375000000000000444 ) ) ;
#3737 = DIRECTION ( 'NONE',  ( -1.000000000000000000, 0.000000000000000000, 0.000000000000000000 ) ) ;
#3738 = CARTESIAN_POINT ( 'NONE',  ( 1.724999999999999867, 0.6716990566028301357, -1.124999999999999778 ) ) ;
#3739 = ORIENTED_EDGE ( 'NONE', *, *, #6511, .T. ) ;
#3740 = DIRECTION ( 'NONE',  ( -1.000000000000000000, 0.000000000000000000, 7.885106708985496922E-16 ) ) ;
#3741 = LINE ( 'NONE', #2940, #4851 ) ;
#3742 = ORIENTED_EDGE ( 'NONE', *, *, #8484, .F. ) ;
#3743 = CARTESIAN_POINT ( 'NONE',  ( 1.999999999999999556, 0.1999999999999999833, -0.1249999999999994588 ) ) ;
#3744 = LINE ( 'NONE', #3031, #7542 ) ;
#3745 = VERTEX_POINT ( 'NONE', #5386 ) ;
#3746 = DIRECTION ( 'NONE',  ( 1.000000000000000000, -0.000000000000000000, -0.000000000000000000 ) ) ;
#3747 = ORIENTED_EDGE ( 'NONE', *, *, #6942, .T. ) ;
#3748 = FILL_AREA_STYLE ('',( #4308 ) ) ;
#3749 = AXIS2_PLACEMENT_3D ( 'NONE', #778, #701, #214 ) ;
#3750 = DIRECTION ( 'NONE',  ( 0.000000000000000000, 0.000000000000000000, 1.000000000000000000 ) ) ;
#3751 = CYLINDRICAL_SURFACE ( 'NONE', #7351, 0.1249999999999998890 ) ;
#3752 = LINE ( 'NONE', #2480, #2612 ) ;
#3753 = EDGE_CURVE ( 'NONE', #1561, #1671, #2103, .T. ) ;
#3754 = CARTESIAN_POINT ( 'NONE',  ( 1.125000000000000888, 3.664823227814084650, -1.125000000000000444 ) ) ;
#3755 = EDGE_CURVE ( 'NONE', #5270, #3608, #5581, .T. ) ;
#3756 = VERTEX_POINT ( 'NONE', #790 ) ;
#3757 = AXIS2_PLACEMENT_3D ( 'NONE', #3895, #7873, #6532 ) ;
#3758 = CARTESIAN_POINT ( 'NONE',  ( 1.250000000000000444, 0.2000000000000000111, 1.725000000000000089 ) ) ;
#3759 = ORIENTED_EDGE ( 'NONE', *, *, #7479, .T. ) ;
#3760 = ORIENTED_EDGE ( 'NONE', *, *, #4881, .T. ) ;
#3761 = VECTOR ( 'NONE', #8084, 1000.000000000000000 ) ;
#3762 = EDGE_LOOP ( 'NONE', ( #760, #883, #4646, #4911 ) ) ;
#3763 = DIRECTION ( 'NONE',  ( 0.000000000000000000, 0.000000000000000000, 1.000000000000000000 ) ) ;
#3764 = VECTOR ( 'NONE', #2245, 1000.000000000000000 ) ;
#3765 = EDGE_CURVE ( 'NONE', #2646, #7218, #3465, .T. ) ;
#3766 = EDGE_LOOP ( 'NONE', ( #6396, #7904, #2880, #384 ) ) ;
#3767 =( NAMED_UNIT ( * ) SI_UNIT ( $, .STERADIAN. ) SOLID_ANGLE_UNIT ( ) );
#3768 = EDGE_CURVE ( 'NONE', #5118, #670, #6965, .T. ) ;
#3769 = VECTOR ( 'NONE', #5157, 1000.000000000000000 ) ;
#3770 = PLANE ( 'NONE',  #6304 ) ;
#3771 = ORIENTED_EDGE ( 'NONE', *, *, #445, .T. ) ;
#3772 = CIRCLE ( 'NONE', #123, 0.1250000000000001110 ) ;
#3773 = DIRECTION ( 'NONE',  ( 7.885106708985496922E-16, 0.000000000000000000, -1.000000000000000000 ) ) ;
#3774 = DIRECTION ( 'NONE',  ( 0.000000000000000000, -1.000000000000000000, 0.000000000000000000 ) ) ;
#3775 = ORIENTED_EDGE ( 'NONE', *, *, #2804, .T. ) ;
#3776 = AXIS2_PLACEMENT_3D ( 'NONE', #3030, #2470, #2288 ) ;
#3777 = DIRECTION ( 'NONE',  ( 0.000000000000000000, 1.000000000000000000, 0.000000000000000000 ) ) ;
#3778 = EDGE_CURVE ( 'NONE', #3436, #5536, #7378, .T. ) ;
#3779 = DIRECTION ( 'NONE',  ( 7.885106708985496922E-16, 0.000000000000000000, -1.000000000000000000 ) ) ;
#3780 = ADVANCED_FACE ( 'NONE', ( #7981 ), #6110, .F. ) ;
#3781 = DIRECTION ( 'NONE',  ( -7.885106708985496922E-16, 0.000000000000000000, 1.000000000000000000 ) ) ;
#3782 = VECTOR ( 'NONE', #7299, 1000.000000000000000 ) ;
#3783 = AXIS2_PLACEMENT_3D ( 'NONE', #965, #8352, #5755 ) ;
#3784 = FACE_OUTER_BOUND ( 'NONE', #6117, .T. ) ;
#3785 = CARTESIAN_POINT ( 'NONE',  ( -1.249999999999999556, 0.2000000000000000111, -1.725000000000000089 ) ) ;
#3786 = ORIENTED_EDGE ( 'NONE', *, *, #4330, .T. ) ;
#3787 = CARTESIAN_POINT ( 'NONE',  ( 1.999999999999999556, 0.1999999999999999833, -0.1249999999999994588 ) ) ;
#3788 = DIRECTION ( 'NONE',  ( 0.000000000000000000, -0.000000000000000000, 1.000000000000000000 ) ) ;
#3789 = EDGE_LOOP ( 'NONE', ( #8376, #960, #1298, #6358 ) ) ;
#3790 = ADVANCED_FACE ( 'NONE', ( #2073 ), #2691, .F. ) ;
#3791 = CARTESIAN_POINT ( 'NONE',  ( -1.724999999999999867, 0.6716990566028301357, -1.375000000000000222 ) ) ;
#3792 = DIRECTION ( 'NONE',  ( 0.000000000000000000, 0.000000000000000000, -1.000000000000000000 ) ) ;
#3793 = ORIENTED_EDGE ( 'NONE', *, *, #235, .T. ) ;
#3794 = DIRECTION ( 'NONE',  ( 0.000000000000000000, -1.000000000000000000, 0.000000000000000000 ) ) ;
#3795 = ORIENTED_EDGE ( 'NONE', *, *, #376, .F. ) ;
#3796 = AXIS2_PLACEMENT_3D ( 'NONE', #4317, #6903, #6345 ) ;
#3797 = CARTESIAN_POINT ( 'NONE',  ( -0.3749999999999994449, 0.6716990566028298026, 1.725000000000000311 ) ) ;
#3798 = CARTESIAN_POINT ( 'NONE',  ( -1.249999999999999556, 0.2000000000000000111, 1.725000000000000089 ) ) ;
#3799 = PLANE ( 'NONE',  #637 ) ;
#3800 = AXIS2_PLACEMENT_3D ( 'NONE', #4963, #2345, #7649 ) ;
#3801 = DIRECTION ( 'NONE',  ( 0.000000000000000000, 1.000000000000000000, 0.000000000000000000 ) ) ;
#3802 = VERTEX_POINT ( 'NONE', #8137 ) ;
#3803 = DIRECTION ( 'NONE',  ( -1.000000000000000000, 0.000000000000000000, 7.885106708985496922E-16 ) ) ;
#3804 = VERTEX_POINT ( 'NONE', #6721 ) ;
#3805 = ORIENTED_EDGE ( 'NONE', *, *, #3385, .F. ) ;
#3806 = VERTEX_POINT ( 'NONE', #1543 ) ;
#3807 = DIRECTION ( 'NONE',  ( 0.000000000000000000, 1.000000000000000000, 0.000000000000000000 ) ) ;
#3808 = ORIENTED_EDGE ( 'NONE', *, *, #2138, .T. ) ;
#3809 = CARTESIAN_POINT ( 'NONE',  ( 0.3750000000000003331, 0.000000000000000000, -2.000000000000000000 ) ) ;
#3810 = CARTESIAN_POINT ( 'NONE',  ( 1.724999999999999867, 0.6716990566028301357, -0.3749999999999998890 ) ) ;
#3811 = ORIENTED_EDGE ( 'NONE', *, *, #338, .T. ) ;
#3812 =( NAMED_UNIT ( * ) SI_UNIT ( $, .STERADIAN. ) SOLID_ANGLE_UNIT ( ) );
#3813 = FACE_OUTER_BOUND ( 'NONE', #5870, .T. ) ;
#3814 = ORIENTED_EDGE ( 'NONE', *, *, #1344, .T. ) ;
#3815 = ADVANCED_FACE ( 'NONE', ( #3425 ), #4212, .T. ) ;
#3816 = CARTESIAN_POINT ( 'NONE',  ( 1.999999999999999556, 0.6716990566028301357, 0.8750000000000005551 ) ) ;
#3817 = CARTESIAN_POINT ( 'NONE',  ( 0.8750000000000003331, 0.2000000000000000111, -2.000000000000000000 ) ) ;
#3818 = CIRCLE ( 'NONE', #1998, 0.1249999999999998890 ) ;
#3819 = CARTESIAN_POINT ( 'NONE',  ( 0.8750000000000003331, 0.1999999999999999833, -1.725000000000000311 ) ) ;
#3820 = CYLINDRICAL_SURFACE ( 'NONE', #5367, 0.1250000000000001110 ) ;
#3821 = DIRECTION ( 'NONE',  ( -0.000000000000000000, -1.000000000000000000, -0.000000000000000000 ) ) ;
#3822 = VECTOR ( 'NONE', #7393, 1000.000000000000000 ) ;
#3823 = EDGE_LOOP ( 'NONE', ( #722, #7643, #3939, #3718 ) ) ;
#3824 = ADVANCED_FACE ( 'NONE', ( #2767 ), #6682, .F. ) ;
#3825 = CARTESIAN_POINT ( 'NONE',  ( 0.7500000000000004441, 0.2000000000000000111, 1.725000000000000089 ) ) ;
#3826 = FACE_OUTER_BOUND ( 'NONE', #5354, .T. ) ;
#3827 = CARTESIAN_POINT ( 'NONE',  ( -0.8749999999999994449, 0.2000000000000000111, 2.000000000000000000 ) ) ;
#3828 = VERTEX_POINT ( 'NONE', #7460 ) ;
#3829 = LINE ( 'NONE', #496, #2086 ) ;
#3830 = CIRCLE ( 'NONE', #41, 0.1249999999999998890 ) ;
#3831 = CARTESIAN_POINT ( 'NONE',  ( -1.249999999999999556, 0.1999999999999999833, 1.600000000000000311 ) ) ;
#3832 = ORIENTED_EDGE ( 'NONE', *, *, #3680, .F. ) ;
#3833 = CARTESIAN_POINT ( 'NONE',  ( 0.1250000000000005551, 0.04999999999999969746, 2.000000000000000000 ) ) ;
#3834 = ORIENTED_EDGE ( 'NONE', *, *, #7258, .T. ) ;
#3835 =( NAMED_UNIT ( * ) PLANE_ANGLE_UNIT ( ) SI_UNIT ( $, .RADIAN. ) );
#3836 = ADVANCED_FACE ( 'NONE', ( #3557 ), #4125, .T. ) ;
#3837 = CIRCLE ( 'NONE', #3266, 0.1249999999999998890 ) ;
#3838 = CARTESIAN_POINT ( 'NONE',  ( -1.692307692307692069, 0.8000000000000000444, -1.692307692307692513 ) ) ;
#3839 = CARTESIAN_POINT ( 'NONE',  ( 1.125000000000000666, 0.2000000000000000944, 1.225000000000000755 ) ) ;
#3840 = CARTESIAN_POINT ( 'NONE',  ( 1.999999999999999556, 0.1999999999999999833, 0.8750000000000005551 ) ) ;
#3841 = DIRECTION ( 'NONE',  ( 0.000000000000000000, 0.000000000000000000, 1.000000000000000000 ) ) ;
#3842 = VERTEX_POINT ( 'NONE', #2156 ) ;
#3843 = DIRECTION ( 'NONE',  ( 0.000000000000000000, 0.000000000000000000, -1.000000000000000000 ) ) ;
#3844 = EDGE_LOOP ( 'NONE', ( #3855, #4000, #5247, #8104 ) ) ;
#3845 = ORIENTED_EDGE ( 'NONE', *, *, #349, .F. ) ;
#3846 = CARTESIAN_POINT ( 'NONE',  ( -1.024999999999998579, 0.2000000000000000944, -1.225000000000000755 ) ) ;
#3847 = AXIS2_PLACEMENT_3D ( 'NONE', #337, #7480, #4785 ) ;
#3848 = EDGE_CURVE ( 'NONE', #1156, #8430, #4812, .T. ) ;
#3849 = DIRECTION ( 'NONE',  ( -0.000000000000000000, -1.000000000000000000, -0.000000000000000000 ) ) ;
#3850 = DIRECTION ( 'NONE',  ( 0.000000000000000000, 1.000000000000000000, -0.000000000000000000 ) ) ;
#3851 = EDGE_LOOP ( 'NONE', ( #7657, #5663, #4355, #3200, #2349, #8237, #413, #955 ) ) ;
#3852 = SURFACE_STYLE_USAGE ( .BOTH. , #564 ) ;
#3853 = DIRECTION ( 'NONE',  ( -0.000000000000000000, -1.000000000000000000, -0.000000000000000000 ) ) ;
#3854 = AXIS2_PLACEMENT_3D ( 'NONE', #5574, #2831, #2132 ) ;
#3855 = ORIENTED_EDGE ( 'NONE', *, *, #333, .T. ) ;
#3856 = CARTESIAN_POINT ( 'NONE',  ( -1.124999999999999778, 0.2000000000000000111, 2.000000000000000000 ) ) ;
#3857 = CARTESIAN_POINT ( 'NONE',  ( -1.374999999999999556, 0.2000000000000000111, 2.000000000000000000 ) ) ;
#3858 = EDGE_CURVE ( 'NONE', #5397, #8574, #8372, .T. ) ;
#3859 = CARTESIAN_POINT ( 'NONE',  ( 1.125000000000000666, 3.664823227814084650, 1.125000000000000888 ) ) ;
#3860 = EDGE_CURVE ( 'NONE', #3222, #7216, #6826, .T. ) ;
#3861 = FACE_OUTER_BOUND ( 'NONE', #7022, .T. ) ;
#3862 = CARTESIAN_POINT ( 'NONE',  ( 0.1250000000000005551, 0.04999999999999999584, -1.725000000000000311 ) ) ;
#3863 = ORIENTED_EDGE ( 'NONE', *, *, #4883, .F. ) ;
#3864 = DIRECTION ( 'NONE',  ( 0.000000000000000000, 1.000000000000000000, 0.000000000000000000 ) ) ;
#3865 = LINE ( 'NONE', #5206, #2509 ) ;
#3866 = DIRECTION ( 'NONE',  ( 1.000000000000000000, -0.000000000000000000, 7.885106708985496922E-16 ) ) ;
#3867 = ADVANCED_FACE ( 'NONE', ( #421 ), #3091, .T. ) ;
#3868 = ORIENTED_EDGE ( 'NONE', *, *, #2706, .T. ) ;
#3869 = CARTESIAN_POINT ( 'NONE',  ( 1.724999999999999867, 0.6716990566028301357, 0.6249999999999998890 ) ) ;
#3870 = CARTESIAN_POINT ( 'NONE',  ( 2.000000000000000444, 0.05000000000000000278, 2.000000000000000000 ) ) ;
#3871 = ADVANCED_FACE ( 'NONE', ( #4406 ), #330, .F. ) ;
#3872 = VERTEX_POINT ( 'NONE', #3668 ) ;
#3873 = PLANE ( 'NONE',  #4788 ) ;
#3874 = ORIENTED_EDGE ( 'NONE', *, *, #404, .T. ) ;
#3875 = DIRECTION ( 'NONE',  ( 0.000000000000000000, 0.000000000000000000, -1.000000000000000000 ) ) ;
#3876 = CARTESIAN_POINT ( 'NONE',  ( -0.6249999999999996669, 0.6716990566028298026, -2.000000000000000000 ) ) ;
#3877 = DIRECTION ( 'NONE',  ( -0.000000000000000000, -1.000000000000000000, 0.000000000000000000 ) ) ;
#3878 = CARTESIAN_POINT ( 'NONE',  ( 1.724999999999999867, 0.1999999999999999833, -0.1249999999999996808 ) ) ;
#3879 = CARTESIAN_POINT ( 'NONE',  ( -0.6249999999999996669, 0.04999999999999969746, -2.000000000000000000 ) ) ;
#3880 = EDGE_CURVE ( 'NONE', #5184, #4458, #6301, .T. ) ;
#3881 = EDGE_CURVE ( 'NONE', #2442, #2450, #5096, .T. ) ;
#3882 = LINE ( 'NONE', #3215, #4896 ) ;
#3883 = ORIENTED_EDGE ( 'NONE', *, *, #5756, .F. ) ;
#3884 = CARTESIAN_POINT ( 'NONE',  ( 0.2500000000000004441, 0.1999999999999999833, -1.725000000000000089 ) ) ;
#3885 = ORIENTED_EDGE ( 'NONE', *, *, #2209, .T. ) ;
#3886 = ORIENTED_EDGE ( 'NONE', *, *, #8289, .T. ) ;
#3887 =( NAMED_UNIT ( * ) SI_UNIT ( $, .STERADIAN. ) SOLID_ANGLE_UNIT ( ) );
#3888 = AXIS2_PLACEMENT_3D ( 'NONE', #8569, #487, #2633 ) ;
#3889 = ADVANCED_FACE ( 'NONE', ( #3129 ), #4318, .T. ) ;
#3890 = CARTESIAN_POINT ( 'NONE',  ( 1.125000000000000888, 0.2000000000000000944, -1.125000000000000444 ) ) ;
#3891 = LINE ( 'NONE', #2745, #4656 ) ;
#3892 = ORIENTED_EDGE ( 'NONE', *, *, #3076, .T. ) ;
#3893 = VECTOR ( 'NONE', #7674, 1000.000000000000000 ) ;
#3894 = CARTESIAN_POINT ( 'NONE',  ( 2.956915015869572563E-16, 0.05000000000000000278, -0.3750000000000014988 ) ) ;
#3895 = CARTESIAN_POINT ( 'NONE',  ( -1.692307692307692069, 0.6999999999999999556, -1.692307692307692513 ) ) ;
#3896 = VECTOR ( 'NONE', #5277, 1000.000000000000000 ) ;
#3897 = VERTEX_POINT ( 'NONE', #7042 ) ;
#3898 = EDGE_CURVE ( 'NONE', #2660, #4267, #16, .T. ) ;
#3899 = PLANE ( 'NONE',  #5285 ) ;
#3900 = CARTESIAN_POINT ( 'NONE',  ( -1.692307692307692069, 0.8000000000000000444, -1.558974358974359209 ) ) ;
#3901 = VECTOR ( 'NONE', #7814, 1000.000000000000000 ) ;
#3902 = DIRECTION ( 'NONE',  ( 0.000000000000000000, 0.000000000000000000, -1.000000000000000000 ) ) ;
#3903 = FACE_OUTER_BOUND ( 'NONE', #4475, .T. ) ;
#3904 = DIRECTION ( 'NONE',  ( -0.000000000000000000, -0.000000000000000000, 1.000000000000000000 ) ) ;
#3905 = VECTOR ( 'NONE', #7804, 1000.000000000000000 ) ;
#3906 = VERTEX_POINT ( 'NONE', #2436 ) ;
#3907 = VECTOR ( 'NONE', #5112, 1000.000000000000000 ) ;
#3908 = DIRECTION ( 'NONE',  ( -5.310377987684102867E-16, 0.000000000000000000, 1.000000000000000000 ) ) ;
#3909 = EDGE_CURVE ( 'NONE', #5345, #6833, #3658, .T. ) ;
#3910 = LINE ( 'NONE', #4473, #109 ) ;
#3911 = ORIENTED_EDGE ( 'NONE', *, *, #4794, .F. ) ;
#3912 = FACE_OUTER_BOUND ( 'NONE', #1815, .T. ) ;
#3913 = VECTOR ( 'NONE', #4805, 1000.000000000000000 ) ;
#3914 = CARTESIAN_POINT ( 'NONE',  ( 0.7500000000000004441, 0.2000000000000000111, 1.600000000000000311 ) ) ;
#3915 = ORIENTED_EDGE ( 'NONE', *, *, #4019, .F. ) ;
#3916 = CARTESIAN_POINT ( 'NONE',  ( -1.999999999999999556, 0.1999999999999999833, 1.375000000000000666 ) ) ;
#3917 = ORIENTED_EDGE ( 'NONE', *, *, #5502, .F. ) ;
#3918 = CARTESIAN_POINT ( 'NONE',  ( 1.999999999999999556, 0.000000000000000000, -1.375000000000000000 ) ) ;
#3919 = EDGE_CURVE ( 'NONE', #4743, #7074, #2945, .T. ) ;
#3920 = CARTESIAN_POINT ( 'NONE',  ( -1.724999999999999867, 0.6716990566028301357, 0.2500000000000002220 ) ) ;
#3921 = CARTESIAN_POINT ( 'NONE',  ( 1.375000000000000444, 0.000000000000000000, -1.725000000000000311 ) ) ;
#3922 = EDGE_CURVE ( 'NONE', #4689, #4458, #290, .T. ) ;
#3923 = CARTESIAN_POINT ( 'NONE',  ( -1.374999999999999556, 0.04999999999999999584, -2.000000000000000000 ) ) ;
#3924 = DIRECTION ( 'NONE',  ( 0.000000000000000000, -0.000000000000000000, 1.000000000000000000 ) ) ;
#3925 = CARTESIAN_POINT ( 'NONE',  ( -1.999999999999999556, 0.04999999999999969746, -0.1249999999999994588 ) ) ;
#3926 = VERTEX_POINT ( 'NONE', #8331 ) ;
#3927 = PRESENTATION_LAYER_ASSIGNMENT (  '', '', ( #7238 ) ) ;
#3928 = CARTESIAN_POINT ( 'NONE',  ( 2.000000000000000444, 0.05000000000000000278, 2.000000000000000000 ) ) ;
#3929 = EDGE_LOOP ( 'NONE', ( #1326, #2601, #4965, #7116 ) ) ;
#3930 = ORIENTED_EDGE ( 'NONE', *, *, #3428, .F. ) ;
#3931 = ADVANCED_FACE ( 'NONE', ( #3714 ), #944, .F. ) ;
#3932 = LINE ( 'NONE', #5955, #5792 ) ;
#3933 = AXIS2_PLACEMENT_3D ( 'NONE', #5465, #57, #7507 ) ;
#3934 = DIRECTION ( 'NONE',  ( 0.000000000000000000, 0.000000000000000000, -1.000000000000000000 ) ) ;
#3935 = FACE_OUTER_BOUND ( 'NONE', #5195, .T. ) ;
#3936 = EDGE_LOOP ( 'NONE', ( #3269, #1447, #1827, #3262 ) ) ;
#3937 = CARTESIAN_POINT ( 'NONE',  ( -1.999999999999999556, 0.1999999999999999833, -0.1249999999999994588 ) ) ;
#3938 = DIRECTION ( 'NONE',  ( 0.000000000000000000, 0.000000000000000000, 1.000000000000000000 ) ) ;
#3939 = ORIENTED_EDGE ( 'NONE', *, *, #2147, .T. ) ;
#3940 = ADVANCED_FACE ( 'NONE', ( #5607 ), #5652, .T. ) ;
#3941 = DIRECTION ( 'NONE',  ( 0.000000000000000000, 0.000000000000000000, 1.000000000000000000 ) ) ;
#3942 = DIRECTION ( 'NONE',  ( -0.000000000000000000, -0.000000000000000000, -1.000000000000000000 ) ) ;
#3943 = DIRECTION ( 'NONE',  ( -0.7071067811865502373, -0.000000000000000000, 0.7071067811865447972 ) ) ;
#3944 = EDGE_CURVE ( 'NONE', #8302, #2996, #6951, .T. ) ;
#3945 = DIRECTION ( 'NONE',  ( 1.000000000000000000, -0.000000000000000000, 7.885106708985496922E-16 ) ) ;
#3946 = FACE_OUTER_BOUND ( 'NONE', #8097, .T. ) ;
#3947 = ORIENTED_EDGE ( 'NONE', *, *, #7244, .T. ) ;
#3948 = FACE_OUTER_BOUND ( 'NONE', #6591, .T. ) ;
#3949 = CARTESIAN_POINT ( 'NONE',  ( 2.000000000000000444, 0.05000000000000000278, -2.000000000000000000 ) ) ;
#3950 = CARTESIAN_POINT ( 'NONE',  ( -1.724999999999999867, 0.05000000000000002359, -0.1249999999999996808 ) ) ;
#3951 = ORIENTED_EDGE ( 'NONE', *, *, #1719, .T. ) ;
#3952 = LINE ( 'NONE', #4001, #3202 ) ;
#3953 = LINE ( 'NONE', #1279, #4090 ) ;
#3954 = ORIENTED_EDGE ( 'NONE', *, *, #3532, .F. ) ;
#3955 = VECTOR ( 'NONE', #582, 1000.000000000000000 ) ;
#3956 = FACE_OUTER_BOUND ( 'NONE', #7816, .T. ) ;
#3957 = VERTEX_POINT ( 'NONE', #6346 ) ;
#3958 = CARTESIAN_POINT ( 'NONE',  ( 1.125000000000000666, 0.04999999999999999584, -1.725000000000000311 ) ) ;
#3959 = ORIENTED_EDGE ( 'NONE', *, *, #2376, .T. ) ;
#3960 = LINE ( 'NONE', #588, #486 ) ;
#3961 = DIRECTION ( 'NONE',  ( 0.000000000000000000, 0.000000000000000000, 1.000000000000000000 ) ) ;
#3962 = CARTESIAN_POINT ( 'NONE',  ( -1.124999999999999778, 0.000000000000000000, -2.000000000000000000 ) ) ;
#3963 = AXIS2_PLACEMENT_3D ( 'NONE', #7409, #3373, #5979 ) ;
#3964 = ORIENTED_EDGE ( 'NONE', *, *, #5138, .T. ) ;
#3965 = DIRECTION ( 'NONE',  ( -7.885106708985496922E-16, 0.000000000000000000, 1.000000000000000000 ) ) ;
#3966 = EDGE_CURVE ( 'NONE', #189, #4784, #375, .T. ) ;
#3967 = CARTESIAN_POINT ( 'NONE',  ( 0.1250000000000005551, 0.2000000000000000111, -2.000000000000000000 ) ) ;
#3968 = VERTEX_POINT ( 'NONE', #3041 ) ;
#3969 = FACE_OUTER_BOUND ( 'NONE', #788, .T. ) ;
#3970 = ORIENTED_EDGE ( 'NONE', *, *, #581, .T. ) ;
#3971 = EDGE_CURVE ( 'NONE', #4003, #7534, #5052, .T. ) ;
#3972 = AXIS2_PLACEMENT_3D ( 'NONE', #7864, #3174, #7173 ) ;
#3973 = AXIS2_PLACEMENT_3D ( 'NONE', #8058, #4767, #1631 ) ;
#3974 = ORIENTED_EDGE ( 'NONE', *, *, #4403, .F. ) ;
#3975 = CIRCLE ( 'NONE', #1443, 0.1249999999999998890 ) ;
#3976 = ADVANCED_FACE ( 'NONE', ( #509 ), #2657, .F. ) ;
#3977 = LINE ( 'NONE', #3143, #5168 ) ;
#3978 = CARTESIAN_POINT ( 'NONE',  ( -0.8749999999999994449, 0.05000000000000000278, 0.000000000000000000 ) ) ;
#3979 = EDGE_CURVE ( 'NONE', #5311, #6694, #1136, .T. ) ;
#3980 = ORIENTED_EDGE ( 'NONE', *, *, #6761, .F. ) ;
#3981 = LINE ( 'NONE', #239, #6328 ) ;
#3982 = AXIS2_PLACEMENT_3D ( 'NONE', #6876, #212, #7010 ) ;
#3983 = VERTEX_POINT ( 'NONE', #4622 ) ;
#3984 = CARTESIAN_POINT ( 'NONE',  ( -1.999999999999999556, 0.6716990566028301357, 1.375000000000000666 ) ) ;
#3985 = DIRECTION ( 'NONE',  ( -0.000000000000000000, 0.000000000000000000, 1.000000000000000000 ) ) ;
#3986 = CARTESIAN_POINT ( 'NONE',  ( -0.7499999999999995559, 0.1999999999999999833, 1.725000000000000089 ) ) ;
#3987 = COLOUR_RGB ( '',0.7921568627450980005, 0.8196078431372548767, 0.9333333333333333481 ) ;
#3988 = EDGE_CURVE ( 'NONE', #4849, #4003, #1822, .T. ) ;
#3989 = EDGE_CURVE ( 'NONE', #2864, #593, #2540, .T. ) ;
#3990 = DIRECTION ( 'NONE',  ( 0.000000000000000000, -1.000000000000000000, 0.000000000000000000 ) ) ;
#3991 = MECHANICAL_DESIGN_GEOMETRIC_PRESENTATION_REPRESENTATION (  '', ( #2168 ), #5785 ) ;
#3992 = PLANE ( 'NONE',  #525 ) ;
#3993 = ORIENTED_EDGE ( 'NONE', *, *, #6002, .F. ) ;
#3994 = VECTOR ( 'NONE', #2561, 1000.000000000000000 ) ;
#3995 = SURFACE_STYLE_USAGE ( .BOTH. , #6135 ) ;
#3996 = EDGE_CURVE ( 'NONE', #1083, #4018, #7262, .T. ) ;
#3997 = CARTESIAN_POINT ( 'NONE',  ( -1.724999999999999867, 0.1999999999999999833, -0.8750000000000000000 ) ) ;
#3998 = LINE ( 'NONE', #5, #5546 ) ;
#3999 = MECHANICAL_DESIGN_GEOMETRIC_PRESENTATION_REPRESENTATION (  '', ( #7863 ), #6199 ) ;
#4000 = ORIENTED_EDGE ( 'NONE', *, *, #4754, .F. ) ;
#4001 = CARTESIAN_POINT ( 'NONE',  ( -1.999999999999999556, 0.1999999999999999833, 1.375000000000000666 ) ) ;
#4002 = CARTESIAN_POINT ( 'NONE',  ( 1.125000000000000666, 0.2000000000000000111, -2.000000000000000000 ) ) ;
#4003 = VERTEX_POINT ( 'NONE', #3172 ) ;
#4004 = DIRECTION ( 'NONE',  ( -1.000000000000000000, -0.000000000000000000, -7.885106708985496922E-16 ) ) ;
#4005 = VERTEX_POINT ( 'NONE', #6478 ) ;
#4006 = DIRECTION ( 'NONE',  ( 1.000000000000000000, -0.000000000000000000, 7.885106708985496922E-16 ) ) ;
#4007 = ORIENTED_EDGE ( 'NONE', *, *, #3703, .F. ) ;
#4008 = DIRECTION ( 'NONE',  ( 0.000000000000000000, -1.000000000000000000, 0.000000000000000000 ) ) ;
#4009 = DIRECTION ( 'NONE',  ( -1.000000000000000000, 0.000000000000000000, 0.000000000000000000 ) ) ;
#4010 = VECTOR ( 'NONE', #6475, 1000.000000000000000 ) ;
#4011 = CARTESIAN_POINT ( 'NONE',  ( -1.374999999999999556, 0.2000000000000000111, -2.000000000000000000 ) ) ;
#4012 = ORIENTED_EDGE ( 'NONE', *, *, #929, .T. ) ;
#4013 = DIRECTION ( 'NONE',  ( 0.000000000000000000, 0.000000000000000000, 1.000000000000000000 ) ) ;
#4014 = DIRECTION ( 'NONE',  ( -1.000000000000000000, 0.000000000000000000, 0.000000000000000000 ) ) ;
#4015 = VERTEX_POINT ( 'NONE', #5823 ) ;
#4016 = CARTESIAN_POINT ( 'NONE',  ( 2.000000000000000444, 0.05000000000000000278, 2.000000000000000000 ) ) ;
#4017 = VERTEX_POINT ( 'NONE', #7815 ) ;
#4018 = VERTEX_POINT ( 'NONE', #1292 ) ;
#4019 = EDGE_CURVE ( 'NONE', #833, #4124, #7392, .T. ) ;
#4020 = DIRECTION ( 'NONE',  ( -0.000000000000000000, -1.000000000000000000, 0.000000000000000000 ) ) ;
#4021 = DIRECTION ( 'NONE',  ( 0.000000000000000000, 0.000000000000000000, -1.000000000000000000 ) ) ;
#4022 = VERTEX_POINT ( 'NONE', #5948 ) ;
#4023 = ORIENTED_EDGE ( 'NONE', *, *, #1098, .T. ) ;
#4024 = DIRECTION ( 'NONE',  ( 7.885106708985496922E-16, 0.000000000000000000, -1.000000000000000000 ) ) ;
#4025 = EDGE_CURVE ( 'NONE', #5675, #7306, #639, .T. ) ;
#4026 = SURFACE_STYLE_FILL_AREA ( #4194 ) ;
#4027 = DIRECTION ( 'NONE',  ( -0.000000000000000000, -1.000000000000000000, -0.000000000000000000 ) ) ;
#4028 = CIRCLE ( 'NONE', #4999, 0.1250000000000002220 ) ;
#4029 = CARTESIAN_POINT ( 'NONE',  ( 0.2500000000000004441, 0.000000000000000000, 1.725000000000000089 ) ) ;
#4030 = CARTESIAN_POINT ( 'NONE',  ( 1.724999999999999867, 0.05000000000000002359, -0.8749999999999998890 ) ) ;
#4031 = ORIENTED_EDGE ( 'NONE', *, *, #4234, .T. ) ;
#4032 = VECTOR ( 'NONE', #5852, 1000.000000000000000 ) ;
#4033 = EDGE_CURVE ( 'NONE', #2081, #6948, #1911, .T. ) ;
#4034 = PLANE ( 'NONE',  #7364 ) ;
#4035 = DIRECTION ( 'NONE',  ( -0.000000000000000000, -1.000000000000000000, -0.000000000000000000 ) ) ;
#4036 = AXIS2_PLACEMENT_3D ( 'NONE', #4472, #5120, #1063 ) ;
#4037 = ORIENTED_EDGE ( 'NONE', *, *, #8035, .T. ) ;
#4038 = LINE ( 'NONE', #5977, #5430 ) ;
#4039 = CARTESIAN_POINT ( 'NONE',  ( 0.1250000000000005551, 0.6716990566028298026, 2.000000000000000000 ) ) ;
#4040 = ORIENTED_EDGE ( 'NONE', *, *, #8028, .F. ) ;
#4041 = VECTOR ( 'NONE', #5801, 1000.000000000000000 ) ;
#4042 = DIRECTION ( 'NONE',  ( -1.000000000000000000, 0.000000000000000000, 7.885106708985496922E-16 ) ) ;
#4043 = EDGE_LOOP ( 'NONE', ( #6123, #4313, #3363, #2396 ) ) ;
#4044 = CARTESIAN_POINT ( 'NONE',  ( -1.374999999999999556, 0.6716990566028298026, 1.725000000000000311 ) ) ;
#4045 = VECTOR ( 'NONE', #4634, 1000.000000000000000 ) ;
#4046 = ORIENTED_EDGE ( 'NONE', *, *, #3423, .F. ) ;
#4047 = DIRECTION ( 'NONE',  ( 7.885106708985496922E-16, 0.000000000000000000, -1.000000000000000000 ) ) ;
#4048 = EDGE_CURVE ( 'NONE', #7548, #6792, #7171, .T. ) ;
#4049 = DIRECTION ( 'NONE',  ( 0.000000000000000000, 0.000000000000000000, 1.000000000000000000 ) ) ;
#4050 = LINE ( 'NONE', #547, #1950 ) ;
#4051 = VECTOR ( 'NONE', #6766, 1000.000000000000000 ) ;
#4052 = EDGE_LOOP ( 'NONE', ( #1881, #3951, #5424, #6546 ) ) ;
#4053 = DIRECTION ( 'NONE',  ( 0.7071067811865502373, -0.000000000000000000, -0.7071067811865447972 ) ) ;
#4054 = DIRECTION ( 'NONE',  ( 0.000000000000000000, -0.000000000000000000, 1.000000000000000000 ) ) ;
#4055 = VERTEX_POINT ( 'NONE', #8462 ) ;
#4056 = LINE ( 'NONE', #7215, #8235 ) ;
#4057 = EDGE_CURVE ( 'NONE', #2305, #7051, #2699, .T. ) ;
#4058 = ORIENTED_EDGE ( 'NONE', *, *, #4166, .T. ) ;
#4059 = VECTOR ( 'NONE', #3902, 1000.000000000000000 ) ;
#4060 = ORIENTED_EDGE ( 'NONE', *, *, #3313, .T. ) ;
#4061 = DIRECTION ( 'NONE',  ( -0.000000000000000000, -1.000000000000000000, -0.000000000000000000 ) ) ;
#4062 = VECTOR ( 'NONE', #3934, 1000.000000000000000 ) ;
#4063 = LINE ( 'NONE', #7226, #2422 ) ;
#4064 = EDGE_CURVE ( 'NONE', #2081, #5954, #2251, .T. ) ;
#4065 = EDGE_LOOP ( 'NONE', ( #2004, #4746, #2331, #1135, #5878 ) ) ;
#4066 = ORIENTED_EDGE ( 'NONE', *, *, #7620, .T. ) ;
#4067 = ORIENTED_EDGE ( 'NONE', *, *, #7810, .F. ) ;
#4068 = CARTESIAN_POINT ( 'NONE',  ( -0.1249999999999996808, 0.04999999999999999584, 1.725000000000000311 ) ) ;
#4069 = AXIS2_PLACEMENT_3D ( 'NONE', #8093, #6198, #4694 ) ;
#4070 = EDGE_CURVE ( 'NONE', #3029, #6574, #3882, .T. ) ;
#4071 = EDGE_CURVE ( 'NONE', #2968, #1129, #4570, .T. ) ;
#4072 = CARTESIAN_POINT ( 'NONE',  ( 0.7500000000000004441, 0.04999999999999999584, 1.725000000000000089 ) ) ;
#4073 = VERTEX_POINT ( 'NONE', #3925 ) ;
#4074 = CARTESIAN_POINT ( 'NONE',  ( -1.999999999999999556, 0.000000000000000000, -0.1249999999999994588 ) ) ;
#4075 = DIRECTION ( 'NONE',  ( 0.000000000000000000, -1.000000000000000000, 0.000000000000000000 ) ) ;
#4076 = CARTESIAN_POINT ( 'NONE',  ( 1.225000000000000755, 0.000000000000000000, -1.225000000000000311 ) ) ;
#4077 = EDGE_CURVE ( 'NONE', #1037, #6137, #1956, .T. ) ;
#4078 = CARTESIAN_POINT ( 'NONE',  ( 1.724999999999999867, 0.6716990566028301357, 0.7500000000000002220 ) ) ;
#4079 = LINE ( 'NONE', #6842, #1873 ) ;
#4080 = EDGE_CURVE ( 'NONE', #4193, #7948, #24, .T. ) ;
#4081 = ORIENTED_EDGE ( 'NONE', *, *, #4986, .F. ) ;
#4082 = EDGE_CURVE ( 'NONE', #6031, #5186, #7304, .T. ) ;
#4083 = CARTESIAN_POINT ( 'NONE',  ( 1.999999999999999556, 0.000000000000000000, -0.8749999999999998890 ) ) ;
#4084 = ORIENTED_EDGE ( 'NONE', *, *, #7394, .T. ) ;
#4085 = DIRECTION ( 'NONE',  ( 0.000000000000000000, 1.000000000000000000, 0.000000000000000000 ) ) ;
#4086 = CARTESIAN_POINT ( 'NONE',  ( -1.724999999999999867, 0.000000000000000000, 1.125000000000000222 ) ) ;
#4087 = PLANE ( 'NONE',  #1116 ) ;
#4088 = ORIENTED_EDGE ( 'NONE', *, *, #613, .F. ) ;
#4089 = CARTESIAN_POINT ( 'NONE',  ( -1.999999999999999556, 0.000000000000000000, 0.8750000000000005551 ) ) ;
#4090 = VECTOR ( 'NONE', #4607, 1000.000000000000000 ) ;
#4091 = FACE_OUTER_BOUND ( 'NONE', #8101, .T. ) ;
#4092 = ORIENTED_EDGE ( 'NONE', *, *, #156, .F. ) ;
#4093 = DIRECTION ( 'NONE',  ( 7.885106708985496922E-16, 0.000000000000000000, 1.000000000000000000 ) ) ;
#4094 = EDGE_CURVE ( 'NONE', #4155, #2265, #680, .T. ) ;
#4095 = VERTEX_POINT ( 'NONE', #5992 ) ;
#4096 = ORIENTED_EDGE ( 'NONE', *, *, #1526, .F. ) ;
#4097 = DIRECTION ( 'NONE',  ( 0.000000000000000000, 0.000000000000000000, -1.000000000000000000 ) ) ;
#4098 = EDGE_CURVE ( 'NONE', #1156, #975, #4132, .T. ) ;
#4099 = CIRCLE ( 'NONE', #7007, 0.1249999999999998890 ) ;
#4100 = DIRECTION ( 'NONE',  ( -1.000000000000000000, 0.000000000000000000, 7.885106708985496922E-16 ) ) ;
#4101 = EDGE_LOOP ( 'NONE', ( #8381, #1866, #4768, #104 ) ) ;
#4102 = EDGE_LOOP ( 'NONE', ( #747, #6447, #4133, #7766 ) ) ;
#4103 = VECTOR ( 'NONE', #3702, 1000.000000000000000 ) ;
#4104 = ADVANCED_FACE ( 'NONE', ( #6159 ), #101, .F. ) ;
#4105 = PRESENTATION_STYLE_ASSIGNMENT (( #4674 ) ) ;
#4106 = ORIENTED_EDGE ( 'NONE', *, *, #4098, .T. ) ;
#4107 = PLANE ( 'NONE',  #5556 ) ;
#4108 = SURFACE_SIDE_STYLE ('',( #6788 ) ) ;
#4109 = AXIS2_PLACEMENT_3D ( 'NONE', #958, #3541, #4891 ) ;
#4110 = UNCERTAINTY_MEASURE_WITH_UNIT (LENGTH_MEASURE( 1.000000000000000082E-05 ), #6542, 'distance_accuracy_value', 'NONE');
#4111 = CARTESIAN_POINT ( 'NONE',  ( 1.999999999999999556, 0.000000000000000000, -0.1249999999999994588 ) ) ;
#4112 = CARTESIAN_POINT ( 'NONE',  ( 1.225000000000000755, 3.664823227814084650, -1.225000000000000311 ) ) ;
#4113 = VECTOR ( 'NONE', #1119, 1000.000000000000000 ) ;
#4114 = ORIENTED_EDGE ( 'NONE', *, *, #2012, .T. ) ;
#4115 = CARTESIAN_POINT ( 'NONE',  ( 1.999999999999999556, 0.1999999999999999833, -1.124999999999999556 ) ) ;
#4116 = DIRECTION ( 'NONE',  ( 0.000000000000000000, -0.000000000000000000, 1.000000000000000000 ) ) ;
#4117 = DIRECTION ( 'NONE',  ( 1.000000000000000000, -0.000000000000000000, 0.000000000000000000 ) ) ;
#4118 = ADVANCED_FACE ( 'NONE', ( #4091 ), #3564, .T. ) ;
#4119 = DIRECTION ( 'NONE',  ( 0.000000000000000000, -1.000000000000000000, 0.000000000000000000 ) ) ;
#4120 = CARTESIAN_POINT ( 'NONE',  ( -0.3749999999999994449, 0.6716990566028298026, 1.725000000000000311 ) ) ;
#4121 = ORIENTED_EDGE ( 'NONE', *, *, #921, .T. ) ;
#4122 = CARTESIAN_POINT ( 'NONE',  ( -1.999999999999999556, 0.000000000000000000, 0.1250000000000001110 ) ) ;
#4123 = AXIS2_PLACEMENT_3D ( 'NONE', #3252, #7853, #8497 ) ;
#4124 = VERTEX_POINT ( 'NONE', #8142 ) ;
#4125 = PLANE ( 'NONE',  #4069 ) ;
#4126 = PRESENTATION_LAYER_ASSIGNMENT (  '', '', ( #5378 ) ) ;
#4127 = DIRECTION ( 'NONE',  ( 0.000000000000000000, 0.000000000000000000, -1.000000000000000000 ) ) ;
#4128 = CARTESIAN_POINT ( 'NONE',  ( 1.999999999999999556, 0.000000000000000000, 1.375000000000000666 ) ) ;
#4129 = ORIENTED_EDGE ( 'NONE', *, *, #4573, .F. ) ;
#4130 = DIRECTION ( 'NONE',  ( 0.000000000000000000, 0.000000000000000000, -1.000000000000000000 ) ) ;
#4131 = ADVANCED_FACE ( 'NONE', ( #7513 ), #3388, .F. ) ;
#4132 = LINE ( 'NONE', #3519, #1976 ) ;
#4133 = ORIENTED_EDGE ( 'NONE', *, *, #1891, .F. ) ;
#4134 = DIRECTION ( 'NONE',  ( 1.000000000000000000, 0.000000000000000000, -1.084202172485504681E-16 ) ) ;
#4135 = ORIENTED_EDGE ( 'NONE', *, *, #8592, .T. ) ;
#4136 =( LENGTH_UNIT ( ) NAMED_UNIT ( * ) SI_UNIT ( .MILLI., .METRE. ) );
#4137 = VERTEX_POINT ( 'NONE', #6073 ) ;
#4138 = EDGE_CURVE ( 'NONE', #5624, #148, #2078, .T. ) ;
#4139 = DIRECTION ( 'NONE',  ( 0.000000000000000000, -1.000000000000000000, 0.000000000000000000 ) ) ;
#4140 = EDGE_CURVE ( 'NONE', #8227, #4540, #2736, .T. ) ;
#4141 =( NAMED_UNIT ( * ) PLANE_ANGLE_UNIT ( ) SI_UNIT ( $, .RADIAN. ) );
#4142 = DIRECTION ( 'NONE',  ( -1.000000000000000000, 0.000000000000000000, -7.885106708985496922E-16 ) ) ;
#4143 = ORIENTED_EDGE ( 'NONE', *, *, #5116, .T. ) ;
#4144 = ADVANCED_FACE ( 'NONE', ( #2040 ), #3472, .F. ) ;
#4145 = CARTESIAN_POINT ( 'NONE',  ( -0.1249999999999996808, 0.000000000000000000, -2.000000000000000000 ) ) ;
#4146 = VERTEX_POINT ( 'NONE', #6853 ) ;
#4147 = DIRECTION ( 'NONE',  ( 1.000000000000000000, -0.000000000000000000, 7.885106708985496922E-16 ) ) ;
#4148 = ADVANCED_FACE ( 'NONE', ( #892 ), #1375, .F. ) ;
#4149 = CARTESIAN_POINT ( 'NONE',  ( -1.724999999999999867, 0.6716990566028301357, 0.2500000000000002220 ) ) ;
#4150 = LINE ( 'NONE', #5452, #830 ) ;
#4151 = LINE ( 'NONE', #4750, #5775 ) ;
#4152 = ADVANCED_FACE ( 'NONE', ( #6030 ), #5392, .T. ) ;
#4153 = PLANE ( 'NONE',  #5825 ) ;
#4154 = VECTOR ( 'NONE', #3421, 1000.000000000000000 ) ;
#4155 = VERTEX_POINT ( 'NONE', #2772 ) ;
#4156 = DIRECTION ( 'NONE',  ( 7.885106708985496922E-16, 0.000000000000000000, -1.000000000000000000 ) ) ;
#4157 = CARTESIAN_POINT ( 'NONE',  ( -0.1249999999999996808, 0.1999999999999999833, 1.725000000000000311 ) ) ;
#4158 = DIRECTION ( 'NONE',  ( -0.000000000000000000, -1.000000000000000000, -0.000000000000000000 ) ) ;
#4159 = VECTOR ( 'NONE', #6270, 1000.000000000000000 ) ;
#4160 = FACE_OUTER_BOUND ( 'NONE', #7136, .T. ) ;
#4161 = CARTESIAN_POINT ( 'NONE',  ( 0.7500000000000004441, 0.2000000000000000111, -1.725000000000000089 ) ) ;
#4162 = VERTEX_POINT ( 'NONE', #4734 ) ;
#4163 = PLANE ( 'NONE',  #1336 ) ;
#4164 = AXIS2_PLACEMENT_3D ( 'NONE', #8226, #8317, #6241 ) ;
#4165 = EDGE_LOOP ( 'NONE', ( #2508, #7157, #1140, #3775 ) ) ;
#4166 = EDGE_CURVE ( 'NONE', #6338, #7471, #63, .T. ) ;
#4167 = AXIS2_PLACEMENT_3D ( 'NONE', #4683, #8489, #7193 ) ;
#4168 = DIRECTION ( 'NONE',  ( 0.000000000000000000, -1.000000000000000000, 0.000000000000000000 ) ) ;
#4169 = DIRECTION ( 'NONE',  ( 1.000000000000000000, 0.000000000000000000, -7.885106708985496922E-16 ) ) ;
#4170 = CARTESIAN_POINT ( 'NONE',  ( 1.125000000000000666, 0.2000000000000000111, 1.725000000000000311 ) ) ;
#4171 = ORIENTED_EDGE ( 'NONE', *, *, #1045, .T. ) ;
#4172 = CARTESIAN_POINT ( 'NONE',  ( -1.249999999999999556, 0.04999999999999999584, 1.725000000000000089 ) ) ;
#4173 = VECTOR ( 'NONE', #3106, 1000.000000000000000 ) ;
#4174 = CARTESIAN_POINT ( 'NONE',  ( 0.3750000000000003331, 0.05000000000000000278, 0.000000000000000000 ) ) ;
#4175 = ORIENTED_EDGE ( 'NONE', *, *, #6890, .F. ) ;
#4176 = VECTOR ( 'NONE', #1973, 1000.000000000000000 ) ;
#4177 = LINE ( 'NONE', #6855, #324 ) ;
#4178 = EDGE_CURVE ( 'NONE', #3222, #6296, #6688, .T. ) ;
#4179 = ORIENTED_EDGE ( 'NONE', *, *, #921, .F. ) ;
#4180 = CARTESIAN_POINT ( 'NONE',  ( -1.724999999999999867, 0.6716990566028301357, -0.2499999999999997780 ) ) ;
#4181 = VECTOR ( 'NONE', #7342, 1000.000000000000000 ) ;
#4182 = ORIENTED_EDGE ( 'NONE', *, *, #3703, .T. ) ;
#4183 = ORIENTED_EDGE ( 'NONE', *, *, #4457, .T. ) ;
#4184 = DIRECTION ( 'NONE',  ( 0.000000000000000000, 1.000000000000000000, 0.000000000000000000 ) ) ;
#4185 = CIRCLE ( 'NONE', #2788, 0.1333333333333333870 ) ;
#4186 = DIRECTION ( 'NONE',  ( -1.000000000000000000, 0.000000000000000000, -0.000000000000000000 ) ) ;
#4187 = VERTEX_POINT ( 'NONE', #2162 ) ;
#4188 = EDGE_CURVE ( 'NONE', #8201, #4018, #2826, .T. ) ;
#4189 = LINE ( 'NONE', #8202, #3273 ) ;
#4190 = ORIENTED_EDGE ( 'NONE', *, *, #6231, .F. ) ;
#4191 = CYLINDRICAL_SURFACE ( 'NONE', #5916, 0.1249999999999998890 ) ;
#4192 = AXIS2_PLACEMENT_3D ( 'NONE', #2965, #5619, #6962 ) ;
#4193 = VERTEX_POINT ( 'NONE', #2117 ) ;
#4194 = FILL_AREA_STYLE ('',( #5490 ) ) ;
#4195 = FACE_OUTER_BOUND ( 'NONE', #5154, .T. ) ;
#4196 = ORIENTED_EDGE ( 'NONE', *, *, #5939, .T. ) ;
#4197 = UNCERTAINTY_MEASURE_WITH_UNIT (LENGTH_MEASURE( 1.000000000000000082E-05 ), #4347, 'distance_accuracy_value', 'NONE');
#4198 = DIRECTION ( 'NONE',  ( -1.000000000000000000, 0.000000000000000000, 0.000000000000000000 ) ) ;
#4199 = EDGE_CURVE ( 'NONE', #2554, #7845, #4772, .T. ) ;
#4200 = LINE ( 'NONE', #1436, #3603 ) ;
#4201 = ORIENTED_EDGE ( 'NONE', *, *, #752, .T. ) ;
#4202 = CARTESIAN_POINT ( 'NONE',  ( -2.956915015869553334E-16, 0.05000000000000000278, 0.3749999999999990008 ) ) ;
#4203 = LINE ( 'NONE', #874, #8450 ) ;
#4204 = VECTOR ( 'NONE', #6602, 1000.000000000000000 ) ;
#4205 = EDGE_CURVE ( 'NONE', #5385, #685, #7819, .T. ) ;
#4206 = FACE_OUTER_BOUND ( 'NONE', #3375, .T. ) ;
#4207 = DIRECTION ( 'NONE',  ( 0.000000000000000000, 0.000000000000000000, -1.000000000000000000 ) ) ;
#4208 = CARTESIAN_POINT ( 'NONE',  ( 1.724999999999999867, 0.000000000000000000, -1.375000000000000000 ) ) ;
#4209 = VERTEX_POINT ( 'NONE', #5472 ) ;
#4210 = DIRECTION ( 'NONE',  ( 0.000000000000000000, -0.000000000000000000, 1.000000000000000000 ) ) ;
#4211 = ORIENTED_EDGE ( 'NONE', *, *, #4215, .F. ) ;
#4212 = PLANE ( 'NONE',  #1836 ) ;
#4213 = CARTESIAN_POINT ( 'NONE',  ( 1.250000000000000444, 0.000000000000000000, -1.725000000000000089 ) ) ;
#4214 = DIRECTION ( 'NONE',  ( 1.770125995894700463E-16, 0.000000000000000000, -1.000000000000000000 ) ) ;
#4215 = EDGE_CURVE ( 'NONE', #4187, #6165, #8100, .T. ) ;
#4216 = ORIENTED_EDGE ( 'NONE', *, *, #8452, .F. ) ;
#4217 = CARTESIAN_POINT ( 'NONE',  ( 1.724999999999999867, 0.05000000000000002359, 0.6250000000000001110 ) ) ;
#4218 = DIRECTION ( 'NONE',  ( 0.000000000000000000, 1.000000000000000000, 0.000000000000000000 ) ) ;
#4219 = ORIENTED_EDGE ( 'NONE', *, *, #2434, .F. ) ;
#4220 = CARTESIAN_POINT ( 'NONE',  ( -1.124999999999999778, 0.05000000000000000278, -1.999999999999999556 ) ) ;
#4221 = ORIENTED_EDGE ( 'NONE', *, *, #5248, .T. ) ;
#4222 =( NAMED_UNIT ( * ) SI_UNIT ( $, .STERADIAN. ) SOLID_ANGLE_UNIT ( ) );
#4223 = ORIENTED_EDGE ( 'NONE', *, *, #4353, .F. ) ;
#4224 = VERTEX_POINT ( 'NONE', #7551 ) ;
#4225 = DIRECTION ( 'NONE',  ( 0.000000000000000000, 1.000000000000000000, 0.000000000000000000 ) ) ;
#4226 = CIRCLE ( 'NONE', #3249, 0.1249999999999998890 ) ;
#4227 = ADVANCED_FACE ( 'NONE', ( #6985 ), #1678, .F. ) ;
#4228 = EDGE_CURVE ( 'NONE', #2531, #2646, #2943, .T. ) ;
#4229 = CARTESIAN_POINT ( 'NONE',  ( 1.375000000000000444, 0.6716990566028298026, -2.000000000000000000 ) ) ;
#4230 = ORIENTED_EDGE ( 'NONE', *, *, #6002, .T. ) ;
#4231 = CIRCLE ( 'NONE', #5751, 0.1249999999999998890 ) ;
#4232 = CARTESIAN_POINT ( 'NONE',  ( 2.000000000000000444, 0.05000000000000000278, 2.000000000000000000 ) ) ;
#4233 = ORIENTED_EDGE ( 'NONE', *, *, #7106, .F. ) ;
#4234 = EDGE_CURVE ( 'NONE', #3682, #5610, #8187, .T. ) ;
#4235 = ORIENTED_EDGE ( 'NONE', *, *, #3655, .T. ) ;
#4236 = LINE ( 'NONE', #8209, #5693 ) ;
#4237 = AXIS2_PLACEMENT_3D ( 'NONE', #5786, #8422, #7129 ) ;
#4238 = EDGE_CURVE ( 'NONE', #513, #2075, #8222, .T. ) ;
#4239 = CARTESIAN_POINT ( 'NONE',  ( 0.8750000000000003331, 0.1999999999999999833, 2.000000000000000000 ) ) ;
#4240 = EDGE_CURVE ( 'NONE', #281, #3672, #3744, .T. ) ;
#4241 = ORIENTED_EDGE ( 'NONE', *, *, #4511, .F. ) ;
#4242 = PLANE ( 'NONE',  #3139 ) ;
#4243 = CARTESIAN_POINT ( 'NONE',  ( -1.724999999999999867, 0.6716990566028301357, -1.124999999999999778 ) ) ;
#4244 = VECTOR ( 'NONE', #4004, 1000.000000000000000 ) ;
#4245 = VERTEX_POINT ( 'NONE', #2289 ) ;
#4246 = CARTESIAN_POINT ( 'NONE',  ( -1.724999999999999867, 0.6716990566028301357, 1.125000000000000000 ) ) ;
#4247 = CARTESIAN_POINT ( 'NONE',  ( -1.124999999999999778, 0.05000000000000012768, 1.124999999999999334 ) ) ;
#4248 = EDGE_CURVE ( 'NONE', #1036, #7543, #3818, .T. ) ;
#4249 = EDGE_CURVE ( 'NONE', #7852, #3567, #1721, .T. ) ;
#4250 = DIRECTION ( 'NONE',  ( -1.000000000000000000, 0.000000000000000000, 0.000000000000000000 ) ) ;
#4251 = VECTOR ( 'NONE', #6975, 1000.000000000000000 ) ;
#4252 = DIRECTION ( 'NONE',  ( -0.000000000000000000, 0.000000000000000000, 1.000000000000000000 ) ) ;
#4253 = LINE ( 'NONE', #8353, #4258 ) ;
#4254 = ORIENTED_EDGE ( 'NONE', *, *, #5702, .F. ) ;
#4255 = DIRECTION ( 'NONE',  ( 0.000000000000000000, 0.000000000000000000, -1.000000000000000000 ) ) ;
#4256 = ORIENTED_EDGE ( 'NONE', *, *, #6974, .F. ) ;
#4257 = ADVANCED_FACE ( 'NONE', ( #7596 ), #2249, .F. ) ;
#4258 = VECTOR ( 'NONE', #2373, 1000.000000000000000 ) ;
#4259 = PRESENTATION_STYLE_ASSIGNMENT (( #7544 ) ) ;
#4260 = DIRECTION ( 'NONE',  ( -0.000000000000000000, -1.000000000000000000, 0.000000000000000000 ) ) ;
#4261 = CARTESIAN_POINT ( 'NONE',  ( -1.724999999999999867, 0.1999999999999999833, -0.3750000000000000000 ) ) ;
#4262 = ORIENTED_EDGE ( 'NONE', *, *, #7954, .F. ) ;
#4263 = ADVANCED_FACE ( 'NONE', ( #3656 ), #6335, .F. ) ;
#4264 = LINE ( 'NONE', #6894, #1384 ) ;
#4265 = DIRECTION ( 'NONE',  ( 0.000000000000000000, -0.000000000000000000, 1.000000000000000000 ) ) ;
#4266 = AXIS2_PLACEMENT_3D ( 'NONE', #7035, #7726, #5816 ) ;
#4267 = VERTEX_POINT ( 'NONE', #4303 ) ;
#4268 = CARTESIAN_POINT ( 'NONE',  ( 1.999999999999999556, 0.6716990566028301357, 0.8750000000000005551 ) ) ;
#4269 = ORIENTED_EDGE ( 'NONE', *, *, #2213, .F. ) ;
#4270 = PRESENTATION_STYLE_ASSIGNMENT (( #6771 ) ) ;
#4271 =( GEOMETRIC_REPRESENTATION_CONTEXT ( 3 ) GLOBAL_UNCERTAINTY_ASSIGNED_CONTEXT ( ( #8079 ) ) GLOBAL_UNIT_ASSIGNED_CONTEXT ( ( #3629, #6219, #162 ) ) REPRESENTATION_CONTEXT ( 'NONE', 'WORKASPACE' ) );
#4272 = EDGE_LOOP ( 'NONE', ( #4602, #7493, #5234, #7694 ) ) ;
#4273 = ORIENTED_EDGE ( 'NONE', *, *, #2961, .T. ) ;
#4274 = LINE ( 'NONE', #7391, #1900 ) ;
#4275 = AXIS2_PLACEMENT_3D ( 'NONE', #7220, #4061, #1259 ) ;
#4276 = CARTESIAN_POINT ( 'NONE',  ( -0.3749999999999994449, 0.2000000000000000111, -2.000000000000000000 ) ) ;
#4277 = DIRECTION ( 'NONE',  ( 0.000000000000000000, 1.000000000000000000, -0.000000000000000000 ) ) ;
#4278 = CARTESIAN_POINT ( 'NONE',  ( -1.999999999999999556, 7.256854249492380227, -1.999999999999999556 ) ) ;
#4279 = EDGE_LOOP ( 'NONE', ( #5544, #7201, #4710, #4960 ) ) ;
#4280 = DIRECTION ( 'NONE',  ( 0.000000000000000000, 0.000000000000000000, 1.000000000000000000 ) ) ;
#4281 = ORIENTED_EDGE ( 'NONE', *, *, #7188, .T. ) ;
#4282 = CARTESIAN_POINT ( 'NONE',  ( 1.999999999999999556, 0.1999999999999999833, -0.6249999999999994449 ) ) ;
#4283 = EDGE_LOOP ( 'NONE', ( #1824, #6731, #7440, #920 ) ) ;
#4284 = DIRECTION ( 'NONE',  ( 0.000000000000000000, 1.000000000000000000, 0.000000000000000000 ) ) ;
#4285 = VERTEX_POINT ( 'NONE', #2899 ) ;
#4286 = UNCERTAINTY_MEASURE_WITH_UNIT (LENGTH_MEASURE( 1.000000000000000082E-05 ), #2489, 'distance_accuracy_value', 'NONE');
#4287 = CARTESIAN_POINT ( 'NONE',  ( 1.724999999999999867, 0.1999999999999999833, 1.125000000000000222 ) ) ;
#4288 = EDGE_CURVE ( 'NONE', #7043, #3647, #4394, .T. ) ;
#4289 = DIRECTION ( 'NONE',  ( 0.000000000000000000, -1.000000000000000000, 0.000000000000000000 ) ) ;
#4290 = ORIENTED_EDGE ( 'NONE', *, *, #6727, .T. ) ;
#4291 = DIRECTION ( 'NONE',  ( 0.000000000000000000, 0.000000000000000000, -1.000000000000000000 ) ) ;
#4292 = DIRECTION ( 'NONE',  ( -1.000000000000000000, 0.000000000000000000, -7.885106708985496922E-16 ) ) ;
#4293 = PLANE ( 'NONE',  #8049 ) ;
#4294 = DIRECTION ( 'NONE',  ( 0.000000000000000000, 1.000000000000000000, 0.000000000000000000 ) ) ;
#4295 = PLANE ( 'NONE',  #7347 ) ;
#4296 = ORIENTED_EDGE ( 'NONE', *, *, #1781, .T. ) ;
#4297 = EDGE_CURVE ( 'NONE', #1438, #8469, #6895, .T. ) ;
#4298 = PLANE ( 'NONE',  #256 ) ;
#4299 = PLANE ( 'NONE',  #889 ) ;
#4300 = CIRCLE ( 'NONE', #7886, 0.1249999999999998890 ) ;
#4301 = VERTEX_POINT ( 'NONE', #4992 ) ;
#4302 = PLANE ( 'NONE',  #3347 ) ;
#4303 = CARTESIAN_POINT ( 'NONE',  ( 0.7500000000000004441, 0.2000000000000000111, 1.600000000000000311 ) ) ;
#4304 = ORIENTED_EDGE ( 'NONE', *, *, #3437, .F. ) ;
#4305 = VECTOR ( 'NONE', #8046, 1000.000000000000000 ) ;
#4306 = LINE ( 'NONE', #1021, #4103 ) ;
#4307 = ORIENTED_EDGE ( 'NONE', *, *, #1730, .F. ) ;
#4308 = FILL_AREA_STYLE_COLOUR ( '', #489 ) ;
#4309 = VECTOR ( 'NONE', #919, 1000.000000000000000 ) ;
#4310 = EDGE_CURVE ( 'NONE', #1218, #1329, #6246, .T. ) ;
#4311 = ORIENTED_EDGE ( 'NONE', *, *, #6023, .F. ) ;
#4312 = DIRECTION ( 'NONE',  ( 0.000000000000000000, 0.000000000000000000, -1.000000000000000000 ) ) ;
#4313 = ORIENTED_EDGE ( 'NONE', *, *, #773, .T. ) ;
#4314 = LINE ( 'NONE', #7041, #359 ) ;
#4315 = AXIS2_PLACEMENT_3D ( 'NONE', #262, #8305, #306 ) ;
#4316 = CIRCLE ( 'NONE', #543, 0.1000000000000000472 ) ;
#4317 = CARTESIAN_POINT ( 'NONE',  ( -1.249999999999999556, 0.2000000000000000111, -1.725000000000000089 ) ) ;
#4318 = CYLINDRICAL_SURFACE ( 'NONE', #2391, 0.1000000000000000472 ) ;
#4319 = DIRECTION ( 'NONE',  ( 0.000000000000000000, 0.000000000000000000, -1.000000000000000000 ) ) ;
#4320 = ORIENTED_EDGE ( 'NONE', *, *, #1304, .F. ) ;
#4321 = AXIS2_PLACEMENT_3D ( 'NONE', #4328, #3053, #6961 ) ;
#4322 = DIRECTION ( 'NONE',  ( 0.000000000000000000, 0.000000000000000000, -1.000000000000000000 ) ) ;
#4323 = VECTOR ( 'NONE', #6058, 1000.000000000000000 ) ;
#4324 = ORIENTED_EDGE ( 'NONE', *, *, #2419, .F. ) ;
#4325 = FILL_AREA_STYLE_COLOUR ( '', #4813 ) ;
#4326 = SHAPE_DEFINITION_REPRESENTATION ( #6131, #6896 ) ;
#4327 = EDGE_LOOP ( 'NONE', ( #5667, #8373, #4470, #2200 ) ) ;
#4328 = CARTESIAN_POINT ( 'NONE',  ( 1.724999999999999867, 0.1999999999999999833, 1.250000000000000222 ) ) ;
#4329 = AXIS2_PLACEMENT_3D ( 'NONE', #5855, #2555, #5297 ) ;
#4330 = EDGE_CURVE ( 'NONE', #6266, #7737, #4226, .T. ) ;
#4331 = DIRECTION ( 'NONE',  ( -1.000000000000000000, 0.000000000000000000, 1.084202172485504681E-16 ) ) ;
#4333 = EDGE_CURVE ( 'NONE', #5536, #4915, #7687, .T. ) ;
#4332 = VERTEX_POINT ( 'NONE', #3606 ) ;
#4334 = DIRECTION ( 'NONE',  ( -0.000000000000000000, 0.000000000000000000, 1.000000000000000000 ) ) ;
#4335 = DIRECTION ( 'NONE',  ( -0.000000000000000000, -1.000000000000000000, -0.000000000000000000 ) ) ;
#4336 = VECTOR ( 'NONE', #3943, 1000.000000000000000 ) ;
#4337 = ORIENTED_EDGE ( 'NONE', *, *, #953, .F. ) ;
#4338 = DIRECTION ( 'NONE',  ( 0.000000000000000000, -0.000000000000000000, 1.000000000000000000 ) ) ;
#4339 = DIRECTION ( 'NONE',  ( 0.000000000000000000, 0.000000000000000000, 1.000000000000000000 ) ) ;
#4340 = FACE_OUTER_BOUND ( 'NONE', #1324, .T. ) ;
#4341 = AXIS2_PLACEMENT_3D ( 'NONE', #5189, #6568, #7742 ) ;
#4342 = ADVANCED_FACE ( 'NONE', ( #1019 ), #8362, .F. ) ;
#4343 = DIRECTION ( 'NONE',  ( 1.000000000000000000, 0.000000000000000000, -7.885106708985496922E-16 ) ) ;
#4344 = CYLINDRICAL_SURFACE ( 'NONE', #4711, 0.1249999999999998890 ) ;
#4345 = VERTEX_POINT ( 'NONE', #8321 ) ;
#4346 = AXIS2_PLACEMENT_3D ( 'NONE', #3890, #4020, #8069 ) ;
#4347 =( LENGTH_UNIT ( ) NAMED_UNIT ( * ) SI_UNIT ( .MILLI., .METRE. ) );
#4348 = PLANE ( 'NONE',  #7901 ) ;
#4349 = DIRECTION ( 'NONE',  ( 1.000000000000000000, -0.000000000000000000, -0.000000000000000000 ) ) ;
#4350 = ADVANCED_FACE ( 'NONE', ( #2382 ), #7073, .F. ) ;
#4351 = ORIENTED_EDGE ( 'NONE', *, *, #3265, .F. ) ;
#4352 = CARTESIAN_POINT ( 'NONE',  ( 0.8750000000000003331, 0.2000000000000000111, 1.725000000000000311 ) ) ;
#4353 = EDGE_CURVE ( 'NONE', #2075, #6999, #1323, .T. ) ;
#4354 = DIRECTION ( 'NONE',  ( 0.000000000000000000, 0.000000000000000000, 1.000000000000000000 ) ) ;
#4355 = ORIENTED_EDGE ( 'NONE', *, *, #6693, .F. ) ;
#4356 = CYLINDRICAL_SURFACE ( 'NONE', #1310, 0.1250000000000001110 ) ;
#4357 = VERTEX_POINT ( 'NONE', #3831 ) ;
#4358 = CARTESIAN_POINT ( 'NONE',  ( -1.374999999999999556, 0.2000000000000000111, 1.725000000000000311 ) ) ;
#4359 = FACE_OUTER_BOUND ( 'NONE', #608, .T. ) ;
#4360 = EDGE_LOOP ( 'NONE', ( #1315, #5275, #7763, #2857 ) ) ;
#4361 = CARTESIAN_POINT ( 'NONE',  ( -1.224999999999999645, 0.2000000000000000944, -1.025000000000000799 ) ) ;
#4362 = EDGE_CURVE ( 'NONE', #5735, #7653, #2268, .T. ) ;
#4363 = DIRECTION ( 'NONE',  ( 0.000000000000000000, -1.000000000000000000, 0.000000000000000000 ) ) ;
#4364 = CARTESIAN_POINT ( 'NONE',  ( -0.6249999999999996669, 0.2000000000000000111, -2.000000000000000000 ) ) ;
#4365 = CARTESIAN_POINT ( 'NONE',  ( -1.999999999999999556, 0.1999999999999999833, -0.6249999999999994449 ) ) ;
#4366 = ORIENTED_EDGE ( 'NONE', *, *, #4525, .F. ) ;
#4367 = ORIENTED_EDGE ( 'NONE', *, *, #7350, .F. ) ;
#4368 = ORIENTED_EDGE ( 'NONE', *, *, #4071, .T. ) ;
#4369 = CARTESIAN_POINT ( 'NONE',  ( -1.999999999999999556, 0.1999999999999996503, 1.375000000000000444 ) ) ;
#4370 = ORIENTED_EDGE ( 'NONE', *, *, #2773, .T. ) ;
#4371 = DIRECTION ( 'NONE',  ( 0.000000000000000000, -1.000000000000000000, 0.000000000000000000 ) ) ;
#4372 = SURFACE_STYLE_FILL_AREA ( #1616 ) ;
#4373 = EDGE_LOOP ( 'NONE', ( #2786, #2041, #5406, #763 ) ) ;
#4374 = FILL_AREA_STYLE_COLOUR ( '', #1459 ) ;
#4375 = CARTESIAN_POINT ( 'NONE',  ( -0.1249999999999996808, 0.1999999999999999833, 2.000000000000000000 ) ) ;
#4376 = ORIENTED_EDGE ( 'NONE', *, *, #773, .F. ) ;
#4377 = VECTOR ( 'NONE', #4119, 1000.000000000000000 ) ;
#4378 = FACE_OUTER_BOUND ( 'NONE', #1857, .T. ) ;
#4379 = EDGE_CURVE ( 'NONE', #1421, #1011, #7249, .T. ) ;
#4380 = FACE_OUTER_BOUND ( 'NONE', #7502, .T. ) ;
#4381 = CARTESIAN_POINT ( 'NONE',  ( -1.692307692307692069, 0.6999999999999999556, -1.558974358974359209 ) ) ;
#4382 = AXIS2_PLACEMENT_3D ( 'NONE', #1693, #463, #3803 ) ;
#4383 = CARTESIAN_POINT ( 'NONE',  ( 1.724999999999999867, 0.000000000000000000, -0.7499999999999997780 ) ) ;
#4384 = LINE ( 'NONE', #6367, #6365 ) ;
#4385 = EDGE_CURVE ( 'NONE', #4245, #5431, #7805, .T. ) ;
#4386 = ORIENTED_EDGE ( 'NONE', *, *, #3227, .T. ) ;
#4387 = FILL_AREA_STYLE_COLOUR ( '', #1464 ) ;
#4388 = FACE_OUTER_BOUND ( 'NONE', #4373, .T. ) ;
#4389 = EDGE_CURVE ( 'NONE', #1610, #2274, #6435, .T. ) ;
#4390 = DIRECTION ( 'NONE',  ( -1.000000000000000000, 0.000000000000000000, -7.885106708985496922E-16 ) ) ;
#4391 = AXIS2_PLACEMENT_3D ( 'NONE', #7709, #5630, #2932 ) ;
#4392 = ORIENTED_EDGE ( 'NONE', *, *, #6048, .T. ) ;
#4393 = FACE_OUTER_BOUND ( 'NONE', #6484, .T. ) ;
#4394 = LINE ( 'NONE', #2424, #6845 ) ;
#4395 = EDGE_LOOP ( 'NONE', ( #6393, #7327, #719, #7172 ) ) ;
#4396 = CARTESIAN_POINT ( 'NONE',  ( 1.724999999999999867, 0.1999999999999999833, 1.375000000000000444 ) ) ;
#4397 = VERTEX_POINT ( 'NONE', #5171 ) ;
#4398 = PRESENTATION_LAYER_ASSIGNMENT (  '', '', ( #2446 ) ) ;
#4399 = ADVANCED_FACE ( 'NONE', ( #451 ), #7887, .F. ) ;
#4400 = VECTOR ( 'NONE', #1472, 1000.000000000000000 ) ;
#4401 = CARTESIAN_POINT ( 'NONE',  ( 0.6250000000000005551, 0.2000000000000000111, -2.000000000000000000 ) ) ;
#4402 = DIRECTION ( 'NONE',  ( 0.000000000000000000, 0.000000000000000000, -1.000000000000000000 ) ) ;
#4403 = EDGE_CURVE ( 'NONE', #5584, #981, #1197, .T. ) ;
#4404 = DIRECTION ( 'NONE',  ( 0.000000000000000000, 0.000000000000000000, -1.000000000000000000 ) ) ;
#4405 = PRESENTATION_LAYER_ASSIGNMENT (  '', '', ( #3278 ) ) ;
#4406 = FACE_OUTER_BOUND ( 'NONE', #5042, .T. ) ;
#4407 = ORIENTED_EDGE ( 'NONE', *, *, #3428, .T. ) ;
#4408 = LINE ( 'NONE', #6432, #2279 ) ;
#4409 = ORIENTED_EDGE ( 'NONE', *, *, #1507, .T. ) ;
#4410 = ORIENTED_EDGE ( 'NONE', *, *, #5150, .T. ) ;
#4411 = AXIS2_PLACEMENT_3D ( 'NONE', #1904, #7936, #1327 ) ;
#4412 = VERTEX_POINT ( 'NONE', #1940 ) ;
#4413 = SURFACE_STYLE_USAGE ( .BOTH. , #5831 ) ;
#4414 = COLOUR_RGB ( '',0.7921568627450980005, 0.8196078431372548767, 0.9333333333333333481 ) ;
#4415 = ORIENTED_EDGE ( 'NONE', *, *, #4082, .T. ) ;
#4416 =( NAMED_UNIT ( * ) PLANE_ANGLE_UNIT ( ) SI_UNIT ( $, .RADIAN. ) );
#4417 = VECTOR ( 'NONE', #4780, 1000.000000000000000 ) ;
#4418 = LINE ( 'NONE', #878, #8229 ) ;
#4419 = EDGE_CURVE ( 'NONE', #4267, #1238, #1811, .T. ) ;
#4420 = VERTEX_POINT ( 'NONE', #3120 ) ;
#4421 = DIRECTION ( 'NONE',  ( 0.000000000000000000, 0.000000000000000000, -1.000000000000000000 ) ) ;
#4422 = CARTESIAN_POINT ( 'NONE',  ( -1.692307692307692069, 0.8000000000000000444, -1.692307692307692513 ) ) ;
#4423 = EDGE_LOOP ( 'NONE', ( #1068, #4650, #1765, #8363, #7690 ) ) ;
#4424 = EDGE_CURVE ( 'NONE', #1210, #8148, #3953, .T. ) ;
#4425 = LINE ( 'NONE', #5752, #5694 ) ;
#4426 = CARTESIAN_POINT ( 'NONE',  ( 0.7500000000000004441, 0.6716990566028298026, 1.600000000000000311 ) ) ;
#4427 = DIRECTION ( 'NONE',  ( 0.000000000000000000, 0.000000000000000000, -1.000000000000000000 ) ) ;
#4428 = DIRECTION ( 'NONE',  ( 0.000000000000000000, 0.000000000000000000, -1.000000000000000000 ) ) ;
#4429 = CARTESIAN_POINT ( 'NONE',  ( 1.724999999999999867, 0.1999999999999999833, -1.124999999999999778 ) ) ;
#4430 = ORIENTED_EDGE ( 'NONE', *, *, #3944, .T. ) ;
#4431 = SURFACE_STYLE_FILL_AREA ( #970 ) ;
#4432 = CARTESIAN_POINT ( 'NONE',  ( 0.6250000000000005551, 0.2000000000000000111, -1.725000000000000311 ) ) ;
#4433 = LINE ( 'NONE', #1015, #744 ) ;
#4434 = ORIENTED_EDGE ( 'NONE', *, *, #6824, .F. ) ;
#4435 = CARTESIAN_POINT ( 'NONE',  ( 1.724999999999999867, 0.000000000000000000, 0.2500000000000002220 ) ) ;
#4436 = CARTESIAN_POINT ( 'NONE',  ( -1.724999999999999867, 0.000000000000000000, -0.7499999999999997780 ) ) ;
#4437 = ORIENTED_EDGE ( 'NONE', *, *, #4362, .F. ) ;
#4438 = DIRECTION ( 'NONE',  ( 0.000000000000000000, 1.000000000000000000, 0.000000000000000000 ) ) ;
#4439 = ORIENTED_EDGE ( 'NONE', *, *, #7851, .T. ) ;
#4440 = LINE ( 'NONE', #7079, #4113 ) ;
#4441 = CARTESIAN_POINT ( 'NONE',  ( 1.724999999999999867, 0.6716990566028301357, -1.249999999999999778 ) ) ;
#4442 = FACE_OUTER_BOUND ( 'NONE', #4423, .T. ) ;
#4443 = CARTESIAN_POINT ( 'NONE',  ( 0.2500000000000004441, 0.000000000000000000, -1.725000000000000089 ) ) ;
#4444 = VECTOR ( 'NONE', #2178, 1000.000000000000000 ) ;
#4445 = ORIENTED_EDGE ( 'NONE', *, *, #1548, .T. ) ;
#4446 = VECTOR ( 'NONE', #4483, 1000.000000000000000 ) ;
#4447 = CARTESIAN_POINT ( 'NONE',  ( -0.3749999999999994449, 0.05000000000000000278, 0.000000000000000000 ) ) ;
#4448 = ORIENTED_EDGE ( 'NONE', *, *, #2005, .T. ) ;
#4449 = ORIENTED_EDGE ( 'NONE', *, *, #4525, .T. ) ;
#4450 = VECTOR ( 'NONE', #7666, 1000.000000000000000 ) ;
#4451 = VERTEX_POINT ( 'NONE', #5769 ) ;
#4452 = VECTOR ( 'NONE', #6024, 1000.000000000000000 ) ;
#4453 = EDGE_LOOP ( 'NONE', ( #6836, #5638, #3424, #7472 ) ) ;
#4454 = CARTESIAN_POINT ( 'NONE',  ( 1.125000000000000666, 0.04999999999999999584, 1.725000000000000311 ) ) ;
#4455 = AXIS2_PLACEMENT_3D ( 'NONE', #6363, #5669, #2369 ) ;
#4456 = CARTESIAN_POINT ( 'NONE',  ( -1.999999999999999556, 0.6716990566028301357, -1.124999999999999556 ) ) ;
#4457 = EDGE_CURVE ( 'NONE', #151, #1417, #8448, .T. ) ;
#4458 = VERTEX_POINT ( 'NONE', #8409 ) ;
#4459 = VECTOR ( 'NONE', #5417, 1000.000000000000000 ) ;
#4460 =( NAMED_UNIT ( * ) PLANE_ANGLE_UNIT ( ) SI_UNIT ( $, .RADIAN. ) );
#4461 = FACE_OUTER_BOUND ( 'NONE', #1717, .T. ) ;
#4462 = ORIENTED_EDGE ( 'NONE', *, *, #8132, .F. ) ;
#4463 = VECTOR ( 'NONE', #232, 1000.000000000000000 ) ;
#4464 = DIRECTION ( 'NONE',  ( 0.000000000000000000, -1.000000000000000000, 0.000000000000000000 ) ) ;
#4465 = DIRECTION ( 'NONE',  ( -1.000000000000000000, 0.000000000000000000, 0.000000000000000000 ) ) ;
#4466 = CARTESIAN_POINT ( 'NONE',  ( 1.724999999999999867, 0.6716990566028301357, -1.375000000000000222 ) ) ;
#4467 = ADVANCED_FACE ( 'NONE', ( #6590 ), #1237, .T. ) ;
#4468 = DIRECTION ( 'NONE',  ( 0.000000000000000000, 0.000000000000000000, 1.000000000000000000 ) ) ;
#4469 = FACE_OUTER_BOUND ( 'NONE', #8583, .T. ) ;
#4470 = ORIENTED_EDGE ( 'NONE', *, *, #2327, .T. ) ;
#4471 = DIRECTION ( 'NONE',  ( 1.000000000000000000, -0.000000000000000000, 1.770125995894700463E-16 ) ) ;
#4472 = CARTESIAN_POINT ( 'NONE',  ( 0.2500000000000004441, 0.6716990566028298026, 1.725000000000000089 ) ) ;
#4473 = CARTESIAN_POINT ( 'NONE',  ( -0.1249999999999996808, 0.2000000000000000111, 2.000000000000000000 ) ) ;
#4474 =( GEOMETRIC_REPRESENTATION_CONTEXT ( 3 ) GLOBAL_UNCERTAINTY_ASSIGNED_CONTEXT ( ( #347 ) ) GLOBAL_UNIT_ASSIGNED_CONTEXT ( ( #5061, #4416, #3767 ) ) REPRESENTATION_CONTEXT ( 'NONE', 'WORKASPACE' ) );
#4475 = EDGE_LOOP ( 'NONE', ( #7597, #3113, #1651, #6879 ) ) ;
#4476 = LINE ( 'NONE', #6287, #2920 ) ;
#4477 = PLANE ( 'NONE',  #6298 ) ;
#4478 = ORIENTED_EDGE ( 'NONE', *, *, #5116, .F. ) ;
#4479 = CARTESIAN_POINT ( 'NONE',  ( 1.999999999999999556, 0.6716990566028301357, 0.3750000000000005551 ) ) ;
#4480 = ORIENTED_EDGE ( 'NONE', *, *, #3085, .F. ) ;
#4481 = VECTOR ( 'NONE', #6805, 1000.000000000000000 ) ;
#4482 = LINE ( 'NONE', #7768, #754 ) ;
#4483 = DIRECTION ( 'NONE',  ( -0.000000000000000000, -1.000000000000000000, -0.000000000000000000 ) ) ;
#4484 = CARTESIAN_POINT ( 'NONE',  ( -0.2499999999999995837, 0.2000000000000000111, -1.725000000000000089 ) ) ;
#4485 = VECTOR ( 'NONE', #5265, 1000.000000000000000 ) ;
#4486 = CARTESIAN_POINT ( 'NONE',  ( -1.999999999999999556, 0.1999999999999999833, 0.8750000000000005551 ) ) ;
#4487 = ORIENTED_EDGE ( 'NONE', *, *, #1494, .F. ) ;
#4488 = CARTESIAN_POINT ( 'NONE',  ( -1.999999999999999556, 0.1999999999999999833, 1.375000000000000666 ) ) ;
#4489 = ORIENTED_EDGE ( 'NONE', *, *, #4048, .T. ) ;
#4490 = EDGE_CURVE ( 'NONE', #2182, #2968, #2472, .T. ) ;
#4491 = ORIENTED_EDGE ( 'NONE', *, *, #7841, .F. ) ;
#4492 = ADVANCED_FACE ( 'NONE', ( #5896 ), #4477, .T. ) ;
#4493 = SURFACE_STYLE_USAGE ( .BOTH. , #1785 ) ;
#4494 = CARTESIAN_POINT ( 'NONE',  ( -1.999999999999999556, 0.8000000000000003775, 2.000000000000000444 ) ) ;
#4495 = EDGE_LOOP ( 'NONE', ( #3024, #1614, #8251, #2725 ) ) ;
#4496 = CARTESIAN_POINT ( 'NONE',  ( 1.999999999999999556, 0.6716990566028301357, 0.3750000000000005551 ) ) ;
#4497 = DIRECTION ( 'NONE',  ( 0.000000000000000000, -1.000000000000000000, 0.000000000000000000 ) ) ;
#4498 = EDGE_CURVE ( 'NONE', #1388, #7286, #1986, .T. ) ;
#4499 = ORIENTED_EDGE ( 'NONE', *, *, #8475, .F. ) ;
#4500 = EDGE_CURVE ( 'NONE', #6865, #8465, #624, .T. ) ;
#4501 = DIRECTION ( 'NONE',  ( -1.000000000000000000, 0.000000000000000000, -7.885106708985496922E-16 ) ) ;
#4502 = CARTESIAN_POINT ( 'NONE',  ( 9.856383386231755289E-17, 0.05000000000000000278, 0.1249999999999985428 ) ) ;
#4503 = AXIS2_PLACEMENT_3D ( 'NONE', #1110, #4560, #2517 ) ;
#4504 = DIRECTION ( 'NONE',  ( 0.000000000000000000, 1.000000000000000000, -0.000000000000000000 ) ) ;
#4505 = CARTESIAN_POINT ( 'NONE',  ( -1.024999999999998579, 3.664823227814084650, -1.225000000000000755 ) ) ;
#4506 = DIRECTION ( 'NONE',  ( 0.000000000000000000, 1.000000000000000000, 0.000000000000000000 ) ) ;
#4507 = VECTOR ( 'NONE', #5400, 1000.000000000000000 ) ;
#4508 = ORIENTED_EDGE ( 'NONE', *, *, #5055, .T. ) ;
#4509 = EDGE_CURVE ( 'NONE', #1083, #1127, #8577, .T. ) ;
#4510 = DIRECTION ( 'NONE',  ( 0.000000000000000000, -0.000000000000000000, 1.000000000000000000 ) ) ;
#4511 = EDGE_CURVE ( 'NONE', #630, #4978, #7932, .T. ) ;
#4512 = PLANE ( 'NONE',  #5962 ) ;
#4513 = CARTESIAN_POINT ( 'NONE',  ( -1.224999999999999645, 3.664823227814084650, -1.025000000000000799 ) ) ;
#4514 = ORIENTED_EDGE ( 'NONE', *, *, #4563, .F. ) ;
#4515 = CARTESIAN_POINT ( 'NONE',  ( -1.124999999999999778, 0.000000000000000000, 2.000000000000000000 ) ) ;
#4516 = VECTOR ( 'NONE', #8374, 1000.000000000000000 ) ;
#4517 = CARTESIAN_POINT ( 'NONE',  ( 1.250000000000000444, 0.000000000000000000, -1.725000000000000089 ) ) ;
#4518 = EDGE_LOOP ( 'NONE', ( #434, #2337, #292, #7375 ) ) ;
#4519 = CARTESIAN_POINT ( 'NONE',  ( -0.2499999999999995837, 0.000000000000000000, 1.725000000000000089 ) ) ;
#4520 = EDGE_CURVE ( 'NONE', #7516, #4686, #8012, .T. ) ;
#4521 = VERTEX_POINT ( 'NONE', #2191 ) ;
#4522 = CARTESIAN_POINT ( 'NONE',  ( 0.1250000000000005551, 0.2000000000000000111, -1.725000000000000311 ) ) ;
#4523 = VECTOR ( 'NONE', #5981, 1000.000000000000000 ) ;
#4524 = CARTESIAN_POINT ( 'NONE',  ( -0.8749999999999994449, 0.2000000000000000111, 1.725000000000000311 ) ) ;
#4525 = EDGE_CURVE ( 'NONE', #14, #5187, #707, .T. ) ;
#4526 = PLANE ( 'NONE',  #399 ) ;
#4527 = DIRECTION ( 'NONE',  ( -1.000000000000000000, 0.000000000000000000, 7.885106708985496922E-16 ) ) ;
#4528 = CLOSED_SHELL ( 'NONE', ( #3343, #5023, #4977, #54, #3867, #3545, #5877 ) ) ;
#4529 = CARTESIAN_POINT ( 'NONE',  ( -1.724999999999999867, 0.000000000000000000, 1.375000000000000444 ) ) ;
#4530 = DIRECTION ( 'NONE',  ( 0.000000000000000000, 1.000000000000000000, 0.000000000000000000 ) ) ;
#4531 =( GEOMETRIC_REPRESENTATION_CONTEXT ( 3 ) GLOBAL_UNCERTAINTY_ASSIGNED_CONTEXT ( ( #2796 ) ) GLOBAL_UNIT_ASSIGNED_CONTEXT ( ( #1528, #2097, #6054 ) ) REPRESENTATION_CONTEXT ( 'NONE', 'WORKASPACE' ) );
#4532 = ORIENTED_EDGE ( 'NONE', *, *, #6415, .T. ) ;
#4533 = PLANE ( 'NONE',  #4928 ) ;
#4534 = ORIENTED_EDGE ( 'NONE', *, *, #7688, .F. ) ;
#4535 = AXIS2_PLACEMENT_3D ( 'NONE', #3797, #8416, #5690 ) ;
#4536 = ORIENTED_EDGE ( 'NONE', *, *, #4867, .T. ) ;
#4537 = VECTOR ( 'NONE', #5521, 1000.000000000000000 ) ;
#4538 = LINE ( 'NONE', #7133, #6262 ) ;
#4539 = DIRECTION ( 'NONE',  ( 1.000000000000000000, 0.000000000000000000, -0.000000000000000000 ) ) ;
#4540 = VERTEX_POINT ( 'NONE', #745 ) ;
#4541 = VECTOR ( 'NONE', #6775, 1000.000000000000000 ) ;
#4542 = AXIS2_PLACEMENT_3D ( 'NONE', #5088, #3208, #5941 ) ;
#4543 = EDGE_CURVE ( 'NONE', #4882, #728, #6994, .T. ) ;
#4544 = CARTESIAN_POINT ( 'NONE',  ( 0.2500000000000004441, 0.1999999999999999833, 1.725000000000000089 ) ) ;
#4545 =( GEOMETRIC_REPRESENTATION_CONTEXT ( 3 ) GLOBAL_UNCERTAINTY_ASSIGNED_CONTEXT ( ( #8004 ) ) GLOBAL_UNIT_ASSIGNED_CONTEXT ( ( #5321, #7952, #6523 ) ) REPRESENTATION_CONTEXT ( 'NONE', 'WORKASPACE' ) );
#4546 = ORIENTED_EDGE ( 'NONE', *, *, #225, .F. ) ;
#4547 = CARTESIAN_POINT ( 'NONE',  ( 0.6250000000000005551, 0.6716990566028298026, 1.725000000000000311 ) ) ;
#4548 = LINE ( 'NONE', #6450, #3769 ) ;
#4549 = FACE_OUTER_BOUND ( 'NONE', #4495, .T. ) ;
#4550 = ADVANCED_FACE ( 'NONE', ( #783 ), #6147, .T. ) ;
#4551 = CARTESIAN_POINT ( 'NONE',  ( 0.1250000000000005551, 0.1999999999999999833, 1.725000000000000311 ) ) ;
#4552 = ADVANCED_FACE ( 'NONE', ( #1406 ), #2685, .F. ) ;
#4553 = LINE ( 'NONE', #7240, #5130 ) ;
#4554 = ORIENTED_EDGE ( 'NONE', *, *, #4996, .T. ) ;
#4555 = SURFACE_SIDE_STYLE ('',( #1893 ) ) ;
#4556 = DIRECTION ( 'NONE',  ( -0.000000000000000000, -1.000000000000000000, -0.000000000000000000 ) ) ;
#4557 = FACE_OUTER_BOUND ( 'NONE', #4956, .T. ) ;
#4558 = VERTEX_POINT ( 'NONE', #10 ) ;
#4559 = DIRECTION ( 'NONE',  ( 0.000000000000000000, 1.000000000000000000, 0.000000000000000000 ) ) ;
#4560 = DIRECTION ( 'NONE',  ( 0.000000000000000000, -0.000000000000000000, 1.000000000000000000 ) ) ;
#4561 = ORIENTED_EDGE ( 'NONE', *, *, #3979, .F. ) ;
#4562 = CARTESIAN_POINT ( 'NONE',  ( 1.375000000000000444, 0.04999999999999969746, -2.000000000000000000 ) ) ;
#4563 = EDGE_CURVE ( 'NONE', #5239, #3635, #49, .T. ) ;
#4564 = ORIENTED_EDGE ( 'NONE', *, *, #2005, .F. ) ;
#4565 = CARTESIAN_POINT ( 'NONE',  ( 0.7500000000000004441, 0.04999999999999999584, -1.725000000000000089 ) ) ;
#4566 = FACE_OUTER_BOUND ( 'NONE', #165, .T. ) ;
#4567 = CARTESIAN_POINT ( 'NONE',  ( 1.724999999999999867, 0.6716990566028301357, 1.125000000000000000 ) ) ;
#4568 = CARTESIAN_POINT ( 'NONE',  ( 1.999999999999999556, 0.1999999999999999833, -0.1249999999999994588 ) ) ;
#4569 = CARTESIAN_POINT ( 'NONE',  ( -1.124999999999999778, 0.2000000000000000111, -2.000000000000000000 ) ) ;
#4570 = LINE ( 'NONE', #7212, #7112 ) ;
#4571 = ORIENTED_EDGE ( 'NONE', *, *, #1645, .F. ) ;
#4572 = DIRECTION ( 'NONE',  ( 0.000000000000000000, 1.000000000000000000, 0.000000000000000000 ) ) ;
#4573 = EDGE_CURVE ( 'NONE', #5919, #5911, #8371, .T. ) ;
#4574 = VERTEX_POINT ( 'NONE', #1537 ) ;
#4575 = VECTOR ( 'NONE', #2838, 1000.000000000000000 ) ;
#4576 = EDGE_LOOP ( 'NONE', ( #4931, #3173, #7049, #379 ) ) ;
#4577 = CARTESIAN_POINT ( 'NONE',  ( -0.6249999999999996669, 0.04999999999999999584, 1.725000000000000311 ) ) ;
#4578 = ADVANCED_FACE ( 'NONE', ( #2028 ), #3334, .T. ) ;
#4579 = CIRCLE ( 'NONE', #6651, 0.1249999999999998890 ) ;
#4580 = DIRECTION ( 'NONE',  ( 0.000000000000000000, 0.000000000000000000, 1.000000000000000000 ) ) ;
#4581 = CARTESIAN_POINT ( 'NONE',  ( 2.000000000000000444, 7.256854249492380227, 2.000000000000000000 ) ) ;
#4582 = VERTEX_POINT ( 'NONE', #1444 ) ;
#4583 = AXIS2_PLACEMENT_3D ( 'NONE', #6629, #7194, #5167 ) ;
#4584 = DIRECTION ( 'NONE',  ( 0.000000000000000000, 0.000000000000000000, -1.000000000000000000 ) ) ;
#4585 = DIRECTION ( 'NONE',  ( 1.000000000000000000, -0.000000000000000000, -0.000000000000000000 ) ) ;
#4586 = AXIS2_PLACEMENT_3D ( 'NONE', #6069, #58, #4127 ) ;
#4587 = ORIENTED_EDGE ( 'NONE', *, *, #7368, .F. ) ;
#4588 = ADVANCED_FACE ( 'NONE', ( #8050 ), #8086, .F. ) ;
#4589 = CARTESIAN_POINT ( 'NONE',  ( -0.2499999999999995837, 0.2000000000000000111, 1.725000000000000089 ) ) ;
#4590 = FACE_BOUND ( 'NONE', #3404, .T. ) ;
#4591 = AXIS2_PLACEMENT_3D ( 'NONE', #522, #1974, #6493 ) ;
#4592 = LINE ( 'NONE', #7237, #4336 ) ;
#4593 = VECTOR ( 'NONE', #3018, 1000.000000000000000 ) ;
#4594 = DIRECTION ( 'NONE',  ( 0.000000000000000000, 0.000000000000000000, -1.000000000000000000 ) ) ;
#4595 = DIRECTION ( 'NONE',  ( 1.000000000000000000, -0.000000000000000000, 5.310377987684102867E-16 ) ) ;
#4596 = VECTOR ( 'NONE', #6726, 1000.000000000000000 ) ;
#4597 = EDGE_LOOP ( 'NONE', ( #6829, #1968, #6801, #4254 ) ) ;
#4598 = VECTOR ( 'NONE', #703, 1000.000000000000000 ) ;
#4599 = DIRECTION ( 'NONE',  ( 1.000000000000000000, 0.000000000000000000, 0.000000000000000000 ) ) ;
#4600 = CARTESIAN_POINT ( 'NONE',  ( 1.724999999999999867, 0.000000000000000000, -1.124999999999999778 ) ) ;
#4601 = DIRECTION ( 'NONE',  ( -0.000000000000000000, -1.000000000000000000, -0.000000000000000000 ) ) ;
#4602 = ORIENTED_EDGE ( 'NONE', *, *, #2741, .F. ) ;
#4603 = CARTESIAN_POINT ( 'NONE',  ( 0.1250000000000005551, 0.000000000000000000, 1.725000000000000311 ) ) ;
#4604 = EDGE_CURVE ( 'NONE', #2543, #1759, #2846, .T. ) ;
#4605 = AXIS2_PLACEMENT_3D ( 'NONE', #7208, #1247, #6558 ) ;
#4606 = AXIS2_PLACEMENT_3D ( 'NONE', #6408, #4982, #4427 ) ;
#4607 = DIRECTION ( 'NONE',  ( 0.000000000000000000, -0.000000000000000000, 1.000000000000000000 ) ) ;
#4608 = ORIENTED_EDGE ( 'NONE', *, *, #2498, .T. ) ;
#4609 = LINE ( 'NONE', #1281, #4244 ) ;
#4610 = ORIENTED_EDGE ( 'NONE', *, *, #8476, .T. ) ;
#4611 = LINE ( 'NONE', #6594, #2172 ) ;
#4612 = EDGE_LOOP ( 'NONE', ( #6174, #4872 ) ) ;
#4613 = AXIS2_PLACEMENT_3D ( 'NONE', #6831, #865, #3539 ) ;
#4614 = DIRECTION ( 'NONE',  ( 0.000000000000000000, 0.000000000000000000, 1.000000000000000000 ) ) ;
#4615 = EDGE_CURVE ( 'NONE', #7543, #2821, #2136, .T. ) ;
#4616 = PLANE ( 'NONE',  #682 ) ;
#4617 = CARTESIAN_POINT ( 'NONE',  ( -1.999999999999999556, 0.6716990566028301357, 0.3750000000000005551 ) ) ;
#4618 = EDGE_CURVE ( 'NONE', #7260, #5111, #7499, .T. ) ;
#4619 = EDGE_LOOP ( 'NONE', ( #2000, #6033, #4853, #5644 ) ) ;
#4620 = DIRECTION ( 'NONE',  ( 1.000000000000000000, 0.000000000000000000, -7.885106708985496922E-16 ) ) ;
#4621 = ADVANCED_FACE ( 'NONE', ( #4160 ), #7332, .F. ) ;
#4622 = CARTESIAN_POINT ( 'NONE',  ( 0.6250000000000005551, 0.2000000000000000111, 2.000000000000000000 ) ) ;
#4623 = ORIENTED_EDGE ( 'NONE', *, *, #6603, .T. ) ;
#4624 = DIRECTION ( 'NONE',  ( -1.000000000000000000, 0.000000000000000000, -7.885106708985496922E-16 ) ) ;
#4625 = ORIENTED_EDGE ( 'NONE', *, *, #4946, .T. ) ;
#4626 = EDGE_LOOP ( 'NONE', ( #1227, #5389, #715, #2438 ) ) ;
#4627 = VECTOR ( 'NONE', #4659, 1000.000000000000000 ) ;
#4628 = EDGE_CURVE ( 'NONE', #6071, #7028, #2724, .T. ) ;
#4629 = EDGE_CURVE ( 'NONE', #5097, #17, #2067, .T. ) ;
#4630 = DIRECTION ( 'NONE',  ( 0.000000000000000000, 0.000000000000000000, -1.000000000000000000 ) ) ;
#4631 = EDGE_LOOP ( 'NONE', ( #6261, #2779, #8123, #8205 ) ) ;
#4632 = EDGE_CURVE ( 'NONE', #6071, #651, #2003, .T. ) ;
#4633 = ORIENTED_EDGE ( 'NONE', *, *, #7748, .T. ) ;
#4634 = DIRECTION ( 'NONE',  ( 1.000000000000000000, -0.000000000000000000, -0.000000000000000000 ) ) ;
#4635 = CARTESIAN_POINT ( 'NONE',  ( -1.724999999999999867, 0.6716990566028301357, 0.3750000000000003331 ) ) ;
#4636 = LINE ( 'NONE', #1309, #6538 ) ;
#4637 = PLANE ( 'NONE',  #483 ) ;
#4638 = DIRECTION ( 'NONE',  ( 0.000000000000000000, 0.000000000000000000, -1.000000000000000000 ) ) ;
#4639 = ORIENTED_EDGE ( 'NONE', *, *, #2972, .T. ) ;
#4640 = CYLINDRICAL_SURFACE ( 'NONE', #1612, 0.1249999999999998890 ) ;
#4641 = CARTESIAN_POINT ( 'NONE',  ( 2.000000000000000444, 0.8000000000000020428, -2.000000000000000000 ) ) ;
#4642 = LINE ( 'NONE', #8531, #529 ) ;
#4643 = ORIENTED_EDGE ( 'NONE', *, *, #7123, .T. ) ;
#4644 = DIRECTION ( 'NONE',  ( -0.000000000000000000, -1.000000000000000000, -0.000000000000000000 ) ) ;
#4645 = CARTESIAN_POINT ( 'NONE',  ( -0.1249999999999996808, 0.05000000000000000278, 0.000000000000000000 ) ) ;
#4646 = ORIENTED_EDGE ( 'NONE', *, *, #1071, .F. ) ;
#4647 = VECTOR ( 'NONE', #4908, 1000.000000000000000 ) ;
#4648 = DIRECTION ( 'NONE',  ( -0.000000000000000000, 0.000000000000000000, -1.000000000000000000 ) ) ;
#4649 = EDGE_CURVE ( 'NONE', #1189, #6134, #2536, .T. ) ;
#4650 = ORIENTED_EDGE ( 'NONE', *, *, #929, .F. ) ;
#4651 = DIRECTION ( 'NONE',  ( -0.000000000000000000, -0.000000000000000000, 1.000000000000000000 ) ) ;
#4652 = EDGE_LOOP ( 'NONE', ( #1460, #4862, #7263, #3046 ) ) ;
#4653 = PLANE ( 'NONE',  #1322 ) ;
#4654 = LINE ( 'NONE', #2524, #3331 ) ;
#4655 = FACE_OUTER_BOUND ( 'NONE', #849, .T. ) ;
#4656 = VECTOR ( 'NONE', #8513, 1000.000000000000000 ) ;
#4657 = ORIENTED_EDGE ( 'NONE', *, *, #6995, .F. ) ;
#4658 = LINE ( 'NONE', #7859, #6104 ) ;
#4659 = DIRECTION ( 'NONE',  ( -0.000000000000000000, -1.000000000000000000, -0.000000000000000000 ) ) ;
#4660 = ORIENTED_EDGE ( 'NONE', *, *, #70, .F. ) ;
#4661 = DIRECTION ( 'NONE',  ( 1.000000000000000000, -0.000000000000000000, -1.084202172485504434E-16 ) ) ;
#4662 = ORIENTED_EDGE ( 'NONE', *, *, #323, .T. ) ;
#4663 = AXIS2_PLACEMENT_3D ( 'NONE', #332, #1168, #3843 ) ;
#4664 = ADVANCED_FACE ( 'NONE', ( #517 ), #265, .F. ) ;
#4665 = ORIENTED_EDGE ( 'NONE', *, *, #1548, .F. ) ;
#4666 = CLOSED_SHELL ( 'NONE', ( #4771, #6172, #321, #6076, #7903, #7931, #7475 ) ) ;
#4667 = CARTESIAN_POINT ( 'NONE',  ( 1.724999999999999867, 0.1999999999999999833, 0.1249999999999998890 ) ) ;
#4668 = ADVANCED_FACE ( 'NONE', ( #8429 ), #3770, .F. ) ;
#4669 = VERTEX_POINT ( 'NONE', #2402 ) ;
#4670 = EDGE_CURVE ( 'NONE', #6618, #677, #474, .T. ) ;
#4671 = COLOUR_RGB ( '',0.7921568627450980005, 0.8196078431372548767, 0.9333333333333333481 ) ;
#4672 = ORIENTED_EDGE ( 'NONE', *, *, #4138, .T. ) ;
#4673 = VECTOR ( 'NONE', #6907, 1000.000000000000000 ) ;
#4674 = SURFACE_STYLE_USAGE ( .BOTH. , #861 ) ;
#4675 = PLANE ( 'NONE',  #8168 ) ;
#4676 = CARTESIAN_POINT ( 'NONE',  ( 8.870745047608672821E-16, 0.05000000000000000278, 1.124999999999998668 ) ) ;
#4677 = SURFACE_STYLE_USAGE ( .BOTH. , #2183 ) ;
#4678 = MECHANICAL_DESIGN_GEOMETRIC_PRESENTATION_REPRESENTATION (  '', ( #1186 ), #351 ) ;
#4679 = EDGE_CURVE ( 'NONE', #5141, #3207, #6487, .T. ) ;
#4680 = FACE_OUTER_BOUND ( 'NONE', #8091, .T. ) ;
#4681 = EDGE_LOOP ( 'NONE', ( #7353, #3834, #5642, #4439 ) ) ;
#4682 = PRESENTATION_LAYER_ASSIGNMENT (  '', '', ( #2459 ) ) ;
#4683 = CARTESIAN_POINT ( 'NONE',  ( -1.999999999999999556, 0.6716990566028301357, -1.124999999999999556 ) ) ;
#4684 = CARTESIAN_POINT ( 'NONE',  ( -1.724999999999999867, 0.1999999999999999833, 1.125000000000000222 ) ) ;
#4685 = COLOUR_RGB ( '',0.7921568627450980005, 0.8196078431372548767, 0.9333333333333333481 ) ;
#4686 = VERTEX_POINT ( 'NONE', #5708 ) ;
#4687 = DIRECTION ( 'NONE',  ( 1.000000000000000000, 0.000000000000000000, -7.885106708985496922E-16 ) ) ;
#4688 = DIRECTION ( 'NONE',  ( 0.000000000000000000, -1.000000000000000000, 0.000000000000000000 ) ) ;
#4689 = VERTEX_POINT ( 'NONE', #2239 ) ;
#4690 = DIRECTION ( 'NONE',  ( 0.000000000000000000, -1.000000000000000000, 0.000000000000000000 ) ) ;
#4691 = ORIENTED_EDGE ( 'NONE', *, *, #1200, .T. ) ;
#4692 = CARTESIAN_POINT ( 'NONE',  ( -1.999999999999999556, 0.04999999999999969746, 0.8750000000000005551 ) ) ;
#4693 = ORIENTED_EDGE ( 'NONE', *, *, #225, .T. ) ;
#4694 = DIRECTION ( 'NONE',  ( -1.000000000000000000, 0.000000000000000000, -7.885106708985496922E-16 ) ) ;
#4695 = CARTESIAN_POINT ( 'NONE',  ( 1.724999999999999867, 0.1999999999999999833, 1.125000000000000000 ) ) ;
#4696 = DIRECTION ( 'NONE',  ( 8.850629979473501081E-17, 0.000000000000000000, -1.000000000000000000 ) ) ;
#4697 = EDGE_CURVE ( 'NONE', #6028, #3802, #4231, .T. ) ;
#4698 = ORIENTED_EDGE ( 'NONE', *, *, #3485, .F. ) ;
#4699 = CARTESIAN_POINT ( 'NONE',  ( -1.999999999999999556, 0.1999999999999999833, 0.3750000000000005551 ) ) ;
#4700 = DIRECTION ( 'NONE',  ( 0.000000000000000000, -0.000000000000000000, -1.000000000000000000 ) ) ;
#4701 = EDGE_CURVE ( 'NONE', #4124, #7213, #5191, .T. ) ;
#4702 = ORIENTED_EDGE ( 'NONE', *, *, #5719, .F. ) ;
#4703 = DIRECTION ( 'NONE',  ( -0.000000000000000000, -0.000000000000000000, 1.000000000000000000 ) ) ;
#4704 = ORIENTED_EDGE ( 'NONE', *, *, #4930, .F. ) ;
#4705 = ORIENTED_EDGE ( 'NONE', *, *, #3276, .F. ) ;
#4706 = EDGE_CURVE ( 'NONE', #4842, #151, #460, .T. ) ;
#4707 = EDGE_CURVE ( 'NONE', #4015, #6865, #176, .T. ) ;
#4708 = CARTESIAN_POINT ( 'NONE',  ( -1.724999999999999867, 0.05000000000000002359, -1.124999999999999778 ) ) ;
#4709 = ORIENTED_EDGE ( 'NONE', *, *, #6271, .F. ) ;
#4710 = ORIENTED_EDGE ( 'NONE', *, *, #111, .T. ) ;
#4711 = AXIS2_PLACEMENT_3D ( 'NONE', #7711, #3598, #2413 ) ;
#4712 =( LENGTH_UNIT ( ) NAMED_UNIT ( * ) SI_UNIT ( .MILLI., .METRE. ) );
#4713 = EDGE_CURVE ( 'NONE', #6165, #4224, #4418, .T. ) ;
#4714 = SURFACE_SIDE_STYLE ('',( #2137 ) ) ;
#4715 = UNCERTAINTY_MEASURE_WITH_UNIT (LENGTH_MEASURE( 1.000000000000000082E-05 ), #5273, 'distance_accuracy_value', 'NONE');
#4716 = LINE ( 'NONE', #6182, #4575 ) ;
#4717 = VERTEX_POINT ( 'NONE', #2492 ) ;
#4718 = LINE ( 'NONE', #86, #8599 ) ;
#4719 = CARTESIAN_POINT ( 'NONE',  ( -1.999999999999999556, 0.6716990566028301357, 0.3750000000000005551 ) ) ;
#4720 = VECTOR ( 'NONE', #96, 1000.000000000000000 ) ;
#4721 = CARTESIAN_POINT ( 'NONE',  ( -1.724999999999999867, 0.1999999999999999833, 0.1249999999999998890 ) ) ;
#4722 = DIRECTION ( 'NONE',  ( 0.000000000000000000, 0.000000000000000000, -1.000000000000000000 ) ) ;
#4723 = DIRECTION ( 'NONE',  ( 0.000000000000000000, 0.000000000000000000, 1.000000000000000000 ) ) ;
#4724 = VERTEX_POINT ( 'NONE', #6441 ) ;
#4725 = DIRECTION ( 'NONE',  ( 0.000000000000000000, 0.000000000000000000, -1.000000000000000000 ) ) ;
#4726 = VECTOR ( 'NONE', #2629, 1000.000000000000000 ) ;
#4727 = ORIENTED_EDGE ( 'NONE', *, *, #7851, .F. ) ;
#4728 = CARTESIAN_POINT ( 'NONE',  ( -1.724999999999999867, 0.1999999999999999833, 1.250000000000000222 ) ) ;
#4729 = CARTESIAN_POINT ( 'NONE',  ( -0.7499999999999995559, 0.2000000000000000111, 1.600000000000000311 ) ) ;
#4730 = DIRECTION ( 'NONE',  ( 0.000000000000000000, -1.000000000000000000, 0.000000000000000000 ) ) ;
#4731 = VECTOR ( 'NONE', #7465, 1000.000000000000000 ) ;
#4732 = ORIENTED_EDGE ( 'NONE', *, *, #6044, .F. ) ;
#4733 = DIRECTION ( 'NONE',  ( -1.000000000000000000, 0.000000000000000000, 0.000000000000000000 ) ) ;
#4734 = CARTESIAN_POINT ( 'NONE',  ( -1.724999999999999867, 0.1999999999999999833, 0.6250000000000000000 ) ) ;
#4735 = EDGE_LOOP ( 'NONE', ( #7424, #3488, #7619, #7733 ) ) ;
#4736 = LINE ( 'NONE', #5394, #2013 ) ;
#4737 = ORIENTED_EDGE ( 'NONE', *, *, #1236, .F. ) ;
#4738 = EDGE_CURVE ( 'NONE', #94, #8044, #3596, .T. ) ;
#4739 = ORIENTED_EDGE ( 'NONE', *, *, #3753, .T. ) ;
#4740 = CARTESIAN_POINT ( 'NONE',  ( 0.8750000000000005551, 0.1999999999999996503, 2.000000000000000000 ) ) ;
#4741 = SURFACE_SIDE_STYLE ('',( #2007 ) ) ;
#4742 = DIRECTION ( 'NONE',  ( -1.000000000000000000, 0.000000000000000000, 0.000000000000000000 ) ) ;
#4743 = VERTEX_POINT ( 'NONE', #6398 ) ;
#4744 = EDGE_CURVE ( 'NONE', #32, #1915, #5147, .T. ) ;
#4745 = VECTOR ( 'NONE', #4168, 1000.000000000000000 ) ;
#4746 = ORIENTED_EDGE ( 'NONE', *, *, #5576, .F. ) ;
#4747 = ADVANCED_FACE ( 'NONE', ( #8343 ), #1743, .F. ) ;
#4748 = FACE_OUTER_BOUND ( 'NONE', #2560, .T. ) ;
#4749 = AXIS2_PLACEMENT_3D ( 'NONE', #5907, #4530, #7899 ) ;
#4750 = CARTESIAN_POINT ( 'NONE',  ( -0.6249999999999996669, 0.2000000000000000111, -2.000000000000000000 ) ) ;
#4751 = ADVANCED_FACE ( 'NONE', ( #433 ), #1786, .F. ) ;
#4752 = LINE ( 'NONE', #2754, #3317 ) ;
#4753 = VERTEX_POINT ( 'NONE', #1134 ) ;
#4754 = EDGE_CURVE ( 'NONE', #3008, #4397, #7784, .T. ) ;
#4755 = LINE ( 'NONE', #4074, #689 ) ;
#4756 = CARTESIAN_POINT ( 'NONE',  ( -1.999999999999999556, 0.1999999999999999833, -0.6249999999999994449 ) ) ;
#4757 = DIRECTION ( 'NONE',  ( -1.000000000000000000, 0.000000000000000000, 7.885106708985496922E-16 ) ) ;
#4758 = CARTESIAN_POINT ( 'NONE',  ( 1.724999999999999867, 0.6716990566028301357, 0.1250000000000001110 ) ) ;
#4759 = CARTESIAN_POINT ( 'NONE',  ( -1.692307692307692069, 0.6999999999999999556, -1.692307692307692513 ) ) ;
#4760 = ORIENTED_EDGE ( 'NONE', *, *, #6452, .T. ) ;
#4761 = EDGE_CURVE ( 'NONE', #3175, #6266, #1834, .T. ) ;
#4762 = DIRECTION ( 'NONE',  ( -0.000000000000000000, -1.000000000000000000, -0.000000000000000000 ) ) ;
#4763 = ORIENTED_EDGE ( 'NONE', *, *, #854, .T. ) ;
#4764 = EDGE_CURVE ( 'NONE', #5454, #311, #5542, .T. ) ;
#4765 = DIRECTION ( 'NONE',  ( -7.885106708985496922E-16, 0.000000000000000000, 1.000000000000000000 ) ) ;
#4766 = DIRECTION ( 'NONE',  ( 0.000000000000000000, -1.000000000000000000, 0.000000000000000000 ) ) ;
#4767 = DIRECTION ( 'NONE',  ( -1.000000000000000000, 0.000000000000000000, 0.000000000000000000 ) ) ;
#4768 = ORIENTED_EDGE ( 'NONE', *, *, #3611, .T. ) ;
#4769 = DIRECTION ( 'NONE',  ( 0.000000000000000000, 0.000000000000000000, 1.000000000000000000 ) ) ;
#4770 = VECTOR ( 'NONE', #7974, 1000.000000000000000 ) ;
#4771 = ADVANCED_FACE ( 'NONE', ( #73 ), #2622, .T. ) ;
#4772 = LINE ( 'NONE', #1499, #2966 ) ;
#4773 = VERTEX_POINT ( 'NONE', #7869 ) ;
#4774 = DIRECTION ( 'NONE',  ( 1.000000000000000000, -0.000000000000000000, 7.885106708985496922E-16 ) ) ;
#4775 = ORIENTED_EDGE ( 'NONE', *, *, #3037, .T. ) ;
#4776 = CARTESIAN_POINT ( 'NONE',  ( -1.124999999999999778, 0.1999999999999999833, 2.000000000000000000 ) ) ;
#4777 = EDGE_CURVE ( 'NONE', #2688, #6700, #1385, .T. ) ;
#4778 = VECTOR ( 'NONE', #7316, 1000.000000000000000 ) ;
#4779 = ORIENTED_EDGE ( 'NONE', *, *, #5067, .F. ) ;
#4780 = DIRECTION ( 'NONE',  ( 0.000000000000000000, 0.000000000000000000, 1.000000000000000000 ) ) ;
#4781 = LINE ( 'NONE', #2823, #5034 ) ;
#4782 = ADVANCED_FACE ( 'NONE', ( #7179 ), #5958, .F. ) ;
#4783 = LINE ( 'NONE', #6215, #3256 ) ;
#4784 = VERTEX_POINT ( 'NONE', #4708 ) ;
#4785 = DIRECTION ( 'NONE',  ( 0.000000000000000000, 0.000000000000000000, -1.000000000000000000 ) ) ;
#4786 = ORIENTED_EDGE ( 'NONE', *, *, #3848, .F. ) ;
#4787 = LINE ( 'NONE', #3534, #72 ) ;
#4788 = AXIS2_PLACEMENT_3D ( 'NONE', #2644, #7162, #8495 ) ;
#4789 = DIRECTION ( 'NONE',  ( -1.000000000000000000, 0.000000000000000000, -7.885106708985496922E-16 ) ) ;
#4790 = EDGE_LOOP ( 'NONE', ( #4262, #3439, #2746, #234 ) ) ;
#4791 = FACE_OUTER_BOUND ( 'NONE', #7818, .T. ) ;
#4792 = CLOSED_SHELL ( 'NONE', ( #1682, #6039, #6306, #5183, #2674, #3609 ) ) ;
#4793 = EDGE_CURVE ( 'NONE', #8589, #1280, #3226, .T. ) ;
#4794 = EDGE_CURVE ( 'NONE', #3141, #5214, #5274, .T. ) ;
#4795 = VECTOR ( 'NONE', #8309, 1000.000000000000000 ) ;
#4796 = UNCERTAINTY_MEASURE_WITH_UNIT (LENGTH_MEASURE( 1.000000000000000082E-05 ), #3364, 'distance_accuracy_value', 'NONE');
#4797 = SURFACE_SIDE_STYLE ('',( #2059 ) ) ;
#4798 = DIRECTION ( 'NONE',  ( 0.000000000000000000, 1.000000000000000000, -0.000000000000000000 ) ) ;
#4799 = AXIS2_PLACEMENT_3D ( 'NONE', #248, #2915, #5572 ) ;
#4800 = ORIENTED_EDGE ( 'NONE', *, *, #7289, .F. ) ;
#4801 = CARTESIAN_POINT ( 'NONE',  ( -1.999999999999999556, 0.6716990566028301357, -0.6249999999999994449 ) ) ;
#4802 = PLANE ( 'NONE',  #5685 ) ;
#4803 = MECHANICAL_DESIGN_GEOMETRIC_PRESENTATION_REPRESENTATION (  '', ( #908 ), #6883 ) ;
#4804 = EDGE_CURVE ( 'NONE', #7099, #3175, #3392, .T. ) ;
#4805 = DIRECTION ( 'NONE',  ( 1.000000000000000000, -0.000000000000000000, 7.885106708985496922E-16 ) ) ;
#4806 = DIRECTION ( 'NONE',  ( -0.000000000000000000, 0.000000000000000000, 1.000000000000000000 ) ) ;
#4807 = EDGE_CURVE ( 'NONE', #3002, #3117, #4063, .T. ) ;
#4808 = DIRECTION ( 'NONE',  ( 0.000000000000000000, 1.000000000000000000, 0.000000000000000000 ) ) ;
#4809 = ORIENTED_EDGE ( 'NONE', *, *, #1925, .F. ) ;
#4810 = CYLINDRICAL_SURFACE ( 'NONE', #7031, 0.1250000000000001110 ) ;
#4811 = VERTEX_POINT ( 'NONE', #31 ) ;
#4812 = LINE ( 'NONE', #3380, #5998 ) ;
#4813 = COLOUR_RGB ( '',0.7921568627450980005, 0.8196078431372548767, 0.9333333333333333481 ) ;
#4814 = DIRECTION ( 'NONE',  ( 0.000000000000000000, 0.000000000000000000, -1.000000000000000000 ) ) ;
#4815 = LINE ( 'NONE', #3560, #3355 ) ;
#4816 = EDGE_LOOP ( 'NONE', ( #2002, #7736, #2620, #6699 ) ) ;
#4817 = CARTESIAN_POINT ( 'NONE',  ( -1.724999999999999867, 0.1999999999999999833, -0.6249999999999996669 ) ) ;
#4818 = EDGE_CURVE ( 'NONE', #8325, #4773, #3891, .T. ) ;
#4819 = CARTESIAN_POINT ( 'NONE',  ( 1.999999999999999556, 0.1999999999999999833, 1.375000000000000666 ) ) ;
#4820 = ORIENTED_EDGE ( 'NONE', *, *, #3183, .F. ) ;
#4821 = CARTESIAN_POINT ( 'NONE',  ( 1.250000000000000444, 0.1999999999999999833, 1.600000000000000311 ) ) ;
#4822 = ORIENTED_EDGE ( 'NONE', *, *, #4082, .F. ) ;
#4823 = ORIENTED_EDGE ( 'NONE', *, *, #5044, .F. ) ;
#4824 = EDGE_LOOP ( 'NONE', ( #5983, #4499, #3814, #4392 ) ) ;
#4825 = CARTESIAN_POINT ( 'NONE',  ( -0.1249999999999996808, 0.2000000000000000111, -2.000000000000000000 ) ) ;
#4826 = EDGE_CURVE ( 'NONE', #1828, #8190, #7963, .T. ) ;
#4827 = SURFACE_STYLE_FILL_AREA ( #112 ) ;
#4828 = DIRECTION ( 'NONE',  ( 1.000000000000000000, -0.000000000000000000, 7.885106708985496922E-16 ) ) ;
#4829 = ORIENTED_EDGE ( 'NONE', *, *, #7547, .T. ) ;
#4830 = PLANE ( 'NONE',  #7310 ) ;
#4831 = ORIENTED_EDGE ( 'NONE', *, *, #2039, .F. ) ;
#4832 = ADVANCED_FACE ( 'NONE', ( #3935 ), #6569, .F. ) ;
#4833 = SURFACE_STYLE_FILL_AREA ( #7612 ) ;
#4834 = CARTESIAN_POINT ( 'NONE',  ( 0.6250000000000005551, 0.05000000000000000278, 0.000000000000000000 ) ) ;
#4835 = VERTEX_POINT ( 'NONE', #7270 ) ;
#4836 = CARTESIAN_POINT ( 'NONE',  ( -1.999999999999999556, 0.6716990566028301357, 0.8750000000000005551 ) ) ;
#4837 =( NAMED_UNIT ( * ) PLANE_ANGLE_UNIT ( ) SI_UNIT ( $, .RADIAN. ) );
#4838 = ORIENTED_EDGE ( 'NONE', *, *, #2139, .T. ) ;
#4839 = CARTESIAN_POINT ( 'NONE',  ( 0.8750000000000003331, 0.04999999999999969746, -2.000000000000000000 ) ) ;
#4840 = CARTESIAN_POINT ( 'NONE',  ( -1.125000000000000000, 0.2000000000000000944, 1.124999999999999556 ) ) ;
#4841 = AXIS2_PLACEMENT_3D ( 'NONE', #7797, #3282, #1845 ) ;
#4842 = VERTEX_POINT ( 'NONE', #692 ) ;
#4843 = PLANE ( 'NONE',  #8171 ) ;
#4844 = DIRECTION ( 'NONE',  ( 0.000000000000000000, -1.000000000000000000, 0.000000000000000000 ) ) ;
#4845 = DIRECTION ( 'NONE',  ( -8.850629979473501081E-17, 0.000000000000000000, 1.000000000000000000 ) ) ;
#4846 = AXIS2_PLACEMENT_3D ( 'NONE', #5178, #7257, #1204 ) ;
#4847 = DIRECTION ( 'NONE',  ( 0.000000000000000000, 0.000000000000000000, 1.000000000000000000 ) ) ;
#4848 = DIRECTION ( 'NONE',  ( 1.000000000000000000, -0.000000000000000000, -0.000000000000000000 ) ) ;
#4849 = VERTEX_POINT ( 'NONE', #1345 ) ;
#4850 = FACE_OUTER_BOUND ( 'NONE', #1080, .T. ) ;
#4851 = VECTOR ( 'NONE', #6331, 1000.000000000000000 ) ;
#4852 = ADVANCED_FACE ( 'NONE', ( #6528 ), #6613, .F. ) ;
#4853 = ORIENTED_EDGE ( 'NONE', *, *, #789, .T. ) ;
#4854 = AXIS2_PLACEMENT_3D ( 'NONE', #4567, #7207, #1331 ) ;
#4855 = CARTESIAN_POINT ( 'NONE',  ( 1.724999999999999867, 0.000000000000000000, -0.7499999999999997780 ) ) ;
#4856 = CARTESIAN_POINT ( 'NONE',  ( -1.124999999999999778, 0.04999999999999999584, 1.725000000000000311 ) ) ;
#4857 = CARTESIAN_POINT ( 'NONE',  ( -1.999999999999999556, 0.6716990566028301357, -0.1249999999999994588 ) ) ;
#4858 = ORIENTED_EDGE ( 'NONE', *, *, #6231, .T. ) ;
#4859 = LINE ( 'NONE', #187, #3633 ) ;
#4860 = AXIS2_PLACEMENT_3D ( 'NONE', #8481, #2500, #1269 ) ;
#4861 = DIRECTION ( 'NONE',  ( -1.000000000000000000, 0.000000000000000000, 0.000000000000000000 ) ) ;
#4862 = ORIENTED_EDGE ( 'NONE', *, *, #2058, .T. ) ;
#4863 = VECTOR ( 'NONE', #131, 1000.000000000000000 ) ;
#4864 = DIRECTION ( 'NONE',  ( 0.000000000000000000, 0.000000000000000000, 1.000000000000000000 ) ) ;
#4865 = VERTEX_POINT ( 'NONE', #5233 ) ;
#4866 = FILL_AREA_STYLE_COLOUR ( '', #5231 ) ;
#4867 = EDGE_CURVE ( 'NONE', #1471, #2265, #5918, .T. ) ;
#4868 = VECTOR ( 'NONE', #7985, 1000.000000000000000 ) ;
#4869 = VERTEX_POINT ( 'NONE', #2666 ) ;
#4870 = EDGE_CURVE ( 'NONE', #431, #6071, #5325, .T. ) ;
#4871 = EDGE_CURVE ( 'NONE', #2025, #5624, #2709, .T. ) ;
#4872 = ORIENTED_EDGE ( 'NONE', *, *, #7879, .T. ) ;
#4873 = FACE_OUTER_BOUND ( 'NONE', #8236, .T. ) ;
#4874 = VECTOR ( 'NONE', #8117, 1000.000000000000000 ) ;
#4875 = DIRECTION ( 'NONE',  ( -0.000000000000000000, -1.000000000000000000, -0.000000000000000000 ) ) ;
#4876 = AXIS2_PLACEMENT_3D ( 'NONE', #4857, #6764, #2198 ) ;
#4877 = CIRCLE ( 'NONE', #3210, 0.1250000000000002220 ) ;
#4878 = DIRECTION ( 'NONE',  ( 1.000000000000000000, 0.000000000000000000, -7.885106708985496922E-16 ) ) ;
#4879 = VERTEX_POINT ( 'NONE', #6698 ) ;
#4880 = DIRECTION ( 'NONE',  ( 1.000000000000000000, -0.000000000000000000, -1.084202172485504434E-16 ) ) ;
#4881 = EDGE_CURVE ( 'NONE', #4686, #8325, #727, .T. ) ;
#4882 = VERTEX_POINT ( 'NONE', #6170 ) ;
#4883 = EDGE_CURVE ( 'NONE', #4582, #2025, #1560, .T. ) ;
#4884 = SURFACE_STYLE_USAGE ( .BOTH. , #7568 ) ;
#4885 = VECTOR ( 'NONE', #2491, 1000.000000000000000 ) ;
#4886 = VERTEX_POINT ( 'NONE', #158 ) ;
#4887 = CARTESIAN_POINT ( 'NONE',  ( 1.225000000000000533, 3.664823227814084650, 1.225000000000000755 ) ) ;
#4888 = DIRECTION ( 'NONE',  ( 0.000000000000000000, 0.000000000000000000, 1.000000000000000000 ) ) ;
#4889 = EDGE_CURVE ( 'NONE', #1550, #6618, #4783, .T. ) ;
#4890 = ORIENTED_EDGE ( 'NONE', *, *, #2939, .T. ) ;
#4891 = DIRECTION ( 'NONE',  ( 0.000000000000000000, 0.000000000000000000, -1.000000000000000000 ) ) ;
#4892 = CARTESIAN_POINT ( 'NONE',  ( -0.3749999999999994449, 0.6716990566028298026, -1.725000000000000311 ) ) ;
#4893 = EDGE_LOOP ( 'NONE', ( #186, #2375, #6291, #3582 ) ) ;
#4894 = DIRECTION ( 'NONE',  ( 1.000000000000000000, -0.000000000000000000, -0.000000000000000000 ) ) ;
#4895 = DIRECTION ( 'NONE',  ( -0.000000000000000000, -1.000000000000000000, -0.000000000000000000 ) ) ;
#4896 = VECTOR ( 'NONE', #1999, 1000.000000000000000 ) ;
#4897 = DIRECTION ( 'NONE',  ( -0.000000000000000000, -1.000000000000000000, -0.000000000000000000 ) ) ;
#4898 = DIRECTION ( 'NONE',  ( -1.000000000000000000, 0.000000000000000000, 7.885106708985496922E-16 ) ) ;
#4899 = DIRECTION ( 'NONE',  ( -0.000000000000000000, -0.000000000000000000, -1.000000000000000000 ) ) ;
#4900 = VERTEX_POINT ( 'NONE', #8030 ) ;
#4901 = CYLINDRICAL_SURFACE ( 'NONE', #8437, 0.1250000000000002220 ) ;
#4902 = VERTEX_POINT ( 'NONE', #7522 ) ;
#4903 = SURFACE_STYLE_USAGE ( .BOTH. , #2981 ) ;
#4904 = LINE ( 'NONE', #931, #957 ) ;
#4905 = DIRECTION ( 'NONE',  ( -1.000000000000000000, 0.000000000000000000, -1.770125995894700463E-16 ) ) ;
#4906 = ORIENTED_EDGE ( 'NONE', *, *, #4649, .T. ) ;
#4907 = LINE ( 'NONE', #2116, #4463 ) ;
#4908 = DIRECTION ( 'NONE',  ( 0.000000000000000000, 0.000000000000000000, -1.000000000000000000 ) ) ;
#4909 = EDGE_LOOP ( 'NONE', ( #5513, #5101, #319, #941 ) ) ;
#4910 = CARTESIAN_POINT ( 'NONE',  ( -1.724999999999999867, 0.6716990566028301357, 0.1249999999999998890 ) ) ;
#4911 = ORIENTED_EDGE ( 'NONE', *, *, #2486, .F. ) ;
#4912 = EDGE_CURVE ( 'NONE', #3635, #8293, #2872, .T. ) ;
#4913 = FILL_AREA_STYLE_COLOUR ( '', #3987 ) ;
#4914 = CARTESIAN_POINT ( 'NONE',  ( 1.125000000000000888, 0.05000000000000000278, -1.225000000000000311 ) ) ;
#4915 = VERTEX_POINT ( 'NONE', #7477 ) ;
#4916 = CARTESIAN_POINT ( 'NONE',  ( 1.250000000000000444, 0.2000000000000000111, 1.600000000000000311 ) ) ;
#4917 = AXIS2_PLACEMENT_3D ( 'NONE', #6288, #1634, #8274 ) ;
#4918 = FACE_OUTER_BOUND ( 'NONE', #6955, .T. ) ;
#4919 = VERTEX_POINT ( 'NONE', #6083 ) ;
#4920 = ADVANCED_FACE ( 'NONE', ( #2087 ), #3487, .F. ) ;
#4921 = AXIS2_PLACEMENT_3D ( 'NONE', #3418, #5503, #7373 ) ;
#4922 = FACE_OUTER_BOUND ( 'NONE', #1366, .T. ) ;
#4923 = ORIENTED_EDGE ( 'NONE', *, *, #7795, .T. ) ;
#4924 = DIRECTION ( 'NONE',  ( -7.885106708985496922E-16, 0.000000000000000000, -1.000000000000000000 ) ) ;
#4925 = DIRECTION ( 'NONE',  ( 1.000000000000000000, 0.000000000000000000, 0.000000000000000000 ) ) ;
#4926 = ORIENTED_EDGE ( 'NONE', *, *, #4615, .F. ) ;
#4927 = DIRECTION ( 'NONE',  ( 0.000000000000000000, -0.000000000000000000, 1.000000000000000000 ) ) ;
#4928 = AXIS2_PLACEMENT_3D ( 'NONE', #1254, #3261, #8505 ) ;
#4929 = FACE_OUTER_BOUND ( 'NONE', #8603, .T. ) ;
#4930 = EDGE_CURVE ( 'NONE', #1571, #6888, #6258, .T. ) ;
#4931 = ORIENTED_EDGE ( 'NONE', *, *, #6314, .T. ) ;
#4932 = CYLINDRICAL_SURFACE ( 'NONE', #3408, 0.1250000000000002220 ) ;
#4933 = CARTESIAN_POINT ( 'NONE',  ( 0.1250000000000005551, 0.04999999999999999584, 1.725000000000000311 ) ) ;
#4934 = VECTOR ( 'NONE', #5423, 1000.000000000000000 ) ;
#4936 = ORIENTED_EDGE ( 'NONE', *, *, #4543, .F. ) ;
#4935 = VECTOR ( 'NONE', #2983, 1000.000000000000000 ) ;
#4937 = CLOSED_SHELL ( 'NONE', ( #436, #6983, #7570, #2991, #6687, #164 ) ) ;
#4938 = DIRECTION ( 'NONE',  ( 0.000000000000000000, 0.000000000000000000, 1.000000000000000000 ) ) ;
#4939 = DIRECTION ( 'NONE',  ( 0.000000000000000000, 0.000000000000000000, 1.000000000000000000 ) ) ;
#4940 = DIRECTION ( 'NONE',  ( -1.000000000000000000, 0.000000000000000000, -1.770125995894700463E-16 ) ) ;
#4941 = EDGE_CURVE ( 'NONE', #5311, #7891, #6822, .T. ) ;
#4942 = FACE_OUTER_BOUND ( 'NONE', #4327, .T. ) ;
#4943 = DIRECTION ( 'NONE',  ( -1.000000000000000000, 0.000000000000000000, 7.885106708985496922E-16 ) ) ;
#4944 = ORIENTED_EDGE ( 'NONE', *, *, #6395, .F. ) ;
#4945 = VECTOR ( 'NONE', #1265, 1000.000000000000000 ) ;
#4946 = EDGE_CURVE ( 'NONE', #2688, #2308, #199, .T. ) ;
#4947 = DIRECTION ( 'NONE',  ( 0.000000000000000000, 0.000000000000000000, 1.000000000000000000 ) ) ;
#4948 = CARTESIAN_POINT ( 'NONE',  ( -0.8749999999999994449, 0.2000000000000000111, -1.725000000000000311 ) ) ;
#4949 = AXIS2_PLACEMENT_3D ( 'NONE', #2416, #930, #7024 ) ;
#4950 = ORIENTED_EDGE ( 'NONE', *, *, #2587, .F. ) ;
#4951 = FACE_OUTER_BOUND ( 'NONE', #2326, .T. ) ;
#4952 = CARTESIAN_POINT ( 'NONE',  ( -0.2499999999999995837, 0.04999999999999999584, 1.725000000000000089 ) ) ;
#4953 = CIRCLE ( 'NONE', #4123, 0.1249999999999998890 ) ;
#4954 = EDGE_LOOP ( 'NONE', ( #1640, #2484, #6166, #259 ) ) ;
#4955 = LINE ( 'NONE', #5599, #5081 ) ;
#4956 = EDGE_LOOP ( 'NONE', ( #841, #2528, #5990, #195, #2169, #5085, #2532, #552 ) ) ;
#4957 = PRESENTATION_LAYER_ASSIGNMENT (  '', '', ( #2168 ) ) ;
#4958 = EDGE_LOOP ( 'NONE', ( #5657, #7523, #2619, #8433 ) ) ;
#4959 = CARTESIAN_POINT ( 'NONE',  ( -1.724999999999999867, 0.1999999999999999833, 0.2500000000000002220 ) ) ;
#4960 = ORIENTED_EDGE ( 'NONE', *, *, #6754, .T. ) ;
#4961 = CARTESIAN_POINT ( 'NONE',  ( 1.999999999999999556, 0.1999999999999999833, 1.375000000000000666 ) ) ;
#4962 = DIRECTION ( 'NONE',  ( 0.000000000000000000, 0.000000000000000000, -1.000000000000000000 ) ) ;
#4963 = CARTESIAN_POINT ( 'NONE',  ( 1.724999999999999867, 0.6716990566028301357, -1.375000000000000222 ) ) ;
#4964 = DIRECTION ( 'NONE',  ( 0.000000000000000000, -0.000000000000000000, -1.000000000000000000 ) ) ;
#4965 = ORIENTED_EDGE ( 'NONE', *, *, #7379, .T. ) ;
#4966 = AXIS2_PLACEMENT_3D ( 'NONE', #8283, #7686, #5779 ) ;
#4967 = LINE ( 'NONE', #7609, #1043 ) ;
#4968 = EDGE_LOOP ( 'NONE', ( #7938, #6609, #6211, #8596 ) ) ;
#4969 = LINE ( 'NONE', #2223, #7314 ) ;
#4970 = ADVANCED_FACE ( 'NONE', ( #8070 ), #291, .F. ) ;
#4971 = VERTEX_POINT ( 'NONE', #6864 ) ;
#4972 = CARTESIAN_POINT ( 'NONE',  ( -1.724999999999999867, 0.1999999999999999833, 0.1249999999999998890 ) ) ;
#4973 = DIRECTION ( 'NONE',  ( -0.000000000000000000, -1.000000000000000000, -0.000000000000000000 ) ) ;
#4974 = ORIENTED_EDGE ( 'NONE', *, *, #8427, .F. ) ;
#4975 = PLANE ( 'NONE',  #750 ) ;
#4976 = LINE ( 'NONE', #5024, #1233 ) ;
#4977 = ADVANCED_FACE ( 'NONE', ( #2126 ), #2784, .F. ) ;
#4978 = VERTEX_POINT ( 'NONE', #7436 ) ;
#4979 = ADVANCED_FACE ( 'NONE', ( #4918 ), #768, .F. ) ;
#4980 = CARTESIAN_POINT ( 'NONE',  ( 0.2500000000000004441, 0.04999999999999999584, -1.725000000000000089 ) ) ;
#4981 = CARTESIAN_POINT ( 'NONE',  ( 2.000000000000000444, 7.256854249492380227, -2.000000000000000000 ) ) ;
#4982 = DIRECTION ( 'NONE',  ( 1.000000000000000000, 0.000000000000000000, 0.000000000000000000 ) ) ;
#4983 = PLANE ( 'NONE',  #5488 ) ;
#4984 = FACE_OUTER_BOUND ( 'NONE', #7390, .T. ) ;
#4985 = ORIENTED_EDGE ( 'NONE', *, *, #1162, .T. ) ;
#4986 = EDGE_CURVE ( 'NONE', #4155, #657, #7564, .T. ) ;
#4987 = CARTESIAN_POINT ( 'NONE',  ( -1.125000000000000000, 0.000000000000000000, 1.124999999999999556 ) ) ;
#4988 = DIRECTION ( 'NONE',  ( 1.000000000000000000, 0.000000000000000000, -0.000000000000000000 ) ) ;
#4989 = VECTOR ( 'NONE', #3904, 1000.000000000000000 ) ;
#4990 = EDGE_LOOP ( 'NONE', ( #1546, #3578, #2142, #8 ) ) ;
#4991 = LINE ( 'NONE', #7118, #6252 ) ;
#4992 = CARTESIAN_POINT ( 'NONE',  ( -1.724999999999999867, 0.05000000000000002359, 0.3750000000000003331 ) ) ;
#4993 = ORIENTED_EDGE ( 'NONE', *, *, #3988, .F. ) ;
#4994 = AXIS2_PLACEMENT_3D ( 'NONE', #492, #1152, #8490 ) ;
#4995 = CARTESIAN_POINT ( 'NONE',  ( -1.724999999999999867, 0.000000000000000000, 0.2500000000000002220 ) ) ;
#4996 = EDGE_CURVE ( 'NONE', #7282, #3332, #2174, .T. ) ;
#4997 = VERTEX_POINT ( 'NONE', #855 ) ;
#4998 = SURFACE_SIDE_STYLE ('',( #7078 ) ) ;
#4999 = AXIS2_PLACEMENT_3D ( 'NONE', #4959, #5732, #8281 ) ;
#5000 = CYLINDRICAL_SURFACE ( 'NONE', #5497, 0.1249999999999998890 ) ;
#5001 = CARTESIAN_POINT ( 'NONE',  ( -1.374999999999999556, 0.2000000000000000111, -2.000000000000000000 ) ) ;
#5002 = VERTEX_POINT ( 'NONE', #3528 ) ;
#5003 = CARTESIAN_POINT ( 'NONE',  ( 1.999999999999999556, 0.04999999999999969746, -1.375000000000000000 ) ) ;
#5004 = AXIS2_PLACEMENT_3D ( 'NONE', #4149, #8003, #79 ) ;
#5005 = AXIS2_PLACEMENT_3D ( 'NONE', #3381, #1907, #1861 ) ;
#5006 = CARTESIAN_POINT ( 'NONE',  ( -1.724999999999999867, 0.000000000000000000, -1.249999999999999778 ) ) ;
#5007 = DIRECTION ( 'NONE',  ( 0.000000000000000000, 0.000000000000000000, -1.000000000000000000 ) ) ;
#5008 = CARTESIAN_POINT ( 'NONE',  ( 1.724999999999999867, 0.6716990566028301357, -0.8750000000000001110 ) ) ;
#5009 = ORIENTED_EDGE ( 'NONE', *, *, #852, .T. ) ;
#5010 = AXIS2_PLACEMENT_3D ( 'NONE', #5390, #7897, #6601 ) ;
#5011 = ORIENTED_EDGE ( 'NONE', *, *, #7317, .T. ) ;
#5012 = VECTOR ( 'NONE', #521, 1000.000000000000000 ) ;
#5013 = ORIENTED_EDGE ( 'NONE', *, *, #4033, .T. ) ;
#5014 = FILL_AREA_STYLE_COLOUR ( '', #5645 ) ;
#5015 = ORIENTED_EDGE ( 'NONE', *, *, #302, .F. ) ;
#5016 = CYLINDRICAL_SURFACE ( 'NONE', #2082, 0.1000000000000000472 ) ;
#5017 = VECTOR ( 'NONE', #8182, 1000.000000000000000 ) ;
#5018 = AXIS2_PLACEMENT_3D ( 'NONE', #6756, #877, #1577 ) ;
#5019 = FACE_OUTER_BOUND ( 'NONE', #5334, .T. ) ;
#5020 = EDGE_CURVE ( 'NONE', #1189, #8020, #5527, .T. ) ;
#5021 = ORIENTED_EDGE ( 'NONE', *, *, #2100, .T. ) ;
#5022 = CARTESIAN_POINT ( 'NONE',  ( 1.225000000000000755, 3.664823227814084650, -1.225000000000000311 ) ) ;
#5023 = ADVANCED_FACE ( 'NONE', ( #3443 ), #945, .T. ) ;
#5024 = CARTESIAN_POINT ( 'NONE',  ( 1.125000000000000666, 0.05000000000000000278, 0.000000000000000000 ) ) ;
#5025 = ORIENTED_EDGE ( 'NONE', *, *, #5245, .F. ) ;
#5026 = CARTESIAN_POINT ( 'NONE',  ( 1.375000000000000444, 0.1999999999999999833, 2.000000000000000000 ) ) ;
#5027 = CARTESIAN_POINT ( 'NONE',  ( -1.692307692307692069, 0.8000000000000000444, -1.692307692307692513 ) ) ;
#5028 = FACE_OUTER_BOUND ( 'NONE', #5750, .T. ) ;
#5029 = CIRCLE ( 'NONE', #3359, 0.1249999999999998890 ) ;
#5030 = CARTESIAN_POINT ( 'NONE',  ( -1.999999999999999556, 0.1999999999999999833, 0.8750000000000005551 ) ) ;
#5031 = ADVANCED_FACE ( 'NONE', ( #2217 ), #6739, .T. ) ;
#5032 = DIRECTION ( 'NONE',  ( 0.000000000000000000, 0.000000000000000000, -1.000000000000000000 ) ) ;
#5033 = ORIENTED_EDGE ( 'NONE', *, *, #4889, .F. ) ;
#5034 = VECTOR ( 'NONE', #7955, 1000.000000000000000 ) ;
#5035 = FACE_OUTER_BOUND ( 'NONE', #6827, .T. ) ;
#5036 = DIRECTION ( 'NONE',  ( -0.000000000000000000, -1.000000000000000000, -0.000000000000000000 ) ) ;
#5037 = FACE_OUTER_BOUND ( 'NONE', #4735, .T. ) ;
#5038 = ORIENTED_EDGE ( 'NONE', *, *, #7045, .T. ) ;
#5039 = CARTESIAN_POINT ( 'NONE',  ( 0.8750000000000003331, 0.2000000000000000111, 1.725000000000000311 ) ) ;
#5040 = CARTESIAN_POINT ( 'NONE',  ( 0.2500000000000004441, 0.000000000000000000, 1.725000000000000089 ) ) ;
#5041 = EDGE_CURVE ( 'NONE', #702, #3002, #3132, .T. ) ;
#5042 = EDGE_LOOP ( 'NONE', ( #7005, #8179, #4114, #2718 ) ) ;
#5043 = DIRECTION ( 'NONE',  ( 0.000000000000000000, 1.000000000000000000, 0.000000000000000000 ) ) ;
#5044 = EDGE_CURVE ( 'NONE', #694, #6193, #7734, .T. ) ;
#5045 = ORIENTED_EDGE ( 'NONE', *, *, #658, .F. ) ;
#5046 = SURFACE_STYLE_FILL_AREA ( #8278 ) ;
#5047 = EDGE_CURVE ( 'NONE', #8399, #5320, #5210, .T. ) ;
#5048 = DIRECTION ( 'NONE',  ( 0.000000000000000000, 0.000000000000000000, 1.000000000000000000 ) ) ;
#5049 = DIRECTION ( 'NONE',  ( 0.000000000000000000, -1.000000000000000000, 0.000000000000000000 ) ) ;
#5050 = CARTESIAN_POINT ( 'NONE',  ( -0.7499999999999995559, 0.1999999999999999833, 1.725000000000000089 ) ) ;
#5051 = EDGE_CURVE ( 'NONE', #5057, #3436, #6481, .T. ) ;
#5052 = LINE ( 'NONE', #1076, #4204 ) ;
#5053 = ORIENTED_EDGE ( 'NONE', *, *, #3341, .F. ) ;
#5054 = CARTESIAN_POINT ( 'NONE',  ( 1.724999999999999867, 0.6716990566028301357, 0.6250000000000001110 ) ) ;
#5055 = EDGE_CURVE ( 'NONE', #1088, #2848, #6953, .T. ) ;
#5056 = VERTEX_POINT ( 'NONE', #5099 ) ;
#5057 = VERTEX_POINT ( 'NONE', #4365 ) ;
#5058 = EDGE_LOOP ( 'NONE', ( #78, #5836, #3664, #6250, #730, #5368, #129, #7247, #5595, #3181, #6846, #6689, #3795, #7457, #4534, #6751, #2287, #2893, #6354, #7697, #4233, #4487, #1167, #5881, #4351, #4256, #294, #5045, #4223, #6122, #3954, #1381, #7519, #5738, #4936, #6423, #6368, #3974, #4737, #2464, #4219, #6333, #5204, #6507, #6718, #804, #1705, #1079, #1132, #5766, #2316, #2485, #4175, #6379, #215, #3361, #8139, #2829, #6218, #774, #3232, #153, #6180, #1514, #4320, #8034, #2010, #3720, #6238, #5053, #535, #6773, #5401, #6310, #8539, #159, #4040, #3473, #3004, #3520, #3491, #2963, #1340, #8570, #3057, #6584, #7567, #3357, #5942, #3614, #2860, #1741, #6518, #6676, #899, #4698, #4190, #5135, #6607, #6470, #4704, #2584, #7660, #6762, #1680, #5520 ) ) ;
#5059 = CARTESIAN_POINT ( 'NONE',  ( -0.3749999999999994449, 0.1999999999999999833, -2.000000000000000000 ) ) ;
#5060 = ORIENTED_EDGE ( 'NONE', *, *, #456, .F. ) ;
#5061 =( LENGTH_UNIT ( ) NAMED_UNIT ( * ) SI_UNIT ( .MILLI., .METRE. ) );
#5062 = VECTOR ( 'NONE', #5300, 1000.000000000000000 ) ;
#5063 = DIRECTION ( 'NONE',  ( 0.000000000000000000, 0.000000000000000000, -1.000000000000000000 ) ) ;
#5064 = ORIENTED_EDGE ( 'NONE', *, *, #3395, .T. ) ;
#5065 = DIRECTION ( 'NONE',  ( -1.000000000000000000, 0.000000000000000000, 7.885106708985496922E-16 ) ) ;
#5066 = ORIENTED_EDGE ( 'NONE', *, *, #1963, .T. ) ;
#5067 = EDGE_CURVE ( 'NONE', #7960, #2218, #4408, .T. ) ;
#5068 = LINE ( 'NONE', #7581, #2221 ) ;
#5069 = LINE ( 'NONE', #1055, #1648 ) ;
#5070 = DIRECTION ( 'NONE',  ( -1.000000000000000000, 0.000000000000000000, -7.885106708985496922E-16 ) ) ;
#5071 = EDGE_CURVE ( 'NONE', #3175, #32, #2430, .T. ) ;
#5072 = VECTOR ( 'NONE', #6905, 1000.000000000000000 ) ;
#5073 = CARTESIAN_POINT ( 'NONE',  ( 1.724999999999999867, 0.1999999999999999833, 0.2500000000000002220 ) ) ;
#5074 = VECTOR ( 'NONE', #4730, 1000.000000000000000 ) ;
#5075 = CARTESIAN_POINT ( 'NONE',  ( 1.999999999999999556, 0.1999999999999999833, 0.1250000000000000555 ) ) ;
#5076 = ORIENTED_EDGE ( 'NONE', *, *, #7688, .T. ) ;
#5077 = CARTESIAN_POINT ( 'NONE',  ( 0.7500000000000004441, 0.000000000000000000, -1.725000000000000089 ) ) ;
#5078 = ADVANCED_FACE ( 'NONE', ( #1734 ), #2483, .T. ) ;
#5079 = CARTESIAN_POINT ( 'NONE',  ( 1.225000000000000533, 0.2000000000000000944, 1.225000000000000755 ) ) ;
#5080 = FACE_OUTER_BOUND ( 'NONE', #224, .T. ) ;
#5081 = VECTOR ( 'NONE', #3746, 1000.000000000000000 ) ;
#5082 = ORIENTED_EDGE ( 'NONE', *, *, #6649, .T. ) ;
#5083 = CARTESIAN_POINT ( 'NONE',  ( -1.249999999999999556, 0.2000000000000000111, 1.725000000000000089 ) ) ;
#5084 = CARTESIAN_POINT ( 'NONE',  ( 1.724999999999999867, 0.6716990566028301357, -0.8750000000000001110 ) ) ;
#5085 = ORIENTED_EDGE ( 'NONE', *, *, #456, .T. ) ;
#5086 = DIRECTION ( 'NONE',  ( 0.000000000000000000, -1.000000000000000000, 0.000000000000000000 ) ) ;
#5087 = ORIENTED_EDGE ( 'NONE', *, *, #1586, .T. ) ;
#5088 = CARTESIAN_POINT ( 'NONE',  ( 0.2500000000000004441, 0.2000000000000000111, 1.725000000000000089 ) ) ;
#5089 = AXIS2_PLACEMENT_3D ( 'NONE', #5115, #7279, #4594 ) ;
#5090 = VECTOR ( 'NONE', #8328, 1000.000000000000000 ) ;
#5091 = CARTESIAN_POINT ( 'NONE',  ( 1.999999999999999556, 0.1999999999999999833, -0.3749999999999998890 ) ) ;
#5092 = CARTESIAN_POINT ( 'NONE',  ( -0.6249999999999996669, 0.2000000000000000111, 1.725000000000000311 ) ) ;
#5093 = LINE ( 'NONE', #4361, #4010 ) ;
#5094 = EDGE_CURVE ( 'NONE', #3523, #12, #737, .T. ) ;
#5095 = AXIS2_PLACEMENT_3D ( 'NONE', #155, #3441, #2084 ) ;
#5096 = LINE ( 'NONE', #5695, #8068 ) ;
#5097 = VERTEX_POINT ( 'NONE', #992 ) ;
#5098 = CIRCLE ( 'NONE', #7996, 0.1000000000000000472 ) ;
#5099 = CARTESIAN_POINT ( 'NONE',  ( -1.999999999999999556, 0.1999999999999999833, 1.125000000000000222 ) ) ;
#5100 = ORIENTED_EDGE ( 'NONE', *, *, #1781, .F. ) ;
#5101 = ORIENTED_EDGE ( 'NONE', *, *, #2830, .T. ) ;
#5102 = VECTOR ( 'NONE', #8109, 1000.000000000000000 ) ;
#5103 = VECTOR ( 'NONE', #586, 1000.000000000000000 ) ;
#5104 = ORIENTED_EDGE ( 'NONE', *, *, #2120, .T. ) ;
#5105 = ORIENTED_EDGE ( 'NONE', *, *, #5821, .T. ) ;
#5106 = CARTESIAN_POINT ( 'NONE',  ( -0.2499999999999995837, 0.04999999999999999584, 1.725000000000000089 ) ) ;
#5107 = CARTESIAN_POINT ( 'NONE',  ( -1.249999999999999556, 0.2000000000000000111, -1.725000000000000089 ) ) ;
#5108 = ORIENTED_EDGE ( 'NONE', *, *, #5071, .F. ) ;
#5109 = PLANE ( 'NONE',  #2721 ) ;
#5110 = CARTESIAN_POINT ( 'NONE',  ( 1.375000000000000444, 0.1999999999999999833, -1.725000000000000311 ) ) ;
#5111 = VERTEX_POINT ( 'NONE', #3669 ) ;
#5112 = DIRECTION ( 'NONE',  ( -0.000000000000000000, -1.000000000000000000, -0.000000000000000000 ) ) ;
#5113 = CARTESIAN_POINT ( 'NONE',  ( -9.856383386231952504E-17, 0.05000000000000000278, -0.1250000000000010270 ) ) ;
#5114 = DIRECTION ( 'NONE',  ( 1.000000000000000000, -0.000000000000000000, -0.000000000000000000 ) ) ;
#5115 = CARTESIAN_POINT ( 'NONE',  ( 1.724999999999999867, 0.6716990566028301357, 0.2500000000000002220 ) ) ;
#5116 = EDGE_CURVE ( 'NONE', #3983, #8479, #1078, .T. ) ;
#5117 = FACE_OUTER_BOUND ( 'NONE', #8340, .T. ) ;
#5118 = VERTEX_POINT ( 'NONE', #7776 ) ;
#5119 = PLANE ( 'NONE',  #3000 ) ;
#5120 = DIRECTION ( 'NONE',  ( -0.000000000000000000, -1.000000000000000000, -0.000000000000000000 ) ) ;
#5121 = DIRECTION ( 'NONE',  ( 0.000000000000000000, 1.000000000000000000, 0.000000000000000000 ) ) ;
#5122 = ORIENTED_EDGE ( 'NONE', *, *, #5782, .F. ) ;
#5123 = CARTESIAN_POINT ( 'NONE',  ( -1.999999999999999556, 0.000000000000000000, -0.1249999999999994588 ) ) ;
#5124 = DIRECTION ( 'NONE',  ( 0.000000000000000000, -1.000000000000000000, 0.000000000000000000 ) ) ;
#5125 = ORIENTED_EDGE ( 'NONE', *, *, #296, .F. ) ;
#5126 = FACE_OUTER_BOUND ( 'NONE', #1126, .T. ) ;
#5127 = ORIENTED_EDGE ( 'NONE', *, *, #7908, .F. ) ;
#5128 = DIRECTION ( 'NONE',  ( 1.000000000000000000, 0.000000000000000000, -7.885106708985496922E-16 ) ) ;
#5129 = ADVANCED_FACE ( 'NONE', ( #7044 ), #3001, .T. ) ;
#5130 = VECTOR ( 'NONE', #3821, 1000.000000000000000 ) ;
#5131 = DIRECTION ( 'NONE',  ( -0.000000000000000000, -1.000000000000000000, -0.000000000000000000 ) ) ;
#5132 = CARTESIAN_POINT ( 'NONE',  ( 1.375000000000000444, 0.000000000000000000, -2.000000000000000000 ) ) ;
#5133 = LINE ( 'NONE', #2433, #7455 ) ;
#5134 = DIRECTION ( 'NONE',  ( 0.000000000000000000, 0.000000000000000000, -1.000000000000000000 ) ) ;
#5135 = ORIENTED_EDGE ( 'NONE', *, *, #7037, .F. ) ;
#5136 = VECTOR ( 'NONE', #5237, 1000.000000000000000 ) ;
#5137 = PLANE ( 'NONE',  #3263 ) ;
#5138 = EDGE_CURVE ( 'NONE', #7273, #3207, #8286, .T. ) ;
#5139 = EDGE_LOOP ( 'NONE', ( #4179, #5976, #1347, #3874 ) ) ;
#5140 = ADVANCED_FACE ( 'NONE', ( #2347 ), #5137, .T. ) ;
#5141 = VERTEX_POINT ( 'NONE', #6348 ) ;
#5142 = AXIS2_PLACEMENT_3D ( 'NONE', #4948, #5763, #407 ) ;
#5143 = ORIENTED_EDGE ( 'NONE', *, *, #8375, .F. ) ;
#5144 = DIRECTION ( 'NONE',  ( -0.000000000000000000, -0.000000000000000000, 1.000000000000000000 ) ) ;
#5145 = VECTOR ( 'NONE', #4556, 1000.000000000000000 ) ;
#5146 = LINE ( 'NONE', #5232, #1684 ) ;
#5147 = LINE ( 'NONE', #6234, #8377 ) ;
#5148 = EDGE_LOOP ( 'NONE', ( #1111, #3251, #2873, #2800 ) ) ;
#5149 = VECTOR ( 'NONE', #2801, 1000.000000000000000 ) ;
#5150 = EDGE_CURVE ( 'NONE', #5946, #2450, #3093, .T. ) ;
#5151 = CARTESIAN_POINT ( 'NONE',  ( -1.999999999999999556, 0.000000000000000000, 0.8750000000000005551 ) ) ;
#5152 = ADVANCED_FACE ( 'NONE', ( #1826 ), #378, .F. ) ;
#5153 = CARTESIAN_POINT ( 'NONE',  ( 1.999999999999999556, 0.04999999999999969746, -0.1249999999999994588 ) ) ;
#5154 = EDGE_LOOP ( 'NONE', ( #661, #7346, #4491, #794 ) ) ;
#5155 = VECTOR ( 'NONE', #6851, 1000.000000000000000 ) ;
#5156 = CARTESIAN_POINT ( 'NONE',  ( -1.124999999999999778, 0.04999999999999999584, -1.725000000000000311 ) ) ;
#5157 = DIRECTION ( 'NONE',  ( 0.000000000000000000, -1.000000000000000000, 0.000000000000000000 ) ) ;
#5158 = ADVANCED_FACE ( 'NONE', ( #2394 ), #1775, .T. ) ;
#5159 = DIRECTION ( 'NONE',  ( 0.000000000000000000, -1.000000000000000000, 0.000000000000000000 ) ) ;
#5160 = CIRCLE ( 'NONE', #2926, 0.1249999999999998890 ) ;
#5161 = LINE ( 'NONE', #1800, #3706 ) ;
#5162 = ADVANCED_FACE ( 'NONE', ( #3969 ), #8595, .T. ) ;
#5163 = LINE ( 'NONE', #7190, #1224 ) ;
#5164 = EDGE_LOOP ( 'NONE', ( #7589, #518, #3993, #61 ) ) ;
#5165 = CARTESIAN_POINT ( 'NONE',  ( 1.999999999999999556, 0.1999999999999999833, -1.124999999999999556 ) ) ;
#5166 = CARTESIAN_POINT ( 'NONE',  ( -1.999999999999999556, 0.000000000000000000, 1.375000000000000666 ) ) ;
#5167 = DIRECTION ( 'NONE',  ( 0.000000000000000000, -0.000000000000000000, -1.000000000000000000 ) ) ;
#5168 = VECTOR ( 'NONE', #6526, 1000.000000000000000 ) ;
#5169 = ORIENTED_EDGE ( 'NONE', *, *, #1302, .T. ) ;
#5170 = DIRECTION ( 'NONE',  ( 0.000000000000000000, -1.000000000000000000, 0.000000000000000000 ) ) ;
#5171 = CARTESIAN_POINT ( 'NONE',  ( 1.724999999999999867, 0.05000000000000002359, -0.3749999999999998890 ) ) ;
#5172 = EDGE_LOOP ( 'NONE', ( #1333, #3697, #3586, #2730 ) ) ;
#5173 = DIRECTION ( 'NONE',  ( 0.000000000000000000, 0.000000000000000000, 1.000000000000000000 ) ) ;
#5174 = ORIENTED_EDGE ( 'NONE', *, *, #5402, .F. ) ;
#5175 = CARTESIAN_POINT ( 'NONE',  ( -0.3749999999999994449, 0.000000000000000000, -1.725000000000000311 ) ) ;
#5176 = MECHANICAL_DESIGN_GEOMETRIC_PRESENTATION_REPRESENTATION (  '', ( #1970 ), #2533 ) ;
#5177 = FACE_OUTER_BOUND ( 'NONE', #8441, .T. ) ;
#5178 = CARTESIAN_POINT ( 'NONE',  ( -1.249999999999999556, 0.2000000000000000111, -1.725000000000000089 ) ) ;
#5179 = CARTESIAN_POINT ( 'NONE',  ( -1.724999999999999867, 0.1999999999999999833, -1.375000000000000000 ) ) ;
#5180 = FACE_OUTER_BOUND ( 'NONE', #2960, .T. ) ;
#5181 = VECTOR ( 'NONE', #1122, 1000.000000000000000 ) ;
#5182 = DIRECTION ( 'NONE',  ( -0.000000000000000000, -1.000000000000000000, -0.000000000000000000 ) ) ;
#5183 = ADVANCED_FACE ( 'NONE', ( #2001 ), #4533, .F. ) ;
#5184 = VERTEX_POINT ( 'NONE', #7345 ) ;
#5185 = DIRECTION ( 'NONE',  ( 0.000000000000000000, -0.000000000000000000, 1.000000000000000000 ) ) ;
#5186 = VERTEX_POINT ( 'NONE', #5995 ) ;
#5187 = VERTEX_POINT ( 'NONE', #553 ) ;
#5188 = DIRECTION ( 'NONE',  ( 0.000000000000000000, -1.000000000000000000, 0.000000000000000000 ) ) ;
#5189 = CARTESIAN_POINT ( 'NONE',  ( -0.1249999999999996808, 0.6716990566028298026, 2.000000000000000000 ) ) ;
#5190 = ADVANCED_FACE ( 'NONE', ( #2530 ), #3218, .F. ) ;
#5191 = LINE ( 'NONE', #8473, #2008 ) ;
#5192 = ORIENTED_EDGE ( 'NONE', *, *, #3966, .F. ) ;
#5193 = CARTESIAN_POINT ( 'NONE',  ( 0.1250000000000005551, 0.2000000000000000111, 1.725000000000000311 ) ) ;
#5194 = CARTESIAN_POINT ( 'NONE',  ( -1.249999999999999556, 0.2000000000000000111, -1.725000000000000089 ) ) ;
#5195 = EDGE_LOOP ( 'NONE', ( #7616, #4923, #1201, #7128 ) ) ;
#5196 = DIRECTION ( 'NONE',  ( 0.000000000000000000, 0.000000000000000000, 1.000000000000000000 ) ) ;
#5197 = CARTESIAN_POINT ( 'NONE',  ( 1.125000000000000666, 0.04999999999999969746, 2.000000000000000000 ) ) ;
#5198 = AXIS2_PLACEMENT_3D ( 'NONE', #6548, #5124, #3247 ) ;
#5199 = EDGE_CURVE ( 'NONE', #4267, #6733, #609, .T. ) ;
#5200 = CARTESIAN_POINT ( 'NONE',  ( 0.8750000000000003331, 0.6716990566028298026, 1.725000000000000311 ) ) ;
#5201 = CYLINDRICAL_SURFACE ( 'NONE', #5089, 0.1250000000000002220 ) ;
#5202 = CARTESIAN_POINT ( 'NONE',  ( -0.1249999999999996808, 0.04999999999999969746, 2.000000000000000000 ) ) ;
#5203 = AXIS2_PLACEMENT_3D ( 'NONE', #3508, #8131, #4847 ) ;
#5204 = ORIENTED_EDGE ( 'NONE', *, *, #2889, .F. ) ;
#5205 = FACE_OUTER_BOUND ( 'NONE', #3495, .T. ) ;
#5206 = CARTESIAN_POINT ( 'NONE',  ( -1.999999999999999556, 0.1999999999999999833, -0.1249999999999994588 ) ) ;
#5207 = DIRECTION ( 'NONE',  ( -0.000000000000000000, -0.000000000000000000, 1.000000000000000000 ) ) ;
#5208 = ORIENTED_EDGE ( 'NONE', *, *, #6995, .T. ) ;
#5209 = DIRECTION ( 'NONE',  ( 0.000000000000000000, 0.000000000000000000, -1.000000000000000000 ) ) ;
#5210 = CIRCLE ( 'NONE', #4663, 0.1000000000000000472 ) ;
#5211 = DIRECTION ( 'NONE',  ( 0.000000000000000000, -1.000000000000000000, 0.000000000000000000 ) ) ;
#5212 = EDGE_LOOP ( 'NONE', ( #8272, #1264, #6744, #7692 ) ) ;
#5213 = DIRECTION ( 'NONE',  ( 0.000000000000000000, 0.000000000000000000, -1.000000000000000000 ) ) ;
#5214 = VERTEX_POINT ( 'NONE', #4016 ) ;
#5215 = LINE ( 'NONE', #7809, #5103 ) ;
#5216 = EDGE_CURVE ( 'NONE', #3453, #3562, #465, .T. ) ;
#5217 = AXIS2_PLACEMENT_3D ( 'NONE', #2240, #6277, #308 ) ;
#5218 = CARTESIAN_POINT ( 'NONE',  ( -1.724999999999999867, 0.1999999999999999833, -1.124999999999999778 ) ) ;
#5219 = LINE ( 'NONE', #4695, #8163 ) ;
#5220 = DIRECTION ( 'NONE',  ( 0.000000000000000000, -1.000000000000000000, 0.000000000000000000 ) ) ;
#5221 = CLOSED_SHELL ( 'NONE', ( #6445, #4751, #5754, #6743, #3650, #7506 ) ) ;
#5222 = CARTESIAN_POINT ( 'NONE',  ( 1.724999999999999867, 0.1999999999999999833, -0.6249999999999996669 ) ) ;
#5223 = DIRECTION ( 'NONE',  ( 0.000000000000000000, 1.000000000000000000, 0.000000000000000000 ) ) ;
#5224 = AXIS2_PLACEMENT_3D ( 'NONE', #4383, #3597, #6410 ) ;
#5225 = ORIENTED_EDGE ( 'NONE', *, *, #8029, .F. ) ;
#5226 = PLANE ( 'NONE',  #3397 ) ;
#5227 = ORIENTED_EDGE ( 'NONE', *, *, #5328, .F. ) ;
#5228 = CIRCLE ( 'NONE', #5631, 0.1250000000000002220 ) ;
#5229 = ORIENTED_EDGE ( 'NONE', *, *, #6658, .F. ) ;
#5230 = FILL_AREA_STYLE_COLOUR ( '', #4685 ) ;
#5231 = COLOUR_RGB ( '',0.7921568627450980005, 0.8196078431372548767, 0.9333333333333333481 ) ;
#5232 = CARTESIAN_POINT ( 'NONE',  ( -1.999999999999999556, 0.1999999999999999833, 0.8750000000000005551 ) ) ;
#5233 = CARTESIAN_POINT ( 'NONE',  ( -1.374999999999999556, 0.1999999999999999833, -2.000000000000000000 ) ) ;
#5234 = ORIENTED_EDGE ( 'NONE', *, *, #1014, .T. ) ;
#5235 = VECTOR ( 'NONE', #4006, 1000.000000000000000 ) ;
#5236 = CARTESIAN_POINT ( 'NONE',  ( -0.2499999999999995837, 0.2000000000000000111, 1.725000000000000089 ) ) ;
#5237 = DIRECTION ( 'NONE',  ( -0.000000000000000000, -1.000000000000000000, -0.000000000000000000 ) ) ;
#5238 = VECTOR ( 'NONE', #1039, 1000.000000000000000 ) ;
#5239 = VERTEX_POINT ( 'NONE', #2701 ) ;
#5240 = PLANE ( 'NONE',  #3070 ) ;
#5241 = CIRCLE ( 'NONE', #3728, 0.1249999999999998890 ) ;
#5242 = CARTESIAN_POINT ( 'NONE',  ( -1.999999999999999556, 0.1999999999999999833, -0.6249999999999994449 ) ) ;
#5243 = CARTESIAN_POINT ( 'NONE',  ( 1.999999999999999556, 0.1999999999999999833, 0.8750000000000005551 ) ) ;
#5244 = FACE_OUTER_BOUND ( 'NONE', #3045, .T. ) ;
#5245 = EDGE_CURVE ( 'NONE', #1438, #17, #5871, .T. ) ;
#5246 = CYLINDRICAL_SURFACE ( 'NONE', #3452, 0.1249999999999998890 ) ;
#5247 = ORIENTED_EDGE ( 'NONE', *, *, #59, .T. ) ;
#5248 = EDGE_CURVE ( 'NONE', #4017, #2282, #5358, .T. ) ;
#5249 = DIRECTION ( 'NONE',  ( 0.000000000000000000, 0.000000000000000000, -1.000000000000000000 ) ) ;
#5250 = DIRECTION ( 'NONE',  ( 0.000000000000000000, 0.000000000000000000, -1.000000000000000000 ) ) ;
#5251 = PLANE ( 'NONE',  #4583 ) ;
#5252 = ORIENTED_EDGE ( 'NONE', *, *, #7680, .F. ) ;
#5253 = DIRECTION ( 'NONE',  ( 1.000000000000000000, 0.000000000000000000, 7.885106708985496922E-16 ) ) ;
#5254 = DIRECTION ( 'NONE',  ( 0.000000000000000000, 0.000000000000000000, 1.000000000000000000 ) ) ;
#5255 = VERTEX_POINT ( 'NONE', #26 ) ;
#5256 = LINE ( 'NONE', #1199, #1732 ) ;
#5257 = ORIENTED_EDGE ( 'NONE', *, *, #910, .F. ) ;
#5258 = DIRECTION ( 'NONE',  ( -0.000000000000000000, -1.000000000000000000, -0.000000000000000000 ) ) ;
#5259 = ADVANCED_FACE ( 'NONE', ( #683 ), #5226, .F. ) ;
#5260 = CARTESIAN_POINT ( 'NONE',  ( -1.024999999999998579, 0.05000000000000000278, -1.225000000000000755 ) ) ;
#5261 = FACE_OUTER_BOUND ( 'NONE', #7077, .T. ) ;
#5262 = PLANE ( 'NONE',  #127 ) ;
#5263 = ORIENTED_EDGE ( 'NONE', *, *, #8609, .F. ) ;
#5264 = FACE_OUTER_BOUND ( 'NONE', #8071, .T. ) ;
#5265 = DIRECTION ( 'NONE',  ( -0.000000000000000000, -1.000000000000000000, -0.000000000000000000 ) ) ;
#5266 = ORIENTED_EDGE ( 'NONE', *, *, #1505, .T. ) ;
#5267 = CARTESIAN_POINT ( 'NONE',  ( -1.724999999999999867, 0.6716990566028301357, 0.6249999999999998890 ) ) ;
#5268 = ORIENTED_EDGE ( 'NONE', *, *, #135, .T. ) ;
#5269 = AXIS2_PLACEMENT_3D ( 'NONE', #527, #616, #1889 ) ;
#5270 = VERTEX_POINT ( 'NONE', #1377 ) ;
#5271 = FACE_OUTER_BOUND ( 'NONE', #4612, .T. ) ;
#5272 = VECTOR ( 'NONE', #5065, 1000.000000000000000 ) ;
#5273 =( LENGTH_UNIT ( ) NAMED_UNIT ( * ) SI_UNIT ( .MILLI., .METRE. ) );
#5274 = LINE ( 'NONE', #4581, #1433 ) ;
#5275 = ORIENTED_EDGE ( 'NONE', *, *, #8239, .F. ) ;
#5276 = VECTOR ( 'NONE', #1484, 1000.000000000000000 ) ;
#5277 = DIRECTION ( 'NONE',  ( 0.000000000000000000, -1.000000000000000000, 0.000000000000000000 ) ) ;
#5278 = AXIS2_PLACEMENT_3D ( 'NONE', #7339, #6512, #3961 ) ;
#5279 = ORIENTED_EDGE ( 'NONE', *, *, #1139, .T. ) ;
#5280 = CARTESIAN_POINT ( 'NONE',  ( -6.899468370362301302E-16, 0.05000000000000000278, 0.8749999999999988898 ) ) ;
#5281 = LINE ( 'NONE', #8037, #5834 ) ;
#5282 = CIRCLE ( 'NONE', #1380, 0.1333333333333333870 ) ;
#5283 = ADVANCED_FACE ( 'NONE', ( #5826 ), #5318, .F. ) ;
#5284 = DIRECTION ( 'NONE',  ( -1.000000000000000000, 0.000000000000000000, 0.000000000000000000 ) ) ;
#5285 = AXIS2_PLACEMENT_3D ( 'NONE', #568, #5882, #1307 ) ;
#5286 = ADVANCED_FACE ( 'NONE', ( #6519 ), #8464, .F. ) ;
#5287 = PLANE ( 'NONE',  #1319 ) ;
#5288 = DIRECTION ( 'NONE',  ( 0.000000000000000000, 1.000000000000000000, 0.000000000000000000 ) ) ;
#5289 = VECTOR ( 'NONE', #2525, 1000.000000000000000 ) ;
#5290 = VECTOR ( 'NONE', #5682, 1000.000000000000000 ) ;
#5291 = ORIENTED_EDGE ( 'NONE', *, *, #3446, .T. ) ;
#5292 = DIRECTION ( 'NONE',  ( 0.000000000000000000, 1.000000000000000000, -0.000000000000000000 ) ) ;
#5293 = CARTESIAN_POINT ( 'NONE',  ( 1.724999999999999867, 0.000000000000000000, -1.249999999999999778 ) ) ;
#5294 = DIRECTION ( 'NONE',  ( -1.000000000000000000, 0.000000000000000000, -1.770125995894700463E-16 ) ) ;
#5295 = EDGE_CURVE ( 'NONE', #6134, #1971, #4056, .T. ) ;
#5296 = ORIENTED_EDGE ( 'NONE', *, *, #4094, .T. ) ;
#5297 = DIRECTION ( 'NONE',  ( 0.000000000000000000, -0.000000000000000000, -1.000000000000000000 ) ) ;
#5298 = VECTOR ( 'NONE', #887, 1000.000000000000000 ) ;
#5299 = VECTOR ( 'NONE', #4940, 1000.000000000000000 ) ;
#5300 = DIRECTION ( 'NONE',  ( 1.000000000000000000, -0.000000000000000000, 7.885106708985496922E-16 ) ) ;
#5301 = EDGE_CURVE ( 'NONE', #7377, #8479, #7949, .T. ) ;
#5302 = ORIENTED_EDGE ( 'NONE', *, *, #2625, .F. ) ;
#5303 = CARTESIAN_POINT ( 'NONE',  ( 0.1250000000000005551, 0.2000000000000000111, 1.725000000000000311 ) ) ;
#5304 = ORIENTED_EDGE ( 'NONE', *, *, #3178, .F. ) ;
#5305 = CARTESIAN_POINT ( 'NONE',  ( 1.999999999999999556, 0.1999999999999999833, -0.1249999999999994588 ) ) ;
#5306 = VERTEX_POINT ( 'NONE', #2618 ) ;
#5307 = AXIS2_PLACEMENT_3D ( 'NONE', #6356, #3727, #4888 ) ;
#5308 = DIRECTION ( 'NONE',  ( -0.000000000000000000, -0.000000000000000000, 1.000000000000000000 ) ) ;
#5309 = LINE ( 'NONE', #7941, #4452 ) ;
#5310 = CARTESIAN_POINT ( 'NONE',  ( -1.999999999999999556, 0.8000000000000003775, -1.999999999999999556 ) ) ;
#5311 = VERTEX_POINT ( 'NONE', #8551 ) ;
#5312 = LINE ( 'NONE', #7945, #1951 ) ;
#5313 = EDGE_CURVE ( 'NONE', #5660, #5735, #7307, .T. ) ;
#5314 = EDGE_CURVE ( 'NONE', #7043, #1509, #4099, .T. ) ;
#5315 = DIRECTION ( 'NONE',  ( 1.000000000000000000, 0.000000000000000000, -7.885106708985496922E-16 ) ) ;
#5316 = ORIENTED_EDGE ( 'NONE', *, *, #4986, .T. ) ;
#5317 = AXIS2_PLACEMENT_3D ( 'NONE', #2911, #244, #4962 ) ;
#5318 = PLANE ( 'NONE',  #5353 ) ;
#5319 = EDGE_LOOP ( 'NONE', ( #7088, #2557, #1914, #2151 ) ) ;
#5320 = VERTEX_POINT ( 'NONE', #5474 ) ;
#5321 =( LENGTH_UNIT ( ) NAMED_UNIT ( * ) SI_UNIT ( .MILLI., .METRE. ) );
#5322 = VECTOR ( 'NONE', #5182, 1000.000000000000000 ) ;
#5323 = ADVANCED_FACE ( 'NONE', ( #6161 ), #7515, .T. ) ;
#5324 = SURFACE_STYLE_USAGE ( .BOTH. , #2782 ) ;
#5325 = LINE ( 'NONE', #4667, #7281 ) ;
#5326 = VERTEX_POINT ( 'NONE', #4220 ) ;
#5327 = ORIENTED_EDGE ( 'NONE', *, *, #219, .T. ) ;
#5328 = EDGE_CURVE ( 'NONE', #7367, #681, #185, .T. ) ;
#5329 = LINE ( 'NONE', #1391, #8157 ) ;
#5330 = DIRECTION ( 'NONE',  ( -0.000000000000000000, -1.000000000000000000, -0.000000000000000000 ) ) ;
#5331 = CARTESIAN_POINT ( 'NONE',  ( -0.7499999999999995559, 0.000000000000000000, -1.725000000000000089 ) ) ;
#5332 = CARTESIAN_POINT ( 'NONE',  ( 0.1250000000000005551, 0.04999999999999969746, -2.000000000000000000 ) ) ;
#5333 = DIRECTION ( 'NONE',  ( 0.000000000000000000, -0.000000000000000000, 1.000000000000000000 ) ) ;
#5334 = EDGE_LOOP ( 'NONE', ( #4092, #4822, #7915, #7330 ) ) ;
#5335 = VECTOR ( 'NONE', #1155, 1000.000000000000000 ) ;
#5336 = FACE_OUTER_BOUND ( 'NONE', #3264, .T. ) ;
#5337 = EDGE_CURVE ( 'NONE', #1065, #231, #7425, .T. ) ;
#5338 = FACE_OUTER_BOUND ( 'NONE', #6823, .T. ) ;
#5339 = ORIENTED_EDGE ( 'NONE', *, *, #8408, .T. ) ;
#5340 = CARTESIAN_POINT ( 'NONE',  ( -0.8749999999999994449, 0.04999999999999999584, 1.725000000000000311 ) ) ;
#5341 = DIRECTION ( 'NONE',  ( 0.000000000000000000, 1.000000000000000000, -0.000000000000000000 ) ) ;
#5342 = ORIENTED_EDGE ( 'NONE', *, *, #5517, .F. ) ;
#5343 = VECTOR ( 'NONE', #6042, 1000.000000000000000 ) ;
#5344 = CARTESIAN_POINT ( 'NONE',  ( -0.8749999999999994449, 0.1999999999999999833, 1.725000000000000311 ) ) ;
#5345 = VERTEX_POINT ( 'NONE', #4821 ) ;
#5346 = CARTESIAN_POINT ( 'NONE',  ( 1.125000000000000666, 0.1999999999999999833, 1.725000000000000311 ) ) ;
#5347 = EDGE_CURVE ( 'NONE', #7948, #281, #4177, .T. ) ;
#5348 = ORIENTED_EDGE ( 'NONE', *, *, #1441, .T. ) ;
#5349 = DIRECTION ( 'NONE',  ( 0.000000000000000000, 1.000000000000000000, 0.000000000000000000 ) ) ;
#5350 = CYLINDRICAL_SURFACE ( 'NONE', #5005, 0.1250000000000002220 ) ;
#5351 = EDGE_CURVE ( 'NONE', #4753, #2663, #4736, .T. ) ;
#5352 = DIRECTION ( 'NONE',  ( -0.000000000000000000, -1.000000000000000000, -0.000000000000000000 ) ) ;
#5353 = AXIS2_PLACEMENT_3D ( 'NONE', #7902, #1913, #4624 ) ;
#5354 = EDGE_LOOP ( 'NONE', ( #180, #3468, #3244, #4823 ) ) ;
#5355 = CARTESIAN_POINT ( 'NONE',  ( -1.724999999999999867, 0.6716990566028301357, 0.6250000000000001110 ) ) ;
#5356 = CARTESIAN_POINT ( 'NONE',  ( 1.999999999999999556, 0.6716990566028301357, -0.6249999999999994449 ) ) ;
#5357 = ORIENTED_EDGE ( 'NONE', *, *, #1435, .F. ) ;
#5358 = LINE ( 'NONE', #2570, #3543 ) ;
#5359 = ORIENTED_EDGE ( 'NONE', *, *, #1871, .T. ) ;
#5360 = CIRCLE ( 'NONE', #193, 0.1250000000000002220 ) ;
#5361 = ORIENTED_EDGE ( 'NONE', *, *, #3731, .T. ) ;
#5362 = EDGE_CURVE ( 'NONE', #975, #4879, #6730, .T. ) ;
#5363 = PRESENTATION_STYLE_ASSIGNMENT (( #1964 ) ) ;
#5364 = VECTOR ( 'NONE', #3990, 1000.000000000000000 ) ;
#5365 = CARTESIAN_POINT ( 'NONE',  ( 1.375000000000000444, 0.6716990566028298026, -2.000000000000000000 ) ) ;
#5366 = ORIENTED_EDGE ( 'NONE', *, *, #2419, .T. ) ;
#5367 = AXIS2_PLACEMENT_3D ( 'NONE', #5887, #5847, #8525 ) ;
#5368 = ORIENTED_EDGE ( 'NONE', *, *, #2261, .F. ) ;
#5369 = EDGE_CURVE ( 'NONE', #6134, #3141, #2164, .T. ) ;
#5370 = AXIS2_PLACEMENT_3D ( 'NONE', #6426, #2340, #7167 ) ;
#5371 = LINE ( 'NONE', #8296, #3217 ) ;
#5372 = AXIS2_PLACEMENT_3D ( 'NONE', #3035, #1072, #5128 ) ;
#5373 = AXIS2_PLACEMENT_3D ( 'NONE', #5850, #7113, #5249 ) ;
#5374 = CARTESIAN_POINT ( 'NONE',  ( 1.724999999999999867, 0.6716990566028301357, 0.3750000000000003331 ) ) ;
#5375 = ORIENTED_EDGE ( 'NONE', *, *, #7323, .F. ) ;
#5376 = PLANE ( 'NONE',  #550 ) ;
#5377 = DIRECTION ( 'NONE',  ( 0.000000000000000000, -1.000000000000000000, 0.000000000000000000 ) ) ;
#5378 = STYLED_ITEM ( 'NONE', ( #1739 ), #669 ) ;
#5379 = CARTESIAN_POINT ( 'NONE',  ( -1.692307692307692069, 0.6999999999999999556, -1.692307692307692513 ) ) ;
#5380 = EDGE_CURVE ( 'NONE', #3117, #2031, #66, .T. ) ;
#5381 = DIRECTION ( 'NONE',  ( -0.000000000000000000, 1.000000000000000000, -0.000000000000000000 ) ) ;
#5382 = DIRECTION ( 'NONE',  ( -1.000000000000000000, 0.000000000000000000, 7.885106708985496922E-16 ) ) ;
#5383 = ORIENTED_EDGE ( 'NONE', *, *, #1027, .F. ) ;
#5384 = CARTESIAN_POINT ( 'NONE',  ( -0.6249999999999996669, 0.2000000000000000111, -2.000000000000000000 ) ) ;
#5385 = VERTEX_POINT ( 'NONE', #3475 ) ;
#5386 = CARTESIAN_POINT ( 'NONE',  ( 1.724999999999999867, 0.05000000000000002359, -1.375000000000000000 ) ) ;
#5387 = FILL_AREA_STYLE ('',( #229 ) ) ;
#5388 = CARTESIAN_POINT ( 'NONE',  ( -1.124999999999999778, 0.05000000000000000278, 0.000000000000000000 ) ) ;
#5389 = ORIENTED_EDGE ( 'NONE', *, *, #2409, .T. ) ;
#5390 = CARTESIAN_POINT ( 'NONE',  ( -0.2499999999999995837, 0.2000000000000000111, 1.725000000000000089 ) ) ;
#5391 = EDGE_CURVE ( 'NONE', #2634, #2531, #1593, .T. ) ;
#5392 = PLANE ( 'NONE',  #5605 ) ;
#5393 = EDGE_LOOP ( 'NONE', ( #1046, #5011, #5361, #1573 ) ) ;
#5394 = CARTESIAN_POINT ( 'NONE',  ( -1.692307692307692069, 0.6999999999999999556, -1.558974358974359209 ) ) ;
#5395 = EDGE_LOOP ( 'NONE', ( #6630, #2, #3572, #5266 ) ) ;
#5396 = EDGE_CURVE ( 'NONE', #6792, #2088, #6863, .T. ) ;
#5397 = VERTEX_POINT ( 'NONE', #8144 ) ;
#5398 = DIRECTION ( 'NONE',  ( 0.000000000000000000, -0.000000000000000000, 1.000000000000000000 ) ) ;
#5399 = EDGE_CURVE ( 'NONE', #2941, #7516, #3568, .T. ) ;
#5400 = DIRECTION ( 'NONE',  ( -0.000000000000000000, -1.000000000000000000, -0.000000000000000000 ) ) ;
#5401 = ORIENTED_EDGE ( 'NONE', *, *, #752, .F. ) ;
#5402 = EDGE_CURVE ( 'NONE', #6574, #7948, #2708, .T. ) ;
#5403 = ORIENTED_EDGE ( 'NONE', *, *, #7680, .T. ) ;
#5404 = VECTOR ( 'NONE', #3023, 1000.000000000000000 ) ;
#5405 = CARTESIAN_POINT ( 'NONE',  ( 1.375000000000000444, 0.1999999999999999833, -2.000000000000000000 ) ) ;
#5406 = ORIENTED_EDGE ( 'NONE', *, *, #7594, .T. ) ;
#5407 = SURFACE_STYLE_USAGE ( .BOTH. , #2792 ) ;
#5408 = CARTESIAN_POINT ( 'NONE',  ( 1.724999999999999867, 0.1999999999999999833, 0.1249999999999998890 ) ) ;
#5409 = AXIS2_PLACEMENT_3D ( 'NONE', #2321, #3779, #4292 ) ;
#5410 = ADVANCED_FACE ( 'NONE', ( #6118 ), #7387, .F. ) ;
#5411 = ADVANCED_FACE ( 'NONE', ( #6032 ), #2776, .F. ) ;
#5412 = VECTOR ( 'NONE', #3853, 1000.000000000000000 ) ;
#5413 =( LENGTH_UNIT ( ) NAMED_UNIT ( * ) SI_UNIT ( .MILLI., .METRE. ) );
#5414 = DIRECTION ( 'NONE',  ( 0.000000000000000000, -1.000000000000000000, 0.000000000000000000 ) ) ;
#5415 = ORIENTED_EDGE ( 'NONE', *, *, #1071, .T. ) ;
#5416 = VECTOR ( 'NONE', #1623, 1000.000000000000000 ) ;
#5417 = DIRECTION ( 'NONE',  ( -0.000000000000000000, -1.000000000000000000, -0.000000000000000000 ) ) ;
#5418 = CARTESIAN_POINT ( 'NONE',  ( -0.7499999999999995559, 0.2000000000000000111, -1.725000000000000089 ) ) ;
#5419 = VECTOR ( 'NONE', #7168, 1000.000000000000000 ) ;
#5420 = LINE ( 'NONE', #4721, #5569 ) ;
#5421 = EDGE_CURVE ( 'NONE', #3842, #4582, #3830, .T. ) ;
#5422 = CARTESIAN_POINT ( 'NONE',  ( -1.724999999999999867, 0.1999999999999999833, -0.2499999999999997780 ) ) ;
#5423 = DIRECTION ( 'NONE',  ( -0.000000000000000000, -1.000000000000000000, -0.000000000000000000 ) ) ;
#5424 = ORIENTED_EDGE ( 'NONE', *, *, #645, .T. ) ;
#5425 = DIRECTION ( 'NONE',  ( 0.000000000000000000, -1.000000000000000000, 0.000000000000000000 ) ) ;
#5426 = ORIENTED_EDGE ( 'NONE', *, *, #3919, .F. ) ;
#5427 = CARTESIAN_POINT ( 'NONE',  ( -1.999999999999999556, 0.000000000000000000, -0.6249999999999994449 ) ) ;
#5428 = FACE_OUTER_BOUND ( 'NONE', #8449, .T. ) ;
#5429 = DIRECTION ( 'NONE',  ( -0.000000000000000000, -1.000000000000000000, -0.000000000000000000 ) ) ;
#5430 = VECTOR ( 'NONE', #8492, 1000.000000000000000 ) ;
#5431 = VERTEX_POINT ( 'NONE', #2252 ) ;
#5432 = CARTESIAN_POINT ( 'NONE',  ( 1.999999999999999556, 0.04999999999999969746, 0.6250000000000001110 ) ) ;
#5433 = DIRECTION ( 'NONE',  ( 0.000000000000000000, 1.000000000000000000, -0.000000000000000000 ) ) ;
#5434 = ORIENTED_EDGE ( 'NONE', *, *, #6525, .T. ) ;
#5435 = DIRECTION ( 'NONE',  ( 0.000000000000000000, 0.000000000000000000, 1.000000000000000000 ) ) ;
#5436 = ORIENTED_EDGE ( 'NONE', *, *, #7092, .T. ) ;
#5437 = VECTOR ( 'NONE', #5927, 1000.000000000000000 ) ;
#5438 = ORIENTED_EDGE ( 'NONE', *, *, #2411, .F. ) ;
#5439 = LINE ( 'NONE', #4825, #3154 ) ;
#5440 = ADVANCED_FACE ( 'NONE', ( #723 ), #1422, .T. ) ;
#5441 = CIRCLE ( 'NONE', #6121, 0.1249999999999998890 ) ;
#5442 = SURFACE_SIDE_STYLE ('',( #808 ) ) ;
#5443 = DIRECTION ( 'NONE',  ( 0.000000000000000000, 0.000000000000000000, 1.000000000000000000 ) ) ;
#5444 = VERTEX_POINT ( 'NONE', #5728 ) ;
#5445 = PRODUCT ( 'CP2102N-A01-GQFN24R', 'CP2102N-A01-GQFN24R', '', ( #5659 ) ) ;
#5446 = CARTESIAN_POINT ( 'NONE',  ( 1.250000000000000444, 0.04999999999999999584, 1.600000000000000311 ) ) ;
#5447 = PRESENTATION_LAYER_ASSIGNMENT (  '', '', ( #6 ) ) ;
#5448 = ORIENTED_EDGE ( 'NONE', *, *, #3689, .T. ) ;
#5449 = CARTESIAN_POINT ( 'NONE',  ( 1.999999999999999556, 0.04999999999999969746, 0.1250000000000001110 ) ) ;
#5450 = ADVANCED_FACE ( 'NONE', ( #7682 ), #3033, .T. ) ;
#5451 = EDGE_LOOP ( 'NONE', ( #6242, #3097, #6654, #8494 ) ) ;
#5452 = CARTESIAN_POINT ( 'NONE',  ( -0.3749999999999994449, 0.1999999999999999833, 1.725000000000000311 ) ) ;
#5453 = DIRECTION ( 'NONE',  ( -1.000000000000000000, 0.000000000000000000, -1.770125995894700463E-16 ) ) ;
#5454 = VERTEX_POINT ( 'NONE', #2384 ) ;
#5455 = EDGE_CURVE ( 'NONE', #4900, #8474, #1723, .T. ) ;
#5456 = ADVANCED_FACE ( 'NONE', ( #2946 ), #2291, .F. ) ;
#5457 = CYLINDRICAL_SURFACE ( 'NONE', #814, 0.1249999999999998890 ) ;
#5458 = FACE_OUTER_BOUND ( 'NONE', #8532, .T. ) ;
#5459 = DIRECTION ( 'NONE',  ( 0.000000000000000000, -1.000000000000000000, 0.000000000000000000 ) ) ;
#5460 = CARTESIAN_POINT ( 'NONE',  ( 1.125000000000000888, 0.2000000000000000944, -1.225000000000000311 ) ) ;
#5461 = DIRECTION ( 'NONE',  ( 0.000000000000000000, 0.000000000000000000, -1.000000000000000000 ) ) ;
#5462 = ORIENTED_EDGE ( 'NONE', *, *, #3623, .T. ) ;
#5463 = CARTESIAN_POINT ( 'NONE',  ( 2.000000000000000444, 0.8000000000000003775, 2.000000000000000000 ) ) ;
#5464 = VERTEX_POINT ( 'NONE', #4396 ) ;
#5465 = CARTESIAN_POINT ( 'NONE',  ( 1.375000000000000444, 0.6716990566028298026, 2.000000000000000000 ) ) ;
#5466 = ADVANCED_FACE ( 'NONE', ( #5126 ), #7033, .T. ) ;
#5467 = DIRECTION ( 'NONE',  ( 0.000000000000000000, -0.000000000000000000, 1.000000000000000000 ) ) ;
#5468 = DIRECTION ( 'NONE',  ( 0.000000000000000000, -1.000000000000000000, 0.000000000000000000 ) ) ;
#5469 = VERTEX_POINT ( 'NONE', #7724 ) ;
#5470 = CARTESIAN_POINT ( 'NONE',  ( -1.999999999999999556, 0.05000000000000000278, 2.000000000000000444 ) ) ;
#5471 = VECTOR ( 'NONE', #7454, 1000.000000000000000 ) ;
#5472 = CARTESIAN_POINT ( 'NONE',  ( 1.125000000000000666, 0.1999999999999999833, -2.000000000000000000 ) ) ;
#5473 = VERTEX_POINT ( 'NONE', #5686 ) ;
#5474 = CARTESIAN_POINT ( 'NONE',  ( 1.225000000000000755, 0.000000000000000000, -1.125000000000000444 ) ) ;
#5475 = ORIENTED_EDGE ( 'NONE', *, *, #1505, .F. ) ;
#5476 =( NAMED_UNIT ( * ) PLANE_ANGLE_UNIT ( ) SI_UNIT ( $, .RADIAN. ) );
#5477 = AXIS2_PLACEMENT_3D ( 'NONE', #2259, #1513, #4186 ) ;
#5478 = ORIENTED_EDGE ( 'NONE', *, *, #7317, .F. ) ;
#5479 = ORIENTED_EDGE ( 'NONE', *, *, #2467, .T. ) ;
#5480 = CARTESIAN_POINT ( 'NONE',  ( 0.3750000000000003331, 0.04999999999999999584, 1.725000000000000311 ) ) ;
#5481 = PLANE ( 'NONE',  #3796 ) ;
#5482 = VECTOR ( 'NONE', #4828, 1000.000000000000000 ) ;
#5483 = CARTESIAN_POINT ( 'NONE',  ( -1.724999999999999867, 0.1999999999999999833, -1.375000000000000222 ) ) ;
#5484 = ORIENTED_EDGE ( 'NONE', *, *, #23, .T. ) ;
#5485 = DIRECTION ( 'NONE',  ( 0.000000000000000000, 1.000000000000000000, 0.000000000000000000 ) ) ;
#5486 = EDGE_LOOP ( 'NONE', ( #686, #3104, #5523, #6228 ) ) ;
#5487 = DIRECTION ( 'NONE',  ( 0.000000000000000000, 0.000000000000000000, -1.000000000000000000 ) ) ;
#5488 = AXIS2_PLACEMENT_3D ( 'NONE', #7626, #8175, #4343 ) ;
#5489 = ORIENTED_EDGE ( 'NONE', *, *, #4793, .T. ) ;
#5490 = FILL_AREA_STYLE_COLOUR ( '', #7362 ) ;
#5491 = EDGE_CURVE ( 'NONE', #1759, #6642, #5360, .T. ) ;
#5492 = ORIENTED_EDGE ( 'NONE', *, *, #3313, .F. ) ;
#5493 = VECTOR ( 'NONE', #3945, 1000.000000000000000 ) ;
#5494 = DIRECTION ( 'NONE',  ( 0.000000000000000000, 0.000000000000000000, 1.000000000000000000 ) ) ;
#5495 = EDGE_CURVE ( 'NONE', #6733, #339, #1069, .T. ) ;
#5496 = DIRECTION ( 'NONE',  ( 0.000000000000000000, -1.000000000000000000, 0.000000000000000000 ) ) ;
#5497 = AXIS2_PLACEMENT_3D ( 'NONE', #2477, #5131, #504 ) ;
#5498 = ORIENTED_EDGE ( 'NONE', *, *, #852, .F. ) ;
#5499 = CARTESIAN_POINT ( 'NONE',  ( 1.999999999999999556, 0.6716990566028301357, -0.1249999999999994588 ) ) ;
#5500 = FACE_OUTER_BOUND ( 'NONE', #114, .T. ) ;
#5501 = CARTESIAN_POINT ( 'NONE',  ( 2.000000000000000444, 0.05000000000000000278, 2.000000000000000000 ) ) ;
#5502 = EDGE_CURVE ( 'NONE', #501, #4717, #4955, .T. ) ;
#5503 = DIRECTION ( 'NONE',  ( 1.000000000000000000, -0.000000000000000000, 0.000000000000000000 ) ) ;
#5504 = FACE_OUTER_BOUND ( 'NONE', #2053, .T. ) ;
#5505 = ADVANCED_FACE ( 'NONE', ( #1681 ), #3122, .F. ) ;
#5506 = ORIENTED_EDGE ( 'NONE', *, *, #1842, .T. ) ;
#5507 = LINE ( 'NONE', #7503, #6777 ) ;
#5508 = VECTOR ( 'NONE', #7336, 1000.000000000000000 ) ;
#5509 = VERTEX_POINT ( 'NONE', #980 ) ;
#5510 = DIRECTION ( 'NONE',  ( 1.000000000000000000, 0.000000000000000000, -7.885106708985496922E-16 ) ) ;
#5511 = STYLED_ITEM ( 'NONE', ( #7050 ), #688 ) ;
#5512 = CARTESIAN_POINT ( 'NONE',  ( 0.6250000000000005551, 0.1999999999999999833, -1.725000000000000311 ) ) ;
#5513 = ORIENTED_EDGE ( 'NONE', *, *, #23, .F. ) ;
#5514 = DIRECTION ( 'NONE',  ( -0.000000000000000000, 0.000000000000000000, 1.000000000000000000 ) ) ;
#5515 = DIRECTION ( 'NONE',  ( -0.000000000000000000, -1.000000000000000000, -0.000000000000000000 ) ) ;
#5516 = ORIENTED_EDGE ( 'NONE', *, *, #2352, .F. ) ;
#5517 = EDGE_CURVE ( 'NONE', #1671, #7777, #3610, .T. ) ;
#5518 = DIRECTION ( 'NONE',  ( 0.000000000000000000, 0.000000000000000000, -1.000000000000000000 ) ) ;
#5519 = ADVANCED_FACE ( 'NONE', ( #6378 ), #6424, .F. ) ;
#5520 = ORIENTED_EDGE ( 'NONE', *, *, #7117, .F. ) ;
#5521 = DIRECTION ( 'NONE',  ( 0.000000000000000000, 0.000000000000000000, -1.000000000000000000 ) ) ;
#5522 = ORIENTED_EDGE ( 'NONE', *, *, #3099, .T. ) ;
#5523 = ORIENTED_EDGE ( 'NONE', *, *, #8510, .F. ) ;
#5524 = CARTESIAN_POINT ( 'NONE',  ( -1.724999999999999867, 0.1999999999999999833, 0.7500000000000002220 ) ) ;
#5525 = ADVANCED_FACE ( 'NONE', ( #320 ), #4356, .F. ) ;
#5526 = LINE ( 'NONE', #6950, #6268 ) ;
#5527 = LINE ( 'NONE', #4278, #5072 ) ;
#5528 = ORIENTED_EDGE ( 'NONE', *, *, #1937, .F. ) ;
#5529 = DIRECTION ( 'NONE',  ( 0.000000000000000000, 0.000000000000000000, 1.000000000000000000 ) ) ;
#5530 = ORIENTED_EDGE ( 'NONE', *, *, #4297, .T. ) ;
#5531 = CARTESIAN_POINT ( 'NONE',  ( -1.124999999999999778, 0.000000000000000000, 2.000000000000000000 ) ) ;
#5532 = ORIENTED_EDGE ( 'NONE', *, *, #4670, .T. ) ;
#5533 = CARTESIAN_POINT ( 'NONE',  ( 1.724999999999999867, 0.000000000000000000, 0.6249999999999998890 ) ) ;
#5534 = DIRECTION ( 'NONE',  ( 0.000000000000000000, 1.000000000000000000, 0.000000000000000000 ) ) ;
#5535 = CIRCLE ( 'NONE', #386, 0.1250000000000002220 ) ;
#5536 = VERTEX_POINT ( 'NONE', #6898 ) ;
#5537 = DIRECTION ( 'NONE',  ( -1.000000000000000000, 0.000000000000000000, -0.000000000000000000 ) ) ;
#5538 = CARTESIAN_POINT ( 'NONE',  ( -1.249999999999999556, 0.1999999999999999833, -1.725000000000000089 ) ) ;
#5539 = CARTESIAN_POINT ( 'NONE',  ( 1.724999999999999867, 0.1999999999999999833, 0.3750000000000003331 ) ) ;
#5540 = EDGE_CURVE ( 'NONE', #5810, #5603, #3696, .T. ) ;
#5541 = VECTOR ( 'NONE', #3589, 1000.000000000000000 ) ;
#5542 = LINE ( 'NONE', #3978, #1018 ) ;
#5543 = DIRECTION ( 'NONE',  ( 0.000000000000000000, -1.000000000000000000, 0.000000000000000000 ) ) ;
#5544 = ORIENTED_EDGE ( 'NONE', *, *, #7466, .T. ) ;
#5545 = CARTESIAN_POINT ( 'NONE',  ( -1.724999999999999867, 0.6716990566028301357, 1.250000000000000222 ) ) ;
#5546 = VECTOR ( 'NONE', #8573, 1000.000000000000000 ) ;
#5547 = ORIENTED_EDGE ( 'NONE', *, *, #6754, .F. ) ;
#5548 = VECTOR ( 'NONE', #2732, 1000.000000000000000 ) ;
#5549 = CYLINDRICAL_SURFACE ( 'NONE', #8542, 0.1249999999999998890 ) ;
#5550 = ADVANCED_FACE ( 'NONE', ( #2474 ), #6249, .T. ) ;
#5551 = PLANE ( 'NONE',  #3474 ) ;
#5552 = DIRECTION ( 'NONE',  ( -0.000000000000000000, -0.000000000000000000, -1.000000000000000000 ) ) ;
#5553 = ORIENTED_EDGE ( 'NONE', *, *, #7879, .F. ) ;
#5554 = DIRECTION ( 'NONE',  ( -1.000000000000000000, 0.000000000000000000, 0.000000000000000000 ) ) ;
#5555 = EDGE_CURVE ( 'NONE', #8465, #1032, #4306, .T. ) ;
#5556 = AXIS2_PLACEMENT_3D ( 'NONE', #775, #3449, #6089 ) ;
#5557 = CARTESIAN_POINT ( 'NONE',  ( -1.249999999999999556, 0.04999999999999999584, 1.725000000000000089 ) ) ;
#5558 = ORIENTED_EDGE ( 'NONE', *, *, #3922, .F. ) ;
#5559 = CIRCLE ( 'NONE', #2781, 0.1249999999999998890 ) ;
#5560 = CARTESIAN_POINT ( 'NONE',  ( -1.999999999999999556, 7.256854249492380227, 2.000000000000000444 ) ) ;
#5561 = EDGE_LOOP ( 'NONE', ( #7399, #5547, #3260, #3502 ) ) ;
#5562 = VECTOR ( 'NONE', #366, 1000.000000000000000 ) ;
#5563 = ORIENTED_EDGE ( 'NONE', *, *, #3996, .T. ) ;
#5564 = EDGE_LOOP ( 'NONE', ( #3228, #1497, #3412, #5479 ) ) ;
#5565 = DIRECTION ( 'NONE',  ( 7.885106708985496922E-16, 0.000000000000000000, -1.000000000000000000 ) ) ;
#5566 =( GEOMETRIC_REPRESENTATION_CONTEXT ( 3 ) GLOBAL_UNCERTAINTY_ASSIGNED_CONTEXT ( ( #3058 ) ) GLOBAL_UNIT_ASSIGNED_CONTEXT ( ( #2014, #817, #36 ) ) REPRESENTATION_CONTEXT ( 'NONE', 'WORKASPACE' ) );
#5567 = ADVANCED_FACE ( 'NONE', ( #6337 ), #7934, .F. ) ;
#5568 = LINE ( 'NONE', #3667, #8198 ) ;
#5569 = VECTOR ( 'NONE', #4757, 1000.000000000000000 ) ;
#5570 = CARTESIAN_POINT ( 'NONE',  ( -1.724999999999999867, 0.6716990566028301357, 0.8750000000000003331 ) ) ;
#5571 = EDGE_LOOP ( 'NONE', ( #6859, #2426, #1989, #909, #1295, #5082, #7518, #640, #1180, #5849, #1372, #2335, #6906, #6388, #7054, #7389, #7575, #5985, #7874, #7293, #1123, #6488, #1627, #1362, #4410, #5873, #4702, #6566 ) ) ;
#5572 = DIRECTION ( 'NONE',  ( 0.000000000000000000, 0.000000000000000000, -1.000000000000000000 ) ) ;
#5573 = EDGE_LOOP ( 'NONE', ( #7610, #6483, #4662, #4235 ) ) ;
#5574 = CARTESIAN_POINT ( 'NONE',  ( 1.724999999999999867, 0.1999999999999999833, -0.7499999999999997780 ) ) ;
#5575 = AXIS2_PLACEMENT_3D ( 'NONE', #1173, #3849, #4580 ) ;
#5576 = EDGE_CURVE ( 'NONE', #3653, #3348, #7807, .T. ) ;
#5577 = VERTEX_POINT ( 'NONE', #1856 ) ;
#5578 = DIRECTION ( 'NONE',  ( -5.310377987684102867E-16, 0.000000000000000000, 1.000000000000000000 ) ) ;
#5579 = PLANE ( 'NONE',  #4192 ) ;
#5580 = ORIENTED_EDGE ( 'NONE', *, *, #7200, .F. ) ;
#5581 = CIRCLE ( 'NONE', #6690, 0.1249999999999998890 ) ;
#5582 = DIRECTION ( 'NONE',  ( 0.000000000000000000, -1.000000000000000000, 0.000000000000000000 ) ) ;
#5583 = CARTESIAN_POINT ( 'NONE',  ( 1.225000000000000755, 0.05000000000000012768, -1.125000000000000444 ) ) ;
#5584 = VERTEX_POINT ( 'NONE', #7202 ) ;
#5585 = DIRECTION ( 'NONE',  ( 0.000000000000000000, -1.000000000000000000, 0.000000000000000000 ) ) ;
#5586 = CARTESIAN_POINT ( 'NONE',  ( -1.724999999999999867, 0.05000000000000002359, 0.7500000000000002220 ) ) ;
#5587 = AXIS2_PLACEMENT_3D ( 'NONE', #1731, #1773, #5007 ) ;
#5588 = DIRECTION ( 'NONE',  ( 0.000000000000000000, 1.000000000000000000, 0.000000000000000000 ) ) ;
#5589 = DIRECTION ( 'NONE',  ( 0.000000000000000000, 0.000000000000000000, -1.000000000000000000 ) ) ;
#5590 = PLANE ( 'NONE',  #5818 ) ;
#5591 = ORIENTED_EDGE ( 'NONE', *, *, #572, .F. ) ;
#5592 = DIRECTION ( 'NONE',  ( 0.000000000000000000, 1.000000000000000000, 0.000000000000000000 ) ) ;
#5593 = CARTESIAN_POINT ( 'NONE',  ( -1.692307692307692069, 0.6999999999999999556, -1.692307692307692513 ) ) ;
#5594 = CARTESIAN_POINT ( 'NONE',  ( 0.1250000000000005551, 0.1999999999999999833, -1.725000000000000311 ) ) ;
#5595 = ORIENTED_EDGE ( 'NONE', *, *, #4996, .F. ) ;
#5596 = DIRECTION ( 'NONE',  ( -1.000000000000000000, 0.000000000000000000, -7.885106708985496922E-16 ) ) ;
#5597 = DIRECTION ( 'NONE',  ( 0.000000000000000000, 0.000000000000000000, -1.000000000000000000 ) ) ;
#5598 = EDGE_LOOP ( 'NONE', ( #7337, #3391, #8147, #4031 ) ) ;
#5599 = CARTESIAN_POINT ( 'NONE',  ( 1.375000000000000444, 0.000000000000000000, 2.000000000000000000 ) ) ;
#5600 = ORIENTED_EDGE ( 'NONE', *, *, #5517, .T. ) ;
#5601 = EDGE_CURVE ( 'NONE', #8136, #6289, #5256, .T. ) ;
#5602 = ORIENTED_EDGE ( 'NONE', *, *, #906, .T. ) ;
#5603 = VERTEX_POINT ( 'NONE', #5814 ) ;
#5604 = DIRECTION ( 'NONE',  ( 0.000000000000000000, 0.000000000000000000, -1.000000000000000000 ) ) ;
#5605 = AXIS2_PLACEMENT_3D ( 'NONE', #8022, #7467, #7343 ) ;
#5606 = DIRECTION ( 'NONE',  ( 0.000000000000000000, -0.000000000000000000, 1.000000000000000000 ) ) ;
#5607 = FACE_OUTER_BOUND ( 'NONE', #2210, .T. ) ;
#5608 = CARTESIAN_POINT ( 'NONE',  ( 1.724999999999999867, 0.000000000000000000, 1.250000000000000222 ) ) ;
#5609 = ADVANCED_FACE ( 'NONE', ( #3956 ), #3873, .T. ) ;
#5610 = VERTEX_POINT ( 'NONE', #6592 ) ;
#5611 = VECTOR ( 'NONE', #3577, 1000.000000000000000 ) ;
#5612 = EDGE_CURVE ( 'NONE', #786, #2660, #2559, .T. ) ;
#5613 = CARTESIAN_POINT ( 'NONE',  ( 1.724999999999999867, 0.6716990566028301357, -0.3749999999999998890 ) ) ;
#5614 = EDGE_CURVE ( 'NONE', #6202, #4669, #3837, .T. ) ;
#5615 = ORIENTED_EDGE ( 'NONE', *, *, #5347, .F. ) ;
#5616 = ORIENTED_EDGE ( 'NONE', *, *, #4205, .T. ) ;
#5617 = DIRECTION ( 'NONE',  ( -1.000000000000000000, 0.000000000000000000, 7.885106708985496922E-16 ) ) ;
#5618 = AXIS2_PLACEMENT_3D ( 'NONE', #5910, #6646, #7264 ) ;
#5619 = DIRECTION ( 'NONE',  ( 0.000000000000000000, 1.000000000000000000, 0.000000000000000000 ) ) ;
#5620 = ORIENTED_EDGE ( 'NONE', *, *, #1972, .T. ) ;
#5621 = CARTESIAN_POINT ( 'NONE',  ( -1.249999999999999556, 0.04999999999999999584, 1.600000000000000311 ) ) ;
#5622 = CARTESIAN_POINT ( 'NONE',  ( 1.125000000000000888, 0.05000000000000012768, -1.125000000000000444 ) ) ;
#5623 = AXIS2_PLACEMENT_3D ( 'NONE', #6105, #137, #5461 ) ;
#5624 = VERTEX_POINT ( 'NONE', #4562 ) ;
#5625 = CLOSED_SHELL ( 'NONE', ( #3871, #7426, #875, #7856, #5840, #7562 ) ) ;
#5626 = LINE ( 'NONE', #3105, #8041 ) ;
#5627 = DIRECTION ( 'NONE',  ( 1.000000000000000000, -0.000000000000000000, 0.000000000000000000 ) ) ;
#5628 = DIRECTION ( 'NONE',  ( 0.000000000000000000, 0.000000000000000000, 1.000000000000000000 ) ) ;
#5629 = VECTOR ( 'NONE', #869, 1000.000000000000000 ) ;
#5630 = DIRECTION ( 'NONE',  ( 0.000000000000000000, -1.000000000000000000, 0.000000000000000000 ) ) ;
#5631 = AXIS2_PLACEMENT_3D ( 'NONE', #6990, #7644, #3750 ) ;
#5632 = CYLINDRICAL_SURFACE ( 'NONE', #106, 0.1250000000000002220 ) ;
#5633 = ORIENTED_EDGE ( 'NONE', *, *, #5362, .T. ) ;
#5634 = DIRECTION ( 'NONE',  ( 0.000000000000000000, 0.000000000000000000, -1.000000000000000000 ) ) ;
#5635 = LINE ( 'NONE', #8271, #2471 ) ;
#5636 =( GEOMETRIC_REPRESENTATION_CONTEXT ( 3 ) GLOBAL_UNCERTAINTY_ASSIGNED_CONTEXT ( ( #4110 ) ) GLOBAL_UNIT_ASSIGNED_CONTEXT ( ( #6542, #576, #3286 ) ) REPRESENTATION_CONTEXT ( 'NONE', 'WORKASPACE' ) );
#5637 = EDGE_CURVE ( 'NONE', #7341, #3682, #3130, .T. ) ;
#5638 = ORIENTED_EDGE ( 'NONE', *, *, #1982, .F. ) ;
#5639 = LINE ( 'NONE', #8273, #5290 ) ;
#5640 = DIRECTION ( 'NONE',  ( 0.000000000000000000, 1.000000000000000000, 0.000000000000000000 ) ) ;
#5641 = AXIS2_PLACEMENT_3D ( 'NONE', #7415, #6802, #4210 ) ;
#5642 = ORIENTED_EDGE ( 'NONE', *, *, #494, .F. ) ;
#5643 = CARTESIAN_POINT ( 'NONE',  ( -1.249999999999999556, 0.2000000000000000111, -1.725000000000000089 ) ) ;
#5644 = ORIENTED_EDGE ( 'NONE', *, *, #1719, .F. ) ;
#5645 = COLOUR_RGB ( '',0.7921568627450980005, 0.8196078431372548767, 0.9333333333333333481 ) ;
#5646 = VERTEX_POINT ( 'NONE', #2687 ) ;
#5647 = DIRECTION ( 'NONE',  ( 0.000000000000000000, -0.000000000000000000, -1.000000000000000000 ) ) ;
#5648 = VERTEX_POINT ( 'NONE', #584 ) ;
#5649 = DIRECTION ( 'NONE',  ( 0.000000000000000000, -1.000000000000000000, 0.000000000000000000 ) ) ;
#5650 = EDGE_CURVE ( 'NONE', #948, #8064, #3205, .T. ) ;
#5651 = CARTESIAN_POINT ( 'NONE',  ( 1.225000000000000755, 0.05000000000000000278, 1.084202172485504681E-16 ) ) ;
#5652 = PLANE ( 'NONE',  #5867 ) ;
#5653 = EDGE_CURVE ( 'NONE', #6850, #8325, #1988, .T. ) ;
#5654 = DIRECTION ( 'NONE',  ( -0.000000000000000000, 0.000000000000000000, -1.000000000000000000 ) ) ;
#5655 = ORIENTED_EDGE ( 'NONE', *, *, #6761, .T. ) ;
#5656 = ORIENTED_EDGE ( 'NONE', *, *, #6869, .T. ) ;
#5657 = ORIENTED_EDGE ( 'NONE', *, *, #771, .F. ) ;
#5658 = CARTESIAN_POINT ( 'NONE',  ( 0.3750000000000003331, 0.1999999999999999833, 1.725000000000000311 ) ) ;
#5659 = PRODUCT_CONTEXT ( 'NONE', #8103, 'mechanical' ) ;
#5660 = VERTEX_POINT ( 'NONE', #7251 ) ;
#5661 = CARTESIAN_POINT ( 'NONE',  ( 1.125000000000000666, 0.2000000000000000111, -1.725000000000000311 ) ) ;
#5662 = DIRECTION ( 'NONE',  ( 0.000000000000000000, -0.000000000000000000, -1.000000000000000000 ) ) ;
#5663 = ORIENTED_EDGE ( 'NONE', *, *, #4389, .T. ) ;
#5664 = UNCERTAINTY_MEASURE_WITH_UNIT (LENGTH_MEASURE( 1.000000000000000082E-05 ), #6989, 'distance_accuracy_value', 'NONE');
#5665 = CARTESIAN_POINT ( 'NONE',  ( 1.724999999999999867, 0.000000000000000000, 0.6250000000000001110 ) ) ;
#5666 = DIRECTION ( 'NONE',  ( 0.000000000000000000, 0.000000000000000000, -1.000000000000000000 ) ) ;
#5667 = ORIENTED_EDGE ( 'NONE', *, *, #3307, .T. ) ;
#5668 = CARTESIAN_POINT ( 'NONE',  ( -0.7499999999999995559, 0.6716990566028298026, -1.725000000000000089 ) ) ;
#5669 = DIRECTION ( 'NONE',  ( 0.000000000000000000, 1.000000000000000000, -0.000000000000000000 ) ) ;
#5670 = EDGE_CURVE ( 'NONE', #5056, #702, #626, .T. ) ;
#5671 = DIRECTION ( 'NONE',  ( -1.000000000000000000, 0.000000000000000000, -0.000000000000000000 ) ) ;
#5672 = VECTOR ( 'NONE', #6749, 1000.000000000000000 ) ;
#5673 = CARTESIAN_POINT ( 'NONE',  ( -0.1249999999999996808, 0.2000000000000000111, -2.000000000000000000 ) ) ;
#5674 = DIRECTION ( 'NONE',  ( 0.000000000000000000, 0.000000000000000000, -1.000000000000000000 ) ) ;
#5675 = VERTEX_POINT ( 'NONE', #6506 ) ;
#5676 = ADVANCED_FACE ( 'NONE', ( #5859 ), #3294, .T. ) ;
#5677 = CARTESIAN_POINT ( 'NONE',  ( 1.724999999999999867, 0.1999999999999999833, -0.8749999999999998890 ) ) ;
#5678 = LINE ( 'NONE', #3695, #1374 ) ;
#5679 = CIRCLE ( 'NONE', #1091, 0.1333333333333333870 ) ;
#5680 = ORIENTED_EDGE ( 'NONE', *, *, #1797, .T. ) ;
#5681 = EDGE_CURVE ( 'NONE', #4849, #6549, #3165, .T. ) ;
#5682 = DIRECTION ( 'NONE',  ( 0.000000000000000000, -1.000000000000000000, 0.000000000000000000 ) ) ;
#5683 = DIRECTION ( 'NONE',  ( 1.000000000000000000, 0.000000000000000000, 7.885106708985496922E-16 ) ) ;
#5684 = EDGE_LOOP ( 'NONE', ( #5383, #4727, #4831, #4665 ) ) ;
#5685 = AXIS2_PLACEMENT_3D ( 'NONE', #8129, #4116, #132 ) ;
#5686 = CARTESIAN_POINT ( 'NONE',  ( -0.1249999999999996808, 0.1999999999999999833, -2.000000000000000000 ) ) ;
#5687 = ORIENTED_EDGE ( 'NONE', *, *, #2804, .F. ) ;
#5688 = COLOUR_RGB ( '',0.7921568627450980005, 0.8196078431372548767, 0.9333333333333333481 ) ;
#5689 = EDGE_CURVE ( 'NONE', #4224, #4451, #4609, .T. ) ;
#5690 = DIRECTION ( 'NONE',  ( 0.000000000000000000, 0.000000000000000000, -1.000000000000000000 ) ) ;
#5691 = DIRECTION ( 'NONE',  ( -0.000000000000000000, -1.000000000000000000, -0.000000000000000000 ) ) ;
#5692 = CARTESIAN_POINT ( 'NONE',  ( 1.999999999999999556, 0.000000000000000000, 0.6250000000000001110 ) ) ;
#5693 = VECTOR ( 'NONE', #4371, 1000.000000000000000 ) ;
#5694 = VECTOR ( 'NONE', #8304, 1000.000000000000000 ) ;
#5695 = CARTESIAN_POINT ( 'NONE',  ( -4.928191693115923867E-16, 0.05000000000000000278, 0.6249999999999984457 ) ) ;
#5696 = VERTEX_POINT ( 'NONE', #6635 ) ;
#5697 = DIRECTION ( 'NONE',  ( -1.000000000000000000, 0.000000000000000000, 0.000000000000000000 ) ) ;
#5698 = ORIENTED_EDGE ( 'NONE', *, *, #6395, .T. ) ;
#5699 = VECTOR ( 'NONE', #891, 1000.000000000000000 ) ;
#5700 = ORIENTED_EDGE ( 'NONE', *, *, #3219, .F. ) ;
#5701 = ORIENTED_EDGE ( 'NONE', *, *, #5216, .T. ) ;
#5702 = EDGE_CURVE ( 'NONE', #6001, #3436, #666, .T. ) ;
#5703 = CARTESIAN_POINT ( 'NONE',  ( 1.724999999999999867, 0.1999999999999999833, 0.3750000000000003331 ) ) ;
#5704 = ORIENTED_EDGE ( 'NONE', *, *, #7584, .T. ) ;
#5705 = CARTESIAN_POINT ( 'NONE',  ( -0.1249999999999996808, 0.000000000000000000, 2.000000000000000000 ) ) ;
#5706 = CIRCLE ( 'NONE', #3783, 0.1249999999999998890 ) ;
#5707 = LINE ( 'NONE', #3010, #6402 ) ;
#5708 = CARTESIAN_POINT ( 'NONE',  ( 1.999999999999999556, 0.000000000000000000, 0.3750000000000005551 ) ) ;
#5709 = ORIENTED_EDGE ( 'NONE', *, *, #2409, .F. ) ;
#5710 = DIRECTION ( 'NONE',  ( -0.000000000000000000, -1.000000000000000000, -0.000000000000000000 ) ) ;
#5711 = ORIENTED_EDGE ( 'NONE', *, *, #3221, .F. ) ;
#5712 = LINE ( 'NONE', #3684, #5967 ) ;
#5713 = PLANE ( 'NONE',  #3189 ) ;
#5714 = CARTESIAN_POINT ( 'NONE',  ( -0.3749999999999994449, 0.1999999999999999833, -1.725000000000000311 ) ) ;
#5715 = AXIS2_PLACEMENT_3D ( 'NONE', #5006, #2216, #5606 ) ;
#5716 = DIRECTION ( 'NONE',  ( 0.000000000000000000, 1.000000000000000000, -0.000000000000000000 ) ) ;
#5717 = CARTESIAN_POINT ( 'NONE',  ( 0.1250000000000004996, 0.1999999999999999833, -2.000000000000000000 ) ) ;
#5718 = ORIENTED_EDGE ( 'NONE', *, *, #1694, .T. ) ;
#5719 = EDGE_CURVE ( 'NONE', #2774, #4285, #7976, .T. ) ;
#5720 = VECTOR ( 'NONE', #7774, 1000.000000000000000 ) ;
#5721 = FACE_OUTER_BOUND ( 'NONE', #7695, .T. ) ;
#5722 = LINE ( 'NONE', #2417, #6239 ) ;
#5723 = PLANE ( 'NONE',  #8383 ) ;
#5724 = ORIENTED_EDGE ( 'NONE', *, *, #1344, .F. ) ;
#5725 = FACE_OUTER_BOUND ( 'NONE', #2482, .T. ) ;
#5726 = DIRECTION ( 'NONE',  ( 0.000000000000000000, 0.000000000000000000, 1.000000000000000000 ) ) ;
#5727 = VERTEX_POINT ( 'NONE', #3833 ) ;
#5728 = CARTESIAN_POINT ( 'NONE',  ( -1.999999999999999556, 0.04999999999999969746, 0.3750000000000005551 ) ) ;
#5729 = ORIENTED_EDGE ( 'NONE', *, *, #1128, .T. ) ;
#5730 = EDGE_CURVE ( 'NONE', #1081, #1835, #8451, .T. ) ;
#5731 = DIRECTION ( 'NONE',  ( -0.000000000000000000, -1.000000000000000000, -0.000000000000000000 ) ) ;
#5732 = DIRECTION ( 'NONE',  ( 0.000000000000000000, 1.000000000000000000, 0.000000000000000000 ) ) ;
#5733 = DIRECTION ( 'NONE',  ( 0.000000000000000000, 0.000000000000000000, -1.000000000000000000 ) ) ;
#5734 = CARTESIAN_POINT ( 'NONE',  ( -0.6249999999999996669, 0.000000000000000000, -2.000000000000000000 ) ) ;
#5735 = VERTEX_POINT ( 'NONE', #1538 ) ;
#5736 = DIRECTION ( 'NONE',  ( 0.000000000000000000, -1.000000000000000000, 0.000000000000000000 ) ) ;
#5737 = ORIENTED_EDGE ( 'NONE', *, *, #7954, .T. ) ;
#5738 = ORIENTED_EDGE ( 'NONE', *, *, #5939, .F. ) ;
#5739 = VECTOR ( 'NONE', #758, 1000.000000000000000 ) ;
#5740 = ORIENTED_EDGE ( 'NONE', *, *, #3919, .T. ) ;
#5741 = CARTESIAN_POINT ( 'NONE',  ( -1.999999999999999556, 0.000000000000000000, -1.124999999999999556 ) ) ;
#5742 = EDGE_LOOP ( 'NONE', ( #334, #3630, #8517, #6434 ) ) ;
#5743 = ADVANCED_FACE ( 'NONE', ( #5504 ), #1446, .F. ) ;
#5744 = FILL_AREA_STYLE_COLOUR ( '', #2665 ) ;
#5745 = VECTOR ( 'NONE', #3082, 1000.000000000000000 ) ;
#5746 = DIRECTION ( 'NONE',  ( 0.000000000000000000, 0.000000000000000000, 1.000000000000000000 ) ) ;
#5747 = ORIENTED_EDGE ( 'NONE', *, *, #2547, .T. ) ;
#5748 = CARTESIAN_POINT ( 'NONE',  ( 0.3750000000000003331, 0.04999999999999969746, -2.000000000000000000 ) ) ;
#5749 = DIRECTION ( 'NONE',  ( 0.000000000000000000, 0.000000000000000000, 1.000000000000000000 ) ) ;
#5750 = EDGE_LOOP ( 'NONE', ( #43, #7681, #2473, #5426 ) ) ;
#5751 = AXIS2_PLACEMENT_3D ( 'NONE', #1174, #8173, #5063 ) ;
#5752 = CARTESIAN_POINT ( 'NONE',  ( 2.000000000000000444, 0.05000000000000000278, 2.000000000000000000 ) ) ;
#5753 = PLANE ( 'NONE',  #4860 ) ;
#5754 = ADVANCED_FACE ( 'NONE', ( #6800 ), #1487, .F. ) ;
#5755 = DIRECTION ( 'NONE',  ( 0.000000000000000000, 0.000000000000000000, 1.000000000000000000 ) ) ;
#5756 = EDGE_CURVE ( 'NONE', #5270, #4146, #2030, .T. ) ;
#5757 = VECTOR ( 'NONE', #6691, 1000.000000000000000 ) ;
#5758 = CARTESIAN_POINT ( 'NONE',  ( -1.999999999999999556, 0.1999999999999999833, 0.8750000000000005551 ) ) ;
#5759 = DIRECTION ( 'NONE',  ( 0.000000000000000000, 0.000000000000000000, -1.000000000000000000 ) ) ;
#5760 = ORIENTED_EDGE ( 'NONE', *, *, #6455, .T. ) ;
#5761 = FACE_OUTER_BOUND ( 'NONE', #7059, .T. ) ;
#5762 = DIRECTION ( 'NONE',  ( -0.000000000000000000, -1.000000000000000000, 0.000000000000000000 ) ) ;
#5763 = DIRECTION ( 'NONE',  ( 1.000000000000000000, 0.000000000000000000, 0.000000000000000000 ) ) ;
#5764 = AXIS2_PLACEMENT_3D ( 'NONE', #7456, #5543, #6018 ) ;
#5765 = EDGE_CURVE ( 'NONE', #5509, #1571, #6148, .T. ) ;
#5766 = ORIENTED_EDGE ( 'NONE', *, *, #1871, .F. ) ;
#5767 = PLANE ( 'NONE',  #3776 ) ;
#5768 = EDGE_CURVE ( 'NONE', #8231, #6000, #2807, .T. ) ;
#5769 = CARTESIAN_POINT ( 'NONE',  ( 1.724999999999999867, 0.000000000000000000, 1.125000000000000222 ) ) ;
#5770 = ADVANCED_FACE ( 'NONE', ( #2106 ), #8051, .F. ) ;
#5771 = ORIENTED_EDGE ( 'NONE', *, *, #6514, .T. ) ;
#5772 = DIRECTION ( 'NONE',  ( 0.000000000000000000, 0.000000000000000000, -1.000000000000000000 ) ) ;
#5773 = VERTEX_POINT ( 'NONE', #4208 ) ;
#5774 =( NAMED_UNIT ( * ) SI_UNIT ( $, .STERADIAN. ) SOLID_ANGLE_UNIT ( ) );
#5775 = VECTOR ( 'NONE', #2752, 1000.000000000000000 ) ;
#5776 = AXIS2_PLACEMENT_3D ( 'NONE', #2262, #6825, #2828 ) ;
#5777 = LINE ( 'NONE', #3876, #5090 ) ;
#5778 = DIRECTION ( 'NONE',  ( 0.000000000000000000, 0.000000000000000000, -1.000000000000000000 ) ) ;
#5779 = DIRECTION ( 'NONE',  ( 0.000000000000000000, 0.000000000000000000, 1.000000000000000000 ) ) ;
#5780 = VECTOR ( 'NONE', #8431, 1000.000000000000000 ) ;
#5781 = EDGE_CURVE ( 'NONE', #3983, #786, #4079, .T. ) ;
#5782 = EDGE_CURVE ( 'NONE', #3100, #3335, #6596, .T. ) ;
#5783 = DIRECTION ( 'NONE',  ( -0.000000000000000000, -1.000000000000000000, 0.000000000000000000 ) ) ;
#5784 = ORIENTED_EDGE ( 'NONE', *, *, #35, .F. ) ;
#5785 =( GEOMETRIC_REPRESENTATION_CONTEXT ( 3 ) GLOBAL_UNCERTAINTY_ASSIGNED_CONTEXT ( ( #3498 ) ) GLOBAL_UNIT_ASSIGNED_CONTEXT ( ( #6783, #2787, #8249 ) ) REPRESENTATION_CONTEXT ( 'NONE', 'WORKASPACE' ) );
#5786 = CARTESIAN_POINT ( 'NONE',  ( -1.249999999999999556, 0.2000000000000000111, 1.725000000000000089 ) ) ;
#5787 = ORIENTED_EDGE ( 'NONE', *, *, #3374, .F. ) ;
#5788 = ORIENTED_EDGE ( 'NONE', *, *, #5612, .T. ) ;
#5789 = ORIENTED_EDGE ( 'NONE', *, *, #4670, .F. ) ;
#5790 = EDGE_CURVE ( 'NONE', #6694, #7122, #2192, .T. ) ;
#5791 = CARTESIAN_POINT ( 'NONE',  ( 1.125000000000000666, 0.000000000000000000, 1.725000000000000311 ) ) ;
#5792 = VECTOR ( 'NONE', #6567, 1000.000000000000000 ) ;
#5793 = EDGE_CURVE ( 'NONE', #1238, #8337, #3975, .T. ) ;
#5794 = LINE ( 'NONE', #6612, #4062 ) ;
#5795 = CARTESIAN_POINT ( 'NONE',  ( -0.7499999999999995559, 0.2000000000000000111, 1.725000000000000089 ) ) ;
#5796 = VERTEX_POINT ( 'NONE', #6717 ) ;
#5797 = CARTESIAN_POINT ( 'NONE',  ( -1.724999999999999867, 0.000000000000000000, 0.6250000000000001110 ) ) ;
#5798 = CARTESIAN_POINT ( 'NONE',  ( 1.724999999999999867, 0.1999999999999999833, 1.125000000000000222 ) ) ;
#5799 = VERTEX_POINT ( 'NONE', #6675 ) ;
#5800 = LINE ( 'NONE', #7275, #405 ) ;
#5801 = DIRECTION ( 'NONE',  ( -1.000000000000000000, 0.000000000000000000, 7.885106708985496922E-16 ) ) ;
#5802 = DIRECTION ( 'NONE',  ( 0.000000000000000000, -0.000000000000000000, 1.000000000000000000 ) ) ;
#5803 = CARTESIAN_POINT ( 'NONE',  ( -1.999999999999999556, 0.1999999999999996503, -1.124999999999999778 ) ) ;
#5804 = CYLINDRICAL_SURFACE ( 'NONE', #7476, 0.1250000000000001110 ) ;
#5805 = ORIENTED_EDGE ( 'NONE', *, *, #3026, .T. ) ;
#5806 = CARTESIAN_POINT ( 'NONE',  ( 0.1250000000000005551, 0.2000000000000000111, -1.725000000000000311 ) ) ;
#5807 = CARTESIAN_POINT ( 'NONE',  ( -0.7499999999999995559, 0.6716990566028298026, 1.600000000000000311 ) ) ;
#5808 = ADVANCED_FACE ( 'NONE', ( #7501 ), #832, .F. ) ;
#5809 = DIRECTION ( 'NONE',  ( -0.000000000000000000, -0.000000000000000000, 1.000000000000000000 ) ) ;
#5810 = VERTEX_POINT ( 'NONE', #784 ) ;
#5811 = LINE ( 'NONE', #7248, #7234 ) ;
#5812 = DIRECTION ( 'NONE',  ( -0.000000000000000000, -1.000000000000000000, 0.000000000000000000 ) ) ;
#5813 = ORIENTED_EDGE ( 'NONE', *, *, #1629, .T. ) ;
#5814 = CARTESIAN_POINT ( 'NONE',  ( 1.125000000000000666, 0.000000000000000000, 1.225000000000000755 ) ) ;
#5815 = EDGE_LOOP ( 'NONE', ( #8089, #3915, #7867, #2518 ) ) ;
#5816 = DIRECTION ( 'NONE',  ( 0.000000000000000000, 0.000000000000000000, 1.000000000000000000 ) ) ;
#5817 = ADVANCED_FACE ( 'NONE', ( #2890 ), #8088, .F. ) ;
#5818 = AXIS2_PLACEMENT_3D ( 'NONE', #2374, #309, #3691 ) ;
#5819 = DIRECTION ( 'NONE',  ( 0.000000000000000000, 1.000000000000000000, 0.000000000000000000 ) ) ;
#5820 = FACE_OUTER_BOUND ( 'NONE', #2228, .T. ) ;
#5821 = EDGE_CURVE ( 'NONE', #2821, #3635, #2149, .T. ) ;
#5822 = CARTESIAN_POINT ( 'NONE',  ( -0.1249999999999996808, 0.000000000000000000, 2.000000000000000000 ) ) ;
#5823 = CARTESIAN_POINT ( 'NONE',  ( 1.724999999999999867, 0.1999999999999999833, -1.375000000000000000 ) ) ;
#5824 = ORIENTED_EDGE ( 'NONE', *, *, #135, .F. ) ;
#5825 = AXIS2_PLACEMENT_3D ( 'NONE', #6791, #5534, #6141 ) ;
#5826 = FACE_OUTER_BOUND ( 'NONE', #3377, .T. ) ;
#5827 = ORIENTED_EDGE ( 'NONE', *, *, #6984, .T. ) ;
#5828 = CIRCLE ( 'NONE', #679, 0.1250000000000001110 ) ;
#5829 = EDGE_LOOP ( 'NONE', ( #1962, #2520, #762, #7760 ) ) ;
#5830 = EDGE_CURVE ( 'NONE', #5971, #8143, #6868, .T. ) ;
#5831 = SURFACE_SIDE_STYLE ('',( #8338 ) ) ;
#5832 = VECTOR ( 'NONE', #8057, 1000.000000000000000 ) ;
#5833 = PLANE ( 'NONE',  #4341 ) ;
#5834 = VECTOR ( 'NONE', #8077, 1000.000000000000000 ) ;
#5835 = CARTESIAN_POINT ( 'NONE',  ( 1.724999999999999867, 0.1999999999999999833, -1.249999999999999778 ) ) ;
#5836 = ORIENTED_EDGE ( 'NONE', *, *, #171, .F. ) ;
#5837 = AXIS2_PLACEMENT_3D ( 'NONE', #1268, #479, #5196 ) ;
#5838 = CARTESIAN_POINT ( 'NONE',  ( 1.125000000000000666, 0.2000000000000000111, -1.725000000000000311 ) ) ;
#5839 = ORIENTED_EDGE ( 'NONE', *, *, #7219, .T. ) ;
#5840 = ADVANCED_FACE ( 'NONE', ( #3376 ), #6192, .T. ) ;
#5841 = AXIS2_PLACEMENT_3D ( 'NONE', #7637, #2421, #1154 ) ;
#5842 = CARTESIAN_POINT ( 'NONE',  ( -0.6249999999999996669, 0.1999999999999996503, 2.000000000000000444 ) ) ;
#5843 = LINE ( 'NONE', #2588, #4173 ) ;
#5844 = LINE ( 'NONE', #5885, #8184 ) ;
#5845 = ADVANCED_FACE ( 'NONE', ( #51 ), #2726, .T. ) ;
#5846 = AXIS2_PLACEMENT_3D ( 'NONE', #5379, #218, #7371 ) ;
#5847 = DIRECTION ( 'NONE',  ( 0.000000000000000000, -1.000000000000000000, 0.000000000000000000 ) ) ;
#5848 = DIRECTION ( 'NONE',  ( 0.000000000000000000, -0.000000000000000000, 1.000000000000000000 ) ) ;
#5849 = ORIENTED_EDGE ( 'NONE', *, *, #7037, .T. ) ;
#5850 = CARTESIAN_POINT ( 'NONE',  ( -1.999999999999999556, 0.6716990566028301357, -0.1249999999999994588 ) ) ;
#5851 = DIRECTION ( 'NONE',  ( 1.000000000000000000, 0.000000000000000000, 7.885106708985496922E-16 ) ) ;
#5852 = DIRECTION ( 'NONE',  ( 0.000000000000000000, -1.000000000000000000, 0.000000000000000000 ) ) ;
#5853 = AXIS2_PLACEMENT_3D ( 'NONE', #345, #3584, #5662 ) ;
#5854 = ORIENTED_EDGE ( 'NONE', *, *, #6984, .F. ) ;
#5855 = CARTESIAN_POINT ( 'NONE',  ( 0.2500000000000004441, 0.2000000000000000111, 1.725000000000000089 ) ) ;
#5856 = EDGE_CURVE ( 'NONE', #4558, #5311, #358, .T. ) ;
#5857 = DIRECTION ( 'NONE',  ( 0.000000000000000000, -1.000000000000000000, 0.000000000000000000 ) ) ;
#5858 = ORIENTED_EDGE ( 'NONE', *, *, #338, .F. ) ;
#5859 = FACE_OUTER_BOUND ( 'NONE', #2840, .T. ) ;
#5860 = ORIENTED_EDGE ( 'NONE', *, *, #2224, .F. ) ;
#5861 = CARTESIAN_POINT ( 'NONE',  ( -0.6249999999999996669, 0.6716990566028298026, 2.000000000000000000 ) ) ;
#5862 = VECTOR ( 'NONE', #1414, 1000.000000000000000 ) ;
#5863 = LINE ( 'NONE', #1906, #6738 ) ;
#5864 = DIRECTION ( 'NONE',  ( 0.000000000000000000, 0.000000000000000000, -1.000000000000000000 ) ) ;
#5865 = CARTESIAN_POINT ( 'NONE',  ( 1.724999999999999867, 0.6716990566028301357, 0.3750000000000003331 ) ) ;
#5866 = DIRECTION ( 'NONE',  ( 0.000000000000000000, 0.000000000000000000, 1.000000000000000000 ) ) ;
#5867 = AXIS2_PLACEMENT_3D ( 'NONE', #4364, #7606, #2999 ) ;
#5868 = EDGE_CURVE ( 'NONE', #4420, #2941, #470, .T. ) ;
#5869 = DIRECTION ( 'NONE',  ( 0.000000000000000000, 0.000000000000000000, 1.000000000000000000 ) ) ;
#5870 = EDGE_LOOP ( 'NONE', ( #5553, #4448, #8598, #893 ) ) ;
#5871 = LINE ( 'NONE', #594, #5757 ) ;
#5872 = ORIENTED_EDGE ( 'NONE', *, *, #2795, .T. ) ;
#5873 = ORIENTED_EDGE ( 'NONE', *, *, #1413, .T. ) ;
#5874 = ADVANCED_FACE ( 'NONE', ( #6925 ), #442, .T. ) ;
#5875 = FILL_AREA_STYLE ('',( #7783 ) ) ;
#5876 = DIRECTION ( 'NONE',  ( 0.000000000000000000, 1.000000000000000000, -0.000000000000000000 ) ) ;
#5877 = ADVANCED_FACE ( 'NONE', ( #6366 ), #2978, .F. ) ;
#5878 = ORIENTED_EDGE ( 'NONE', *, *, #6869, .F. ) ;
#5879 = EDGE_CURVE ( 'NONE', #981, #2810, #1667, .T. ) ;
#5880 = PLANE ( 'NONE',  #6372 ) ;
#5881 = ORIENTED_EDGE ( 'NONE', *, *, #336, .F. ) ;
#5882 = DIRECTION ( 'NONE',  ( -1.000000000000000000, 0.000000000000000000, 0.000000000000000000 ) ) ;
#5883 = CARTESIAN_POINT ( 'NONE',  ( 0.3750000000000003331, 0.2000000000000000111, -2.000000000000000000 ) ) ;
#5884 = VECTOR ( 'NONE', #935, 1000.000000000000000 ) ;
#5885 = CARTESIAN_POINT ( 'NONE',  ( 1.375000000000000444, 0.000000000000000000, 2.000000000000000000 ) ) ;
#5886 = ADVANCED_FACE ( 'NONE', ( #2324 ), #1007, .T. ) ;
#5887 = CARTESIAN_POINT ( 'NONE',  ( 1.724999999999999867, 0.6716990566028301357, 1.250000000000000222 ) ) ;
#5888 = LINE ( 'NONE', #8526, #8295 ) ;
#5889 = ORIENTED_EDGE ( 'NONE', *, *, #5637, .F. ) ;
#5890 = DIRECTION ( 'NONE',  ( 0.000000000000000000, -0.000000000000000000, 1.000000000000000000 ) ) ;
#5891 = DIRECTION ( 'NONE',  ( -0.000000000000000000, -1.000000000000000000, -0.000000000000000000 ) ) ;
#5892 = CARTESIAN_POINT ( 'NONE',  ( 0.1250000000000005551, 0.05000000000000000278, 0.000000000000000000 ) ) ;
#5893 = ORIENTED_EDGE ( 'NONE', *, *, #6978, .T. ) ;
#5894 = LINE ( 'NONE', #4515, #695 ) ;
#5895 = VECTOR ( 'NONE', #846, 1000.000000000000000 ) ;
#5896 = FACE_OUTER_BOUND ( 'NONE', #2428, .T. ) ;
#5897 = ORIENTED_EDGE ( 'NONE', *, *, #7348, .F. ) ;
#5898 = DIRECTION ( 'NONE',  ( 0.000000000000000000, 0.000000000000000000, -1.000000000000000000 ) ) ;
#5899 = EDGE_LOOP ( 'NONE', ( #3176, #6740, #1931, #772 ) ) ;
#5900 = DIRECTION ( 'NONE',  ( 0.000000000000000000, 0.000000000000000000, 1.000000000000000000 ) ) ;
#5901 = VECTOR ( 'NONE', #6324, 1000.000000000000000 ) ;
#5902 = CARTESIAN_POINT ( 'NONE',  ( -1.249999999999999556, 0.2000000000000000111, 1.725000000000000089 ) ) ;
#5903 = DIRECTION ( 'NONE',  ( -7.885106708985496922E-16, 0.000000000000000000, 1.000000000000000000 ) ) ;
#5904 = LINE ( 'NONE', #2036, #3064 ) ;
#5905 = EDGE_LOOP ( 'NONE', ( #8208, #563, #4307, #7464, #6286 ) ) ;
#5906 = CARTESIAN_POINT ( 'NONE',  ( -1.724999999999999867, 0.6716990566028301357, 0.3750000000000003331 ) ) ;
#5907 = CARTESIAN_POINT ( 'NONE',  ( 0.2500000000000004441, 0.2000000000000000111, -1.725000000000000089 ) ) ;
#5908 = AXIS2_PLACEMENT_3D ( 'NONE', #1272, #4198, #5494 ) ;
#5909 = ORIENTED_EDGE ( 'NONE', *, *, #6603, .F. ) ;
#5910 = CARTESIAN_POINT ( 'NONE',  ( 0.7500000000000004441, 0.2000000000000000111, 1.725000000000000089 ) ) ;
#5911 = VERTEX_POINT ( 'NONE', #3645 ) ;
#5912 = EDGE_CURVE ( 'NONE', #5469, #6031, #8267, .T. ) ;
#5913 = ORIENTED_EDGE ( 'NONE', *, *, #4871, .F. ) ;
#5914 = VECTOR ( 'NONE', #848, 1000.000000000000000 ) ;
#5915 = ADVANCED_FACE ( 'NONE', ( #4942 ), #4983, .T. ) ;
#5916 = AXIS2_PLACEMENT_3D ( 'NONE', #816, #3492, #5487 ) ;
#5917 = SURFACE_STYLE_FILL_AREA ( #5875 ) ;
#5918 = LINE ( 'NONE', #647, #2275 ) ;
#5919 = VERTEX_POINT ( 'NONE', #1625 ) ;
#5920 = COLOUR_RGB ( '',0.7921568627450980005, 0.8196078431372548767, 0.9333333333333333481 ) ;
#5921 = CARTESIAN_POINT ( 'NONE',  ( -0.8749999999999994449, 0.2000000000000000111, 1.725000000000000311 ) ) ;
#5922 = EDGE_CURVE ( 'NONE', #12, #380, #3556, .T. ) ;
#5923 = ORIENTED_EDGE ( 'NONE', *, *, #1139, .F. ) ;
#5924 = LINE ( 'NONE', #5280, #2370 ) ;
#5925 = EDGE_CURVE ( 'NONE', #3121, #7043, #1450, .T. ) ;
#5926 = CARTESIAN_POINT ( 'NONE',  ( 1.724999999999999867, 0.05000000000000002359, 0.8750000000000003331 ) ) ;
#5927 = DIRECTION ( 'NONE',  ( -0.000000000000000000, -1.000000000000000000, -0.000000000000000000 ) ) ;
#5928 = DIRECTION ( 'NONE',  ( 0.000000000000000000, 1.000000000000000000, 0.000000000000000000 ) ) ;
#5929 = DIRECTION ( 'NONE',  ( 0.000000000000000000, -0.000000000000000000, 1.000000000000000000 ) ) ;
#5930 = VERTEX_POINT ( 'NONE', #7064 ) ;
#5931 = EDGE_CURVE ( 'NONE', #681, #5735, #1581, .T. ) ;
#5932 = CARTESIAN_POINT ( 'NONE',  ( -1.124999999999999778, 0.05000000000000000278, 1.224999999999999423 ) ) ;
#5933 = LINE ( 'NONE', #578, #8306 ) ;
#5934 = ORIENTED_EDGE ( 'NONE', *, *, #8239, .T. ) ;
#5935 = DIRECTION ( 'NONE',  ( -1.000000000000000000, 0.000000000000000000, 0.000000000000000000 ) ) ;
#5936 = DIRECTION ( 'NONE',  ( 1.000000000000000000, -0.000000000000000000, 7.885106708985496922E-16 ) ) ;
#5937 = EDGE_LOOP ( 'NONE', ( #7735, #5033, #1870, #7988, #322 ) ) ;
#5938 = DIRECTION ( 'NONE',  ( 0.000000000000000000, 0.000000000000000000, 1.000000000000000000 ) ) ;
#5939 = EDGE_CURVE ( 'NONE', #728, #8025, #4253, .T. ) ;
#5940 = ORIENTED_EDGE ( 'NONE', *, *, #5421, .F. ) ;
#5941 = DIRECTION ( 'NONE',  ( 0.000000000000000000, 0.000000000000000000, -1.000000000000000000 ) ) ;
#5942 = ORIENTED_EDGE ( 'NONE', *, *, #1118, .F. ) ;
#5943 = DIRECTION ( 'NONE',  ( -1.000000000000000000, 0.000000000000000000, -7.885106708985496922E-16 ) ) ;
#5944 = DIRECTION ( 'NONE',  ( 0.000000000000000000, 1.000000000000000000, 0.000000000000000000 ) ) ;
#5945 = CARTESIAN_POINT ( 'NONE',  ( 1.724999999999999867, 0.000000000000000000, 0.7500000000000002220 ) ) ;
#5946 = VERTEX_POINT ( 'NONE', #6886 ) ;
#5947 = LINE ( 'NONE', #7209, #4181 ) ;
#5948 = CARTESIAN_POINT ( 'NONE',  ( 0.8750000000000003331, 0.000000000000000000, -2.000000000000000000 ) ) ;
#5949 = VERTEX_POINT ( 'NONE', #7669 ) ;
#5950 = DIRECTION ( 'NONE',  ( 0.000000000000000000, -0.000000000000000000, 1.000000000000000000 ) ) ;
#5951 = ADVANCED_FACE ( 'NONE', ( #3784 ), #926, .T. ) ;
#5952 = ORIENTED_EDGE ( 'NONE', *, *, #89, .T. ) ;
#5953 = AXIS2_PLACEMENT_3D ( 'NONE', #4072, #3451, #2140 ) ;
#5954 = VERTEX_POINT ( 'NONE', #7018 ) ;
#5955 = CARTESIAN_POINT ( 'NONE',  ( -1.374999999999999556, 0.000000000000000000, -1.725000000000000311 ) ) ;
#5956 = AXIS2_PLACEMENT_3D ( 'NONE', #5622, #1659, #5749 ) ;
#5957 =( LENGTH_UNIT ( ) NAMED_UNIT ( * ) SI_UNIT ( .MILLI., .METRE. ) );
#5958 = PLANE ( 'NONE',  #7134 ) ;
#5959 = EDGE_LOOP ( 'NONE', ( #3723, #7175, #2269, #7929 ) ) ;
#5960 = AXIS2_PLACEMENT_3D ( 'NONE', #2886, #7496, #1534 ) ;
#5961 = EDGE_CURVE ( 'NONE', #2634, #7218, #7587, .T. ) ;
#5962 = AXIS2_PLACEMENT_3D ( 'NONE', #1231, #1934, #5851 ) ;
#5963 = ORIENTED_EDGE ( 'NONE', *, *, #3989, .F. ) ;
#5964 = DIRECTION ( 'NONE',  ( -0.000000000000000000, -1.000000000000000000, 0.000000000000000000 ) ) ;
#5965 = FACE_OUTER_BOUND ( 'NONE', #8031, .T. ) ;
#5966 = CARTESIAN_POINT ( 'NONE',  ( 0.3750000000000003331, 0.2000000000000000111, -2.000000000000000000 ) ) ;
#5967 = VECTOR ( 'NONE', #1575, 1000.000000000000000 ) ;
#5968 = LINE ( 'NONE', #7965, #8110 ) ;
#5969 = FACE_OUTER_BOUND ( 'NONE', #154, .T. ) ;
#5970 = AXIS2_PLACEMENT_3D ( 'NONE', #5083, #2381, #8228 ) ;
#5971 = VERTEX_POINT ( 'NONE', #1756 ) ;
#5972 = STYLED_ITEM ( 'NONE', ( #4105 ), #6896 ) ;
#5973 = DIRECTION ( 'NONE',  ( 1.000000000000000000, 0.000000000000000000, -0.000000000000000000 ) ) ;
#5974 = DIRECTION ( 'NONE',  ( -1.000000000000000000, 0.000000000000000000, 1.084202172485504434E-16 ) ) ;
#5975 = CARTESIAN_POINT ( 'NONE',  ( 0.1250000000000005551, 0.2000000000000000111, 1.725000000000000311 ) ) ;
#5976 = ORIENTED_EDGE ( 'NONE', *, *, #5650, .T. ) ;
#5977 = CARTESIAN_POINT ( 'NONE',  ( 0.1250000000000005551, 0.05000000000000000278, 0.000000000000000000 ) ) ;
#5978 = AXIS2_PLACEMENT_3D ( 'NONE', #8172, #4250, #2237 ) ;
#5979 = DIRECTION ( 'NONE',  ( 1.000000000000000000, 0.000000000000000000, -7.885106708985496922E-16 ) ) ;
#5980 = ORIENTED_EDGE ( 'NONE', *, *, #3077, .F. ) ;
#5981 = DIRECTION ( 'NONE',  ( -0.000000000000000000, -0.000000000000000000, 1.000000000000000000 ) ) ;
#5982 = EDGE_CURVE ( 'NONE', #1660, #6202, #6235, .T. ) ;
#5983 = ORIENTED_EDGE ( 'NONE', *, *, #7315, .T. ) ;
#5984 = DIRECTION ( 'NONE',  ( 1.000000000000000000, 0.000000000000000000, -7.885106708985496922E-16 ) ) ;
#5985 = ORIENTED_EDGE ( 'NONE', *, *, #3110, .T. ) ;
#5986 = CIRCLE ( 'NONE', #1261, 0.1249999999999998890 ) ;
#5987 = DIRECTION ( 'NONE',  ( 0.000000000000000000, 0.000000000000000000, -1.000000000000000000 ) ) ;
#5988 = CARTESIAN_POINT ( 'NONE',  ( -1.724999999999999867, 0.6716990566028301357, -1.249999999999999778 ) ) ;
#5989 = LINE ( 'NONE', #1205, #3782 ) ;
#5990 = ORIENTED_EDGE ( 'NONE', *, *, #684, .T. ) ;
#5991 = LINE ( 'NONE', #8547, #8601 ) ;
#5992 = CARTESIAN_POINT ( 'NONE',  ( -0.8749999999999994449, 0.1999999999999999833, -1.725000000000000311 ) ) ;
#5993 = ORIENTED_EDGE ( 'NONE', *, *, #1878, .T. ) ;
#5994 = MECHANICAL_DESIGN_GEOMETRIC_PRESENTATION_REPRESENTATION (  '', ( #836 ), #1830 ) ;
#5995 = CARTESIAN_POINT ( 'NONE',  ( -0.3749999999999994449, 0.1999999999999996503, -1.999999999999999556 ) ) ;
#5996 = EDGE_LOOP ( 'NONE', ( #5760, #6960, #5268, #8486 ) ) ;
#5997 = VERTEX_POINT ( 'NONE', #5803 ) ;
#5998 = VECTOR ( 'NONE', #1643, 1000.000000000000000 ) ;
#5999 = CARTESIAN_POINT ( 'NONE',  ( -1.124999999999999778, 0.6716990566028298026, -2.000000000000000000 ) ) ;
#6000 = VERTEX_POINT ( 'NONE', #1311 ) ;
#6001 = VERTEX_POINT ( 'NONE', #8567 ) ;
#6002 = EDGE_CURVE ( 'NONE', #7999, #6914, #2505, .T. ) ;
#6003 = DIRECTION ( 'NONE',  ( 0.000000000000000000, 0.000000000000000000, -1.000000000000000000 ) ) ;
#6004 =( NAMED_UNIT ( * ) PLANE_ANGLE_UNIT ( ) SI_UNIT ( $, .RADIAN. ) );
#6005 = CARTESIAN_POINT ( 'NONE',  ( 1.999999999999999556, 0.04999999999999969746, 1.125000000000000222 ) ) ;
#6006 = ADVANCED_FACE ( 'NONE', ( #3861 ), #1844, .T. ) ;
#6007 = LINE ( 'NONE', #8005, #6735 ) ;
#6008 = LINE ( 'NONE', #6056, #7063 ) ;
#6009 = ORIENTED_EDGE ( 'NONE', *, *, #5295, .F. ) ;
#6010 = AXIS2_PLACEMENT_3D ( 'NONE', #1549, #4218, #7986 ) ;
#6011 = EDGE_CURVE ( 'NONE', #6742, #5306, #1145, .T. ) ;
#6012 = DIRECTION ( 'NONE',  ( -0.000000000000000000, 0.000000000000000000, 1.000000000000000000 ) ) ;
#6013 = CARTESIAN_POINT ( 'NONE',  ( -1.724999999999999867, 0.000000000000000000, 0.3750000000000003331 ) ) ;
#6014 = PLANE ( 'NONE',  #5018 ) ;
#6015 = ADVANCED_FACE ( 'NONE', ( #3279 ), #1225, .T. ) ;
#6016 = CARTESIAN_POINT ( 'NONE',  ( 0.2500000000000004441, 0.000000000000000000, 1.725000000000000089 ) ) ;
#6017 = ORIENTED_EDGE ( 'NONE', *, *, #3276, .T. ) ;
#6018 = DIRECTION ( 'NONE',  ( 0.000000000000000000, -0.000000000000000000, -1.000000000000000000 ) ) ;
#6019 = ORIENTED_EDGE ( 'NONE', *, *, #7047, .F. ) ;
#6020 = FACE_OUTER_BOUND ( 'NONE', #426, .T. ) ;
#6021 = ORIENTED_EDGE ( 'NONE', *, *, #7611, .F. ) ;
#6022 = DIRECTION ( 'NONE',  ( 0.000000000000000000, 0.000000000000000000, -1.000000000000000000 ) ) ;
#6023 = EDGE_CURVE ( 'NONE', #438, #4849, #1886, .T. ) ;
#6024 = DIRECTION ( 'NONE',  ( -0.000000000000000000, -1.000000000000000000, -0.000000000000000000 ) ) ;
#6025 = PLANE ( 'NONE',  #4876 ) ;
#6026 = AXIS2_PLACEMENT_3D ( 'NONE', #6998, #423, #5654 ) ;
#6027 = EDGE_CURVE ( 'NONE', #8514, #6207, #8396, .T. ) ;
#6028 = VERTEX_POINT ( 'NONE', #4551 ) ;
#6029 = CARTESIAN_POINT ( 'NONE',  ( 1.375000000000000444, 0.04999999999999969746, 2.000000000000000000 ) ) ;
#6030 = FACE_OUTER_BOUND ( 'NONE', #7826, .T. ) ;
#6031 = VERTEX_POINT ( 'NONE', #8438 ) ;
#6032 = FACE_OUTER_BOUND ( 'NONE', #8335, .T. ) ;
#6033 = ORIENTED_EDGE ( 'NONE', *, *, #3848, .T. ) ;
#6034 = AXIS2_PLACEMENT_3D ( 'NONE', #7765, #454, #7598 ) ;
#6035 = CLOSED_SHELL ( 'NONE', ( #1609, #6392, #237, #7716, #427, #8354, #974 ) ) ;
#6036 = EDGE_LOOP ( 'NONE', ( #5348, #7404, #6725, #5620 ) ) ;
#6037 = DIRECTION ( 'NONE',  ( 1.000000000000000000, 0.000000000000000000, -7.885106708985496922E-16 ) ) ;
#6038 = EDGE_CURVE ( 'NONE', #8190, #4915, #7147, .T. ) ;
#6039 = ADVANCED_FACE ( 'NONE', ( #3903 ), #5201, .T. ) ;
#6040 = VECTOR ( 'NONE', #700, 1000.000000000000000 ) ;
#6041 = AXIS2_PLACEMENT_3D ( 'NONE', #8457, #7684, #6473 ) ;
#6042 = DIRECTION ( 'NONE',  ( 0.000000000000000000, 0.000000000000000000, -1.000000000000000000 ) ) ;
#6043 = ORIENTED_EDGE ( 'NONE', *, *, #4385, .T. ) ;
#6044 = EDGE_CURVE ( 'NONE', #5949, #325, #7878, .T. ) ;
#6045 =( GEOMETRIC_REPRESENTATION_CONTEXT ( 3 ) GLOBAL_UNCERTAINTY_ASSIGNED_CONTEXT ( ( #6091 ) ) GLOBAL_UNIT_ASSIGNED_CONTEXT ( ( #4136, #801, #4222 ) ) REPRESENTATION_CONTEXT ( 'NONE', 'WORKASPACE' ) );
#6046 = ORIENTED_EDGE ( 'NONE', *, *, #374, .T. ) ;
#6047 = PRESENTATION_LAYER_ASSIGNMENT (  '', '', ( #1186 ) ) ;
#6048 = EDGE_CURVE ( 'NONE', #6223, #1942, #5161, .T. ) ;
#6049 = CARTESIAN_POINT ( 'NONE',  ( -0.3749999999999994449, 0.2000000000000000111, 1.725000000000000311 ) ) ;
#6050 = ORIENTED_EDGE ( 'NONE', *, *, #8365, .T. ) ;
#6051 = CARTESIAN_POINT ( 'NONE',  ( -1.124999999999999778, 0.000000000000000000, -1.725000000000000311 ) ) ;
#6052 = DIRECTION ( 'NONE',  ( -1.000000000000000000, 0.000000000000000000, -7.885106708985496922E-16 ) ) ;
#6053 = VECTOR ( 'NONE', #3875, 1000.000000000000000 ) ;
#6054 =( NAMED_UNIT ( * ) SI_UNIT ( $, .STERADIAN. ) SOLID_ANGLE_UNIT ( ) );
#6055 = VECTOR ( 'NONE', #4471, 1000.000000000000000 ) ;
#6056 = CARTESIAN_POINT ( 'NONE',  ( 0.1250000000000005551, 0.2000000000000000111, 2.000000000000000000 ) ) ;
#6057 = ORIENTED_EDGE ( 'NONE', *, *, #2959, .T. ) ;
#6058 = DIRECTION ( 'NONE',  ( -0.000000000000000000, -1.000000000000000000, -0.000000000000000000 ) ) ;
#6059 = DIRECTION ( 'NONE',  ( 1.000000000000000000, -0.000000000000000000, 7.885106708985496922E-16 ) ) ;
#6060 = CARTESIAN_POINT ( 'NONE',  ( -0.8749999999999994449, 0.6716990566028298026, -1.725000000000000311 ) ) ;
#6061 = DIRECTION ( 'NONE',  ( 0.000000000000000000, -1.000000000000000000, 0.000000000000000000 ) ) ;
#6062 = CARTESIAN_POINT ( 'NONE',  ( 1.999999999999999556, 0.6716990566028301357, -0.6249999999999994449 ) ) ;
#6063 = EDGE_CURVE ( 'NONE', #7051, #5454, #1040, .T. ) ;
#6064 = ORIENTED_EDGE ( 'NONE', *, *, #643, .T. ) ;
#6065 = FACE_OUTER_BOUND ( 'NONE', #2569, .T. ) ;
#6066 = EDGE_LOOP ( 'NONE', ( #5060, #327, #2866, #1762 ) ) ;
#6067 = ADVANCED_FACE ( 'NONE', ( #6496 ), #3820, .F. ) ;
#6068 = DIRECTION ( 'NONE',  ( -0.000000000000000000, -1.000000000000000000, 0.000000000000000000 ) ) ;
#6069 = CARTESIAN_POINT ( 'NONE',  ( 0.6250000000000005551, 0.6716990566028298026, 1.725000000000000311 ) ) ;
#6070 = PLANE ( 'NONE',  #3973 ) ;
#6071 = VERTEX_POINT ( 'NONE', #8483 ) ;
#6072 = CARTESIAN_POINT ( 'NONE',  ( 1.724999999999999867, 0.1999999999999999833, -0.8750000000000001110 ) ) ;
#6073 = CARTESIAN_POINT ( 'NONE',  ( -1.124999999999999778, 0.1999999999999999833, 1.725000000000000311 ) ) ;
#6074 = ORIENTED_EDGE ( 'NONE', *, *, #2202, .F. ) ;
#6075 = CARTESIAN_POINT ( 'NONE',  ( 2.000000000000000444, 0.8000000000000003775, 2.000000000000000000 ) ) ;
#6076 = ADVANCED_FACE ( 'NONE', ( #655 ), #5287, .F. ) ;
#6077 = ORIENTED_EDGE ( 'NONE', *, *, #3898, .T. ) ;
#6078 = ADVANCED_FACE ( 'NONE', ( #485 ), #4637, .F. ) ;
#6079 = ORIENTED_EDGE ( 'NONE', *, *, #1260, .T. ) ;
#6080 = PLANE ( 'NONE',  #6752 ) ;
#6081 = FILL_AREA_STYLE_COLOUR ( '', #7386 ) ;
#6082 = AXIS2_PLACEMENT_3D ( 'NONE', #6976, #7065, #7021 ) ;
#6083 = CARTESIAN_POINT ( 'NONE',  ( 0.7500000000000004441, 0.1999999999999999833, 1.600000000000000311 ) ) ;
#6084 = ORIENTED_EDGE ( 'NONE', *, *, #2425, .T. ) ;
#6085 = ADVANCED_FACE ( 'NONE', ( #5244 ), #7239, .T. ) ;
#6086 = ORIENTED_EDGE ( 'NONE', *, *, #876, .T. ) ;
#6087 = VECTOR ( 'NONE', #4335, 1000.000000000000000 ) ;
#6088 = ORIENTED_EDGE ( 'NONE', *, *, #546, .T. ) ;
#6089 = DIRECTION ( 'NONE',  ( -1.000000000000000000, 0.000000000000000000, -7.885106708985496922E-16 ) ) ;
#6090 = VECTOR ( 'NONE', #4075, 1000.000000000000000 ) ;
#6091 = UNCERTAINTY_MEASURE_WITH_UNIT (LENGTH_MEASURE( 1.000000000000000082E-05 ), #4136, 'distance_accuracy_value', 'NONE');
#6092 = CIRCLE ( 'NONE', #950, 0.1249999999999998890 ) ;
#6093 =( NAMED_UNIT ( * ) SI_UNIT ( $, .STERADIAN. ) SOLID_ANGLE_UNIT ( ) );
#6094 = EDGE_CURVE ( 'NONE', #8074, #4971, #6706, .T. ) ;
#6095 = CARTESIAN_POINT ( 'NONE',  ( 2.000000000000000444, 0.05000000000000000278, 2.000000000000000000 ) ) ;
#6096 = ORIENTED_EDGE ( 'NONE', *, *, #4019, .T. ) ;
#6097 = VECTOR ( 'NONE', #3152, 1000.000000000000000 ) ;
#6098 = LINE ( 'NONE', #4202, #4863 ) ;
#6099 = LINE ( 'NONE', #6144, #3617 ) ;
#6100 = AXIS2_PLACEMENT_3D ( 'NONE', #5593, #1760, #363 ) ;
#6101 = EDGE_CURVE ( 'NONE', #8469, #5097, #6007, .T. ) ;
#6102 = CYLINDRICAL_SURFACE ( 'NONE', #5846, 0.1333333333333333870 ) ;
#6103 = DIRECTION ( 'NONE',  ( 1.000000000000000000, 0.000000000000000000, -7.885106708985496922E-16 ) ) ;
#6104 = VECTOR ( 'NONE', #2615, 1000.000000000000000 ) ;
#6105 = CARTESIAN_POINT ( 'NONE',  ( 0.7500000000000004441, 0.000000000000000000, 1.725000000000000089 ) ) ;
#6106 = ORIENTED_EDGE ( 'NONE', *, *, #8609, .T. ) ;
#6107 = DIRECTION ( 'NONE',  ( -1.000000000000000000, 0.000000000000000000, 7.885106708985496922E-16 ) ) ;
#6108 = CIRCLE ( 'NONE', #6796, 0.1249999999999998890 ) ;
#6109 = ORIENTED_EDGE ( 'NONE', *, *, #3235, .T. ) ;
#6110 = PLANE ( 'NONE',  #3933 ) ;
#6111 = CARTESIAN_POINT ( 'NONE',  ( 1.225000000000000755, 3.664823227814084650, -1.225000000000000311 ) ) ;
#6112 = AXIS2_PLACEMENT_3D ( 'NONE', #7537, #6884, #2064 ) ;
#6113 = EDGE_CURVE ( 'NONE', #7311, #3569, #2798, .T. ) ;
#6114 = ORIENTED_EDGE ( 'NONE', *, *, #5650, .F. ) ;
#6115 = CARTESIAN_POINT ( 'NONE',  ( -1.999999999999999556, 0.1999999999999999833, 1.375000000000000666 ) ) ;
#6116 = CARTESIAN_POINT ( 'NONE',  ( -0.7499999999999995559, 0.000000000000000000, 1.725000000000000089 ) ) ;
#6117 = EDGE_LOOP ( 'NONE', ( #605, #2253, #5100, #6843 ) ) ;
#6118 = FACE_OUTER_BOUND ( 'NONE', #3823, .T. ) ;
#6119 = ORIENTED_EDGE ( 'NONE', *, *, #3123, .T. ) ;
#6120 = DIRECTION ( 'NONE',  ( 0.000000000000000000, 0.000000000000000000, -1.000000000000000000 ) ) ;
#6121 = AXIS2_PLACEMENT_3D ( 'NONE', #5106, #1262, #3179 ) ;
#6122 = ORIENTED_EDGE ( 'NONE', *, *, #4238, .F. ) ;
#6123 = ORIENTED_EDGE ( 'NONE', *, *, #2939, .F. ) ;
#6124 = CARTESIAN_POINT ( 'NONE',  ( -1.724999999999999867, 0.1999999999999999833, 1.250000000000000222 ) ) ;
#6125 = MANIFOLD_SOLID_BREP ( 'LPattern4[9]', #1314 ) ;
#6126 = COLOUR_RGB ( '',0.7921568627450980005, 0.8196078431372548767, 0.9333333333333333481 ) ;
#6127 = LINE ( 'NONE', #1343, #2936 ) ;
#6128 = EDGE_CURVE ( 'NONE', #2848, #4724, #4151, .T. ) ;
#6129 = CARTESIAN_POINT ( 'NONE',  ( -1.249999999999999556, 0.2000000000000000111, 1.725000000000000089 ) ) ;
#6130 = ORIENTED_EDGE ( 'NONE', *, *, #2272, .T. ) ;
#6131 = PRODUCT_DEFINITION_SHAPE ( 'NONE', 'NONE',  #122 ) ;
#6132 = CARTESIAN_POINT ( 'NONE',  ( 0.7500000000000004441, 0.000000000000000000, -1.725000000000000089 ) ) ;
#6133 = MECHANICAL_DESIGN_GEOMETRIC_PRESENTATION_REPRESENTATION (  '', ( #6 ), #7928 ) ;
#6134 = VERTEX_POINT ( 'NONE', #2676 ) ;
#6135 = SURFACE_SIDE_STYLE ('',( #4833 ) ) ;
#6136 = LINE ( 'NONE', #4834, #4874 ) ;
#6137 = VERTEX_POINT ( 'NONE', #5332 ) ;
#6138 = DIRECTION ( 'NONE',  ( 0.000000000000000000, -1.000000000000000000, 0.000000000000000000 ) ) ;
#6139 = EDGE_CURVE ( 'NONE', #6833, #8390, #1397, .T. ) ;
#6140 = PRESENTATION_STYLE_ASSIGNMENT (( #3407 ) ) ;
#6141 = DIRECTION ( 'NONE',  ( 0.000000000000000000, -0.000000000000000000, 1.000000000000000000 ) ) ;
#6142 = ORIENTED_EDGE ( 'NONE', *, *, #5337, .T. ) ;
#6143 = LINE ( 'NONE', #2842, #4598 ) ;
#6144 = CARTESIAN_POINT ( 'NONE',  ( 1.999999999999999556, 0.000000000000000000, 1.375000000000000666 ) ) ;
#6145 = EDGE_CURVE ( 'NONE', #1477, #6390, #5968, .T. ) ;
#6146 = CARTESIAN_POINT ( 'NONE',  ( -1.224999999999999645, 0.000000000000000000, -1.025000000000000799 ) ) ;
#6147 = PLANE ( 'NONE',  #8082 ) ;
#6148 = LINE ( 'NONE', #6062, #6318 ) ;
#6149 = ORIENTED_EDGE ( 'NONE', *, *, #1927, .T. ) ;
#6150 = LINE ( 'NONE', #8177, #2490 ) ;
#6151 = VERTEX_POINT ( 'NONE', #7401 ) ;
#6152 = MANIFOLD_SOLID_BREP ( 'LPattern4[2]', #7300 ) ;
#6153 = LINE ( 'NONE', #7417, #988 ) ;
#6154 = DIRECTION ( 'NONE',  ( 0.000000000000000000, 0.000000000000000000, 1.000000000000000000 ) ) ;
#6155 = DIRECTION ( 'NONE',  ( -1.000000000000000000, 0.000000000000000000, -5.310377987684102867E-16 ) ) ;
#6156 = VERTEX_POINT ( 'NONE', #4839 ) ;
#6157 = DIRECTION ( 'NONE',  ( -0.000000000000000000, -0.000000000000000000, -1.000000000000000000 ) ) ;
#6158 = AXIS2_PLACEMENT_3D ( 'NONE', #6757, #6673, #664 ) ;
#6159 = FACE_OUTER_BOUND ( 'NONE', #7790, .T. ) ;
#6160 = ORIENTED_EDGE ( 'NONE', *, *, #4807, .T. ) ;
#6161 = FACE_OUTER_BOUND ( 'NONE', #7603, .T. ) ;
#6162 = ORIENTED_EDGE ( 'NONE', *, *, #6320, .T. ) ;
#6163 = LINE ( 'NONE', #2903, #5914 ) ;
#6164 = VECTOR ( 'NONE', #2449, 1000.000000000000000 ) ;
#6165 = VERTEX_POINT ( 'NONE', #7490 ) ;
#6166 = ORIENTED_EDGE ( 'NONE', *, *, #1823, .F. ) ;
#6167 = DIRECTION ( 'NONE',  ( 0.000000000000000000, 1.000000000000000000, 0.000000000000000000 ) ) ;
#6168 = LINE ( 'NONE', #6996, #1542 ) ;
#6169 = AXIS2_PLACEMENT_3D ( 'NONE', #3884, #1294, #641 ) ;
#6170 = CARTESIAN_POINT ( 'NONE',  ( -0.7499999999999995559, 0.04999999999999999584, 1.600000000000000311 ) ) ;
#6171 = EDGE_LOOP ( 'NONE', ( #6910, #1107, #8349, #255 ) ) ;
#6172 = ADVANCED_FACE ( 'NONE', ( #2018 ), #1352, .T. ) ;
#6173 = DIRECTION ( 'NONE',  ( -0.000000000000000000, -1.000000000000000000, -0.000000000000000000 ) ) ;
#6174 = ORIENTED_EDGE ( 'NONE', *, *, #2670, .T. ) ;
#6175 = EDGE_CURVE ( 'NONE', #2265, #4784, #7708, .T. ) ;
#6176 = AXIS2_PLACEMENT_3D ( 'NONE', #6987, #280, #1636 ) ;
#6177 = DIRECTION ( 'NONE',  ( -7.885106708985496922E-16, 0.000000000000000000, -1.000000000000000000 ) ) ;
#6178 = CLOSED_SHELL ( 'NONE', ( #5190, #4263, #8582, #1776, #6078, #2150 ) ) ;
#6179 = LINE ( 'NONE', #208, #6545 ) ;
#6180 = ORIENTED_EDGE ( 'NONE', *, *, #7267, .F. ) ;
#6181 = DIRECTION ( 'NONE',  ( 0.000000000000000000, 0.000000000000000000, 1.000000000000000000 ) ) ;
#6182 = CARTESIAN_POINT ( 'NONE',  ( -0.8749999999999994449, 0.6716990566028298026, -1.725000000000000311 ) ) ;
#6183 = VECTOR ( 'NONE', #5308, 1000.000000000000000 ) ;
#6184 = EDGE_LOOP ( 'NONE', ( #6074, #8185, #4633, #8108 ) ) ;
#6185 = ADVANCED_FACE ( 'NONE', ( #7702 ), #4242, .F. ) ;
#6186 = FACE_OUTER_BOUND ( 'NONE', #7427, .T. ) ;
#6187 = CARTESIAN_POINT ( 'NONE',  ( -1.999999999999999556, 0.6716990566028301357, -1.375000000000000000 ) ) ;
#6188 =( GEOMETRIC_REPRESENTATION_CONTEXT ( 3 ) GLOBAL_UNCERTAINTY_ASSIGNED_CONTEXT ( ( #6705 ) ) GLOBAL_UNIT_ASSIGNED_CONTEXT ( ( #3182, #4460, #3812 ) ) REPRESENTATION_CONTEXT ( 'NONE', 'WORKASPACE' ) );
#6189 = CARTESIAN_POINT ( 'NONE',  ( 1.724999999999999867, 0.6716990566028301357, -0.8749999999999998890 ) ) ;
#6190 = VECTOR ( 'NONE', #8116, 1000.000000000000000 ) ;
#6191 = DIRECTION ( 'NONE',  ( 0.000000000000000000, 1.000000000000000000, 0.000000000000000000 ) ) ;
#6192 = PLANE ( 'NONE',  #5764 ) ;
#6193 = VERTEX_POINT ( 'NONE', #5665 ) ;
#6194 = LINE ( 'NONE', #2108, #3422 ) ;
#6195 = PRESENTATION_LAYER_ASSIGNMENT (  '', '', ( #2595 ) ) ;
#6196 = EDGE_LOOP ( 'NONE', ( #4709, #2447, #3692, #8594 ) ) ;
#6197 = ADVANCED_FACE ( 'NONE', ( #2271 ), #3636, .T. ) ;
#6198 = DIRECTION ( 'NONE',  ( 7.885106708985496922E-16, 0.000000000000000000, -1.000000000000000000 ) ) ;
#6199 =( GEOMETRIC_REPRESENTATION_CONTEXT ( 3 ) GLOBAL_UNCERTAINTY_ASSIGNED_CONTEXT ( ( #6964 ) ) GLOBAL_UNIT_ASSIGNED_CONTEXT ( ( #687, #8509, #1872 ) ) REPRESENTATION_CONTEXT ( 'NONE', 'WORKASPACE' ) );
#6200 = CARTESIAN_POINT ( 'NONE',  ( -1.124999999999999778, 0.000000000000000000, 1.725000000000000311 ) ) ;
#6201 = LINE ( 'NONE', #60, #5017 ) ;
#6202 = VERTEX_POINT ( 'NONE', #8259 ) ;
#6203 = CARTESIAN_POINT ( 'NONE',  ( -1.999999999999999556, 0.000000000000000000, 0.3750000000000005551 ) ) ;
#6204 = CARTESIAN_POINT ( 'NONE',  ( -1.249999999999999556, 0.2000000000000000111, 1.725000000000000089 ) ) ;
#6205 = ORIENTED_EDGE ( 'NONE', *, *, #4912, .T. ) ;
#6206 = DIRECTION ( 'NONE',  ( -1.000000000000000000, 0.000000000000000000, 0.000000000000000000 ) ) ;
#6207 = VERTEX_POINT ( 'NONE', #916 ) ;
#6208 = FILL_AREA_STYLE ('',( #8146 ) ) ;
#6209 = ADVANCED_FACE ( 'NONE', ( #2882 ), #4932, .T. ) ;
#6210 = ORIENTED_EDGE ( 'NONE', *, *, #3123, .F. ) ;
#6211 = ORIENTED_EDGE ( 'NONE', *, *, #388, .T. ) ;
#6212 = LINE ( 'NONE', #851, #770 ) ;
#6213 = FACE_OUTER_BOUND ( 'NONE', #5996, .T. ) ;
#6214 = EDGE_CURVE ( 'NONE', #148, #6634, #1880, .T. ) ;
#6215 = CARTESIAN_POINT ( 'NONE',  ( 1.125000000000000666, 0.1999999999999999833, 1.725000000000000311 ) ) ;
#6216 = ORIENTED_EDGE ( 'NONE', *, *, #5313, .F. ) ;
#6217 = FACE_OUTER_BOUND ( 'NONE', #4283, .T. ) ;
#6218 = ORIENTED_EDGE ( 'NONE', *, *, #4629, .F. ) ;
#6219 =( NAMED_UNIT ( * ) PLANE_ANGLE_UNIT ( ) SI_UNIT ( $, .RADIAN. ) );
#6220 = VERTEX_POINT ( 'NONE', #4287 ) ;
#6221 = LINE ( 'NONE', #2919, #961 ) ;
#6222 = DIRECTION ( 'NONE',  ( -0.000000000000000000, -1.000000000000000000, -0.000000000000000000 ) ) ;
#6224 = ADVANCED_FACE ( 'NONE', ( #1618 ), #4975, .T. ) ;
#6223 = VERTEX_POINT ( 'NONE', #348 ) ;
#6225 = FACE_OUTER_BOUND ( 'NONE', #2160, .T. ) ;
#6226 = CARTESIAN_POINT ( 'NONE',  ( -0.3749999999999994449, 0.04999999999999969746, 2.000000000000000000 ) ) ;
#6227 = VECTOR ( 'NONE', #8126, 1000.000000000000000 ) ;
#6228 = ORIENTED_EDGE ( 'NONE', *, *, #2085, .F. ) ;
#6229 = CARTESIAN_POINT ( 'NONE',  ( -0.7499999999999995559, 0.000000000000000000, -1.725000000000000089 ) ) ;
#6230 = DIRECTION ( 'NONE',  ( 0.000000000000000000, 0.000000000000000000, 1.000000000000000000 ) ) ;
#6231 = EDGE_CURVE ( 'NONE', #6759, #1320, #8298, .T. ) ;
#6232 = LINE ( 'NONE', #6323, #1818 ) ;
#6233 = VECTOR ( 'NONE', #3774, 1000.000000000000000 ) ;
#6234 = CARTESIAN_POINT ( 'NONE',  ( -1.374999999999999556, 0.2000000000000000111, 1.725000000000000311 ) ) ;
#6235 = LINE ( 'NONE', #267, #1596 ) ;
#6236 = CYLINDRICAL_SURFACE ( 'NONE', #6082, 0.1000000000000000472 ) ;
#6237 = CIRCLE ( 'NONE', #6516, 0.1250000000000002220 ) ;
#6238 = ORIENTED_EDGE ( 'NONE', *, *, #7151, .F. ) ;
#6239 = VECTOR ( 'NONE', #6418, 1000.000000000000000 ) ;
#6240 = CARTESIAN_POINT ( 'NONE',  ( -1.724999999999999867, 0.000000000000000000, 0.8750000000000003331 ) ) ;
#6241 = DIRECTION ( 'NONE',  ( 0.000000000000000000, 0.000000000000000000, 1.000000000000000000 ) ) ;
#6242 = ORIENTED_EDGE ( 'NONE', *, *, #1236, .T. ) ;
#6243 = CARTESIAN_POINT ( 'NONE',  ( -1.724999999999999867, 0.1999999999999999833, 1.125000000000000222 ) ) ;
#6244 = AXIS2_PLACEMENT_3D ( 'NONE', #4887, #5578, #1652 ) ;
#6245 = ADVANCED_FACE ( 'NONE', ( #6225 ), #6316, .F. ) ;
#6246 = LINE ( 'NONE', #3700, #5745 ) ;
#6247 = EDGE_LOOP ( 'NONE', ( #279, #4993, #4311, #6319 ) ) ;
#6248 = VECTOR ( 'NONE', #8480, 1000.000000000000000 ) ;
#6249 = CYLINDRICAL_SURFACE ( 'NONE', #6176, 0.1250000000000002220 ) ;
#6250 = ORIENTED_EDGE ( 'NONE', *, *, #1413, .F. ) ;
#6251 =( LENGTH_UNIT ( ) NAMED_UNIT ( * ) SI_UNIT ( .MILLI., .METRE. ) );
#6252 = VECTOR ( 'NONE', #976, 1000.000000000000000 ) ;
#6253 = VERTEX_POINT ( 'NONE', #301 ) ;
#6254 = EDGE_LOOP ( 'NONE', ( #1793, #8406, #488, #5021 ) ) ;
#6255 = DIRECTION ( 'NONE',  ( -0.000000000000000000, -1.000000000000000000, -0.000000000000000000 ) ) ;
#6256 = DIRECTION ( 'NONE',  ( 0.000000000000000000, 0.000000000000000000, -1.000000000000000000 ) ) ;
#6257 = AXIS2_PLACEMENT_3D ( 'NONE', #5331, #8482, #7107 ) ;
#6258 = LINE ( 'NONE', #113, #2835 ) ;
#6259 = ORIENTED_EDGE ( 'NONE', *, *, #59, .F. ) ;
#6260 = DIRECTION ( 'NONE',  ( 0.000000000000000000, -0.000000000000000000, -1.000000000000000000 ) ) ;
#6261 = ORIENTED_EDGE ( 'NONE', *, *, #6978, .F. ) ;
#6262 = VECTOR ( 'NONE', #473, 1000.000000000000000 ) ;
#6263 = ORIENTED_EDGE ( 'NONE', *, *, #3966, .T. ) ;
#6264 = DIRECTION ( 'NONE',  ( 0.000000000000000000, 0.000000000000000000, 1.000000000000000000 ) ) ;
#6265 = CARTESIAN_POINT ( 'NONE',  ( -0.2499999999999995837, 0.6716990566028298026, 1.725000000000000089 ) ) ;
#6266 = VERTEX_POINT ( 'NONE', #5621 ) ;
#6267 = UNCERTAINTY_MEASURE_WITH_UNIT (LENGTH_MEASURE( 1.000000000000000082E-05 ), #2293, 'distance_accuracy_value', 'NONE');
#6268 = VECTOR ( 'NONE', #4875, 1000.000000000000000 ) ;
#6269 = CARTESIAN_POINT ( 'NONE',  ( 8.870745047608691557E-16, 0.05000000000000000278, -1.125000000000000888 ) ) ;
#6270 = DIRECTION ( 'NONE',  ( 1.000000000000000000, 0.000000000000000000, 0.000000000000000000 ) ) ;
#6271 = EDGE_CURVE ( 'NONE', #1000, #6193, #2362, .T. ) ;
#6272 = ORIENTED_EDGE ( 'NONE', *, *, #2967, .T. ) ;
#6273 = DIRECTION ( 'NONE',  ( 0.000000000000000000, 0.000000000000000000, 1.000000000000000000 ) ) ;
#6274 = FACE_OUTER_BOUND ( 'NONE', #8332, .T. ) ;
#6275 = VECTOR ( 'NONE', #5315, 1000.000000000000000 ) ;
#6276 = DIRECTION ( 'NONE',  ( -0.000000000000000000, 0.000000000000000000, 1.000000000000000000 ) ) ;
#6277 = DIRECTION ( 'NONE',  ( -0.000000000000000000, -1.000000000000000000, -0.000000000000000000 ) ) ;
#6278 = FACE_OUTER_BOUND ( 'NONE', #3844, .T. ) ;
#6279 = EDGE_CURVE ( 'NONE', #8302, #2218, #2317, .T. ) ;
#6280 = ORIENTED_EDGE ( 'NONE', *, *, #5768, .T. ) ;
#6281 = MANIFOLD_SOLID_BREP ( 'LPattern4[3]', #6465 ) ;
#6282 = SURFACE_STYLE_FILL_AREA ( #270 ) ;
#6283 = DIRECTION ( 'NONE',  ( 0.000000000000000000, 0.000000000000000000, 1.000000000000000000 ) ) ;
#6284 = EDGE_CURVE ( 'NONE', #2193, #749, #7995, .T. ) ;
#6285 = LINE ( 'NONE', #5594, #4935 ) ;
#6286 = ORIENTED_EDGE ( 'NONE', *, *, #6880, .F. ) ;
#6287 = CARTESIAN_POINT ( 'NONE',  ( -1.124999999999999778, 0.1999999999999999833, -2.000000000000000000 ) ) ;
#6288 = CARTESIAN_POINT ( 'NONE',  ( -1.999999999999999556, 0.6716990566028301357, 0.8750000000000005551 ) ) ;
#6289 = VERTEX_POINT ( 'NONE', #5151 ) ;
#6290 = DIRECTION ( 'NONE',  ( -0.000000000000000000, -1.000000000000000000, -0.000000000000000000 ) ) ;
#6291 = ORIENTED_EDGE ( 'NONE', *, *, #989, .T. ) ;
#6292 = DIRECTION ( 'NONE',  ( 0.000000000000000000, -1.000000000000000000, 0.000000000000000000 ) ) ;
#6293 = EDGE_CURVE ( 'NONE', #2088, #1147, #1969, .T. ) ;
#6294 = VERTEX_POINT ( 'NONE', #8515 ) ;
#6295 = FACE_OUTER_BOUND ( 'NONE', #4652, .T. ) ;
#6296 = VERTEX_POINT ( 'NONE', #7827 ) ;
#6297 = CARTESIAN_POINT ( 'NONE',  ( 1.724999999999999867, 0.05000000000000002359, 0.3750000000000003331 ) ) ;
#6298 = AXIS2_PLACEMENT_3D ( 'NONE', #7119, #537, #1853 ) ;
#6299 = MANIFOLD_SOLID_BREP ( 'LPattern4[7]', #6178 ) ;
#6300 = CARTESIAN_POINT ( 'NONE',  ( 1.724999999999999867, 0.1999999999999999833, 1.375000000000000444 ) ) ;
#6301 = LINE ( 'NONE', #5734, #5181 ) ;
#6302 = CARTESIAN_POINT ( 'NONE',  ( 0.6250000000000005551, 0.2000000000000000111, 2.000000000000000000 ) ) ;
#6303 = EDGE_LOOP ( 'NONE', ( #2604, #4084, #3304, #7103 ) ) ;
#6304 = AXIS2_PLACEMENT_3D ( 'NONE', #5107, #220, #3098 ) ;
#6305 = CARTESIAN_POINT ( 'NONE',  ( 2.000000000000000444, 0.1999999999999996503, 1.125000000000000222 ) ) ;
#6306 = ADVANCED_FACE ( 'NONE', ( #6531 ), #2580, .F. ) ;
#6307 = VERTEX_POINT ( 'NONE', #1216 ) ;
#6308 = EDGE_CURVE ( 'NONE', #8162, #5141, #3712, .T. ) ;
#6309 = LINE ( 'NONE', #6394, #5238 ) ;
#6310 = ORIENTED_EDGE ( 'NONE', *, *, #4764, .F. ) ;
#6311 = CARTESIAN_POINT ( 'NONE',  ( 1.375000000000000444, 0.2000000000000000111, -1.725000000000000311 ) ) ;
#6312 = AXIS2_PLACEMENT_3D ( 'NONE', #8153, #3622, #2956 ) ;
#6313 = PLANE ( 'NONE',  #5307 ) ;
#6314 = EDGE_CURVE ( 'NONE', #4397, #3926, #7137, .T. ) ;
#6315 = ORIENTED_EDGE ( 'NONE', *, *, #3140, .F. ) ;
#6316 = CYLINDRICAL_SURFACE ( 'NONE', #4109, 0.1249999999999998890 ) ;
#6317 = DIRECTION ( 'NONE',  ( -0.000000000000000000, 0.000000000000000000, -1.000000000000000000 ) ) ;
#6318 = VECTOR ( 'NONE', #4690, 1000.000000000000000 ) ;
#6319 = ORIENTED_EDGE ( 'NONE', *, *, #7244, .F. ) ;
#6320 = EDGE_CURVE ( 'NONE', #7777, #1159, #606, .T. ) ;
#6321 = CARTESIAN_POINT ( 'NONE',  ( 0.8750000000000003331, 0.6716990566028298026, 2.000000000000000000 ) ) ;
#6322 = LINE ( 'NONE', #395, #2077 ) ;
#6323 = CARTESIAN_POINT ( 'NONE',  ( -1.999999999999999556, 0.6716990566028301357, -0.1249999999999994588 ) ) ;
#6324 = DIRECTION ( 'NONE',  ( -0.000000000000000000, 0.000000000000000000, -1.000000000000000000 ) ) ;
#6325 = VECTOR ( 'NONE', #2609, 1000.000000000000000 ) ;
#6326 = DIRECTION ( 'NONE',  ( 0.000000000000000000, 1.000000000000000000, -0.000000000000000000 ) ) ;
#6327 = EDGE_LOOP ( 'NONE', ( #7608, #5375, #2734, #7416 ) ) ;
#6328 = VECTOR ( 'NONE', #1503, 1000.000000000000000 ) ;
#6329 = LINE ( 'NONE', #362, #1748 ) ;
#6330 = DIRECTION ( 'NONE',  ( 1.000000000000000000, 0.000000000000000000, 5.310377987684102867E-16 ) ) ;
#6331 = DIRECTION ( 'NONE',  ( 0.000000000000000000, 0.000000000000000000, -1.000000000000000000 ) ) ;
#6332 = AXIS2_PLACEMENT_3D ( 'NONE', #5806, #4599, #490 ) ;
#6333 = ORIENTED_EDGE ( 'NONE', *, *, #1141, .F. ) ;
#6334 = CARTESIAN_POINT ( 'NONE',  ( -1.999999999999999556, 0.1999999999999996503, -0.6249999999999996669 ) ) ;
#6335 = PLANE ( 'NONE',  #4917 ) ;
#6336 = ORIENTED_EDGE ( 'NONE', *, *, #8206, .T. ) ;
#6337 = FACE_OUTER_BOUND ( 'NONE', #8167, .T. ) ;
#6338 = VERTEX_POINT ( 'NONE', #5748 ) ;
#6339 = EDGE_CURVE ( 'NONE', #4902, #8558, #8541, .T. ) ;
#6340 = FACE_OUTER_BOUND ( 'NONE', #4619, .T. ) ;
#6341 =( GEOMETRIC_REPRESENTATION_CONTEXT ( 3 ) GLOBAL_UNCERTAINTY_ASSIGNED_CONTEXT ( ( #2881 ) ) GLOBAL_UNIT_ASSIGNED_CONTEXT ( ( #3177, #8555, #3887 ) ) REPRESENTATION_CONTEXT ( 'NONE', 'WORKASPACE' ) );
#6342 = LINE ( 'NONE', #371, #2856 ) ;
#6343 = DIRECTION ( 'NONE',  ( 0.000000000000000000, -0.000000000000000000, 1.000000000000000000 ) ) ;
#6344 = CARTESIAN_POINT ( 'NONE',  ( -0.8749999999999994449, 0.6716990566028298026, 2.000000000000000000 ) ) ;
#6345 = DIRECTION ( 'NONE',  ( 0.000000000000000000, -0.000000000000000000, 1.000000000000000000 ) ) ;
#6346 = CARTESIAN_POINT ( 'NONE',  ( 0.6250000000000005551, 0.000000000000000000, 2.000000000000000000 ) ) ;
#6347 = ORIENTED_EDGE ( 'NONE', *, *, #2190, .T. ) ;
#6348 = CARTESIAN_POINT ( 'NONE',  ( -0.3749999999999994449, 0.2000000000000000111, 1.725000000000000311 ) ) ;
#6349 = ORIENTED_EDGE ( 'NONE', *, *, #3140, .T. ) ;
#6350 = EDGE_CURVE ( 'NONE', #1509, #7183, #2541, .T. ) ;
#6351 = ORIENTED_EDGE ( 'NONE', *, *, #1689, .T. ) ;
#6352 = ORIENTED_EDGE ( 'NONE', *, *, #7890, .T. ) ;
#6353 = CARTESIAN_POINT ( 'NONE',  ( 1.724999999999999867, 0.000000000000000000, -0.6249999999999996669 ) ) ;
#6354 = ORIENTED_EDGE ( 'NONE', *, *, #7584, .F. ) ;
#6355 = FACE_OUTER_BOUND ( 'NONE', #3164, .T. ) ;
#6356 = CARTESIAN_POINT ( 'NONE',  ( -1.224999999999999645, 3.664823227814084650, -1.225000000000000755 ) ) ;
#6357 = EDGE_CURVE ( 'NONE', #1527, #979, #8387, .T. ) ;
#6358 = ORIENTED_EDGE ( 'NONE', *, *, #742, .T. ) ;
#6359 = UNCERTAINTY_MEASURE_WITH_UNIT (LENGTH_MEASURE( 1.000000000000000082E-05 ), #2707, 'distance_accuracy_value', 'NONE');
#6360 = CARTESIAN_POINT ( 'NONE',  ( 0.6250000000000005551, 0.000000000000000000, 1.725000000000000311 ) ) ;
#6361 = ORIENTED_EDGE ( 'NONE', *, *, #742, .F. ) ;
#6362 = DIRECTION ( 'NONE',  ( -0.000000000000000000, -1.000000000000000000, -0.000000000000000000 ) ) ;
#6363 = CARTESIAN_POINT ( 'NONE',  ( -0.2499999999999995837, 0.000000000000000000, 1.725000000000000089 ) ) ;
#6364 = PLANE ( 'NONE',  #8327 ) ;
#6365 = VECTOR ( 'NONE', #4943, 1000.000000000000000 ) ;
#6366 = FACE_OUTER_BOUND ( 'NONE', #1921, .T. ) ;
#6367 = CARTESIAN_POINT ( 'NONE',  ( 2.956915015869553334E-16, 0.05000000000000000278, 0.3749999999999990008 ) ) ;
#6368 = ORIENTED_EDGE ( 'NONE', *, *, #5879, .F. ) ;
#6369 = FACE_OUTER_BOUND ( 'NONE', #8386, .T. ) ;
#6370 = LINE ( 'NONE', #7114, #5145 ) ;
#6371 = PLANE ( 'NONE',  #5142 ) ;
#6372 = AXIS2_PLACEMENT_3D ( 'NONE', #3185, #607, #1178 ) ;
#6373 = VERTEX_POINT ( 'NONE', #8559 ) ;
#6374 = PLANE ( 'NONE',  #1524 ) ;
#6375 = CARTESIAN_POINT ( 'NONE',  ( 1.999999999999999556, 0.1999999999999999833, -0.1249999999999994588 ) ) ;
#6376 = VERTEX_POINT ( 'NONE', #5797 ) ;
#6377 = CIRCLE ( 'NONE', #2501, 0.1250000000000001110 ) ;
#6378 = FACE_OUTER_BOUND ( 'NONE', #6327, .T. ) ;
#6379 = ORIENTED_EDGE ( 'NONE', *, *, #182, .F. ) ;
#6380 =( LENGTH_UNIT ( ) NAMED_UNIT ( * ) SI_UNIT ( .MILLI., .METRE. ) );
#6381 = VECTOR ( 'NONE', #4766, 1000.000000000000000 ) ;
#6382 = DIRECTION ( 'NONE',  ( -0.000000000000000000, -1.000000000000000000, -0.000000000000000000 ) ) ;
#6383 = CARTESIAN_POINT ( 'NONE',  ( -1.249999999999999556, 0.6716990566028298026, -1.725000000000000089 ) ) ;
#6384 = LINE ( 'NONE', #6993, #8553 ) ;
#6385 = VECTOR ( 'NONE', #3985, 1000.000000000000000 ) ;
#6386 = VECTOR ( 'NONE', #5974, 1000.000000000000000 ) ;
#6387 = CARTESIAN_POINT ( 'NONE',  ( -0.8749999999999994449, 0.6716990566028298026, -2.000000000000000000 ) ) ;
#6388 = ORIENTED_EDGE ( 'NONE', *, *, #3440, .T. ) ;
#6389 = DIRECTION ( 'NONE',  ( 0.000000000000000000, -1.000000000000000000, 0.000000000000000000 ) ) ;
#6390 = VERTEX_POINT ( 'NONE', #2624 ) ;
#6391 = ORIENTED_EDGE ( 'NONE', *, *, #6128, .T. ) ;
#6392 = ADVANCED_FACE ( 'NONE', ( #2452 ), #5109, .T. ) ;
#6393 = ORIENTED_EDGE ( 'NONE', *, *, #484, .F. ) ;
#6394 = CARTESIAN_POINT ( 'NONE',  ( 1.225000000000000533, 0.2000000000000000944, 1.225000000000000755 ) ) ;
#6395 = EDGE_CURVE ( 'NONE', #8293, #1036, #7787, .T. ) ;
#6396 = ORIENTED_EDGE ( 'NONE', *, *, #3051, .T. ) ;
#6397 = AXIS2_PLACEMENT_3D ( 'NONE', #3071, #3020, #3594 ) ;
#6398 = CARTESIAN_POINT ( 'NONE',  ( 0.1250000000000005551, 0.000000000000000000, -1.725000000000000311 ) ) ;
#6399 = VERTEX_POINT ( 'NONE', #896 ) ;
#6400 = CARTESIAN_POINT ( 'NONE',  ( -1.724999999999999867, 0.000000000000000000, 1.125000000000000000 ) ) ;
#6401 = CARTESIAN_POINT ( 'NONE',  ( 0.6250000000000005551, 0.1999999999999999833, -1.725000000000000311 ) ) ;
#6402 = VECTOR ( 'NONE', #1085, 1000.000000000000000 ) ;
#6403 = ADVANCED_FACE ( 'NONE', ( #2167 ), #6857, .F. ) ;
#6404 = ORIENTED_EDGE ( 'NONE', *, *, #8141, .T. ) ;
#6405 = ADVANCED_FACE ( 'NONE', ( #282 ), #8065, .T. ) ;
#6406 = CARTESIAN_POINT ( 'NONE',  ( 1.724999999999999867, 0.6716990566028301357, 0.8750000000000003331 ) ) ;
#6407 = DIRECTION ( 'NONE',  ( 1.000000000000000000, -0.000000000000000000, 7.885106708985496922E-16 ) ) ;
#6408 = CARTESIAN_POINT ( 'NONE',  ( -0.3749999999999994449, 0.2000000000000000111, -1.725000000000000311 ) ) ;
#6409 = AXIS2_PLACEMENT_3D ( 'NONE', #2731, #5349, #751 ) ;
#6410 = DIRECTION ( 'NONE',  ( 0.000000000000000000, -0.000000000000000000, -1.000000000000000000 ) ) ;
#6411 = PLANE ( 'NONE',  #1219 ) ;
#6412 = VERTEX_POINT ( 'NONE', #4776 ) ;
#6413 = MANIFOLD_SOLID_BREP ( 'LPattern3[3]', #2441 ) ;
#6414 = AXIS2_PLACEMENT_3D ( 'NONE', #4443, #3801, #6904 ) ;
#6415 = EDGE_CURVE ( 'NONE', #5997, #2927, #3981, .T. ) ;
#6416 = CARTESIAN_POINT ( 'NONE',  ( -1.124999999999999778, 0.1999999999999999833, 2.000000000000000000 ) ) ;
#6417 = EDGE_CURVE ( 'NONE', #6137, #5577, #6163, .T. ) ;
#6418 = DIRECTION ( 'NONE',  ( -0.000000000000000000, -0.000000000000000000, 1.000000000000000000 ) ) ;
#6419 = CARTESIAN_POINT ( 'NONE',  ( 1.999999999999999556, 0.000000000000000000, 0.8750000000000005551 ) ) ;
#6420 = EDGE_LOOP ( 'NONE', ( #1768, #3739, #7654, #6351 ) ) ;
#6421 = CARTESIAN_POINT ( 'NONE',  ( -1.374999999999999556, 0.2000000000000000111, 1.725000000000000311 ) ) ;
#6422 = DIRECTION ( 'NONE',  ( 0.000000000000000000, -1.000000000000000000, 0.000000000000000000 ) ) ;
#6423 = ORIENTED_EDGE ( 'NONE', *, *, #8511, .F. ) ;
#6424 = CYLINDRICAL_SURFACE ( 'NONE', #6453, 0.1249999999999998890 ) ;
#6425 = ORIENTED_EDGE ( 'NONE', *, *, #3387, .F. ) ;
#6426 = CARTESIAN_POINT ( 'NONE',  ( 1.999999999999999556, 0.6716990566028301357, 0.3750000000000005551 ) ) ;
#6427 = LINE ( 'NONE', #3039, #1928 ) ;
#6428 = DIRECTION ( 'NONE',  ( 0.000000000000000000, -1.000000000000000000, 0.000000000000000000 ) ) ;
#6429 = MANIFOLD_SOLID_BREP ( 'Boss-Extrude3[1]', #5221 ) ;
#6430 = DIRECTION ( 'NONE',  ( -0.000000000000000000, -1.000000000000000000, -0.000000000000000000 ) ) ;
#6431 = ORIENTED_EDGE ( 'NONE', *, *, #7274, .T. ) ;
#6432 = CARTESIAN_POINT ( 'NONE',  ( -1.224999999999999645, 0.2000000000000000944, -1.225000000000000755 ) ) ;
#6433 = ORIENTED_EDGE ( 'NONE', *, *, #5653, .T. ) ;
#6434 = ORIENTED_EDGE ( 'NONE', *, *, #3717, .T. ) ;
#6435 = CIRCLE ( 'NONE', #7131, 0.1000000000000000472 ) ;
#6436 = ORIENTED_EDGE ( 'NONE', *, *, #6555, .T. ) ;
#6437 = LINE ( 'NONE', #1698, #1468 ) ;
#6438 = ORIENTED_EDGE ( 'NONE', *, *, #4777, .T. ) ;
#6439 = CARTESIAN_POINT ( 'NONE',  ( 0.7500000000000004441, 0.1999999999999999833, 1.725000000000000089 ) ) ;
#6440 = AXIS2_PLACEMENT_3D ( 'NONE', #4456, #6841, #7098 ) ;
#6441 = CARTESIAN_POINT ( 'NONE',  ( -0.8749999999999994449, 0.1999999999999996503, -1.999999999999999556 ) ) ;
#6442 = ORIENTED_EDGE ( 'NONE', *, *, #4804, .F. ) ;
#6443 = MANIFOLD_SOLID_BREP ( 'LPattern4[6]', #4792 ) ;
#6444 = CARTESIAN_POINT ( 'NONE',  ( 0.7500000000000004441, 0.000000000000000000, 1.725000000000000089 ) ) ;
#6445 = ADVANCED_FACE ( 'NONE', ( #6340 ), #152, .F. ) ;
#6446 = CYLINDRICAL_SURFACE ( 'NONE', #3757, 0.1333333333333333870 ) ;
#6447 = ORIENTED_EDGE ( 'NONE', *, *, #2841, .F. ) ;
#6448 = VECTOR ( 'NONE', #4774, 1000.000000000000000 ) ;
#6449 = LINE ( 'NONE', #1923, #6248 ) ;
#6450 = CARTESIAN_POINT ( 'NONE',  ( -1.999999999999999556, 0.6716990566028301357, 1.375000000000000666 ) ) ;
#6451 = LINE ( 'NONE', #7920, #1675 ) ;
#6452 = EDGE_CURVE ( 'NONE', #94, #3569, #6944, .T. ) ;
#6453 = AXIS2_PLACEMENT_3D ( 'NONE', #414, #3659, #5772 ) ;
#6454 = DIRECTION ( 'NONE',  ( 1.000000000000000000, 0.000000000000000000, 0.000000000000000000 ) ) ;
#6455 = EDGE_CURVE ( 'NONE', #6888, #7086, #3146, .T. ) ;
#6456 = DIRECTION ( 'NONE',  ( -1.000000000000000000, 0.000000000000000000, 0.000000000000000000 ) ) ;
#6457 = ORIENTED_EDGE ( 'NONE', *, *, #2679, .T. ) ;
#6458 = MANIFOLD_SOLID_BREP ( 'LPattern3[5]', #3135 ) ;
#6459 = DIRECTION ( 'NONE',  ( 0.000000000000000000, -1.000000000000000000, 0.000000000000000000 ) ) ;
#6460 = DIRECTION ( 'NONE',  ( 1.084202172485504681E-16, -0.000000000000000000, 1.000000000000000000 ) ) ;
#6461 = LINE ( 'NONE', #5892, #7210 ) ;
#6462 = AXIS2_PLACEMENT_3D ( 'NONE', #4505, #6539, #5928 ) ;
#6463 = VERTEX_POINT ( 'NONE', #8414 ) ;
#6464 = PLANE ( 'NONE',  #5970 ) ;
#6465 = CLOSED_SHELL ( 'NONE', ( #6581, #508, #1230, #6405, #4257, #6572 ) ) ;
#6466 = CARTESIAN_POINT ( 'NONE',  ( -1.124999999999999778, 0.2000000000000000944, 1.124999999999999334 ) ) ;
#6467 = ORIENTED_EDGE ( 'NONE', *, *, #2793, .T. ) ;
#6468 = DIRECTION ( 'NONE',  ( 0.000000000000000000, 0.000000000000000000, 1.000000000000000000 ) ) ;
#6469 = EDGE_CURVE ( 'NONE', #749, #5810, #982, .T. ) ;
#6470 = ORIENTED_EDGE ( 'NONE', *, *, #6455, .F. ) ;
#6471 = AXIS2_PLACEMENT_3D ( 'NONE', #3229, #3147, #1137 ) ;
#6472 = VECTOR ( 'NONE', #7067, 1000.000000000000000 ) ;
#6473 = DIRECTION ( 'NONE',  ( 0.000000000000000000, 0.000000000000000000, -1.000000000000000000 ) ) ;
#6474 = CARTESIAN_POINT ( 'NONE',  ( -1.249999999999999556, 0.2000000000000000111, -1.725000000000000089 ) ) ;
#6475 = DIRECTION ( 'NONE',  ( -0.7071067811865479058, -0.000000000000000000, 0.7071067811865472397 ) ) ;
#6476 = PRESENTATION_LAYER_ASSIGNMENT (  '', '', ( #8257 ) ) ;
#6477 = MANIFOLD_SOLID_BREP ( 'LPattern4[5]', #1736 ) ;
#6478 = CARTESIAN_POINT ( 'NONE',  ( -0.6249999999999996669, 0.2000000000000000111, 1.725000000000000311 ) ) ;
#6479 = ORIENTED_EDGE ( 'NONE', *, *, #5925, .F. ) ;
#6480 = PRESENTATION_LAYER_ASSIGNMENT (  '', '', ( #205 ) ) ;
#6481 = LINE ( 'NONE', #1644, #7967 ) ;
#6482 = ADVANCED_FACE ( 'NONE', ( #2429 ), #8367, .F. ) ;
#6483 = ORIENTED_EDGE ( 'NONE', *, *, #2100, .F. ) ;
#6484 = EDGE_LOOP ( 'NONE', ( #8113, #2222, #575, #4434 ) ) ;
#6485 = FILL_AREA_STYLE ('',( #5014 ) ) ;
#6486 = LINE ( 'NONE', #7909, #8055 ) ;
#6487 = LINE ( 'NONE', #925, #6164 ) ;
#6488 = ORIENTED_EDGE ( 'NONE', *, *, #1010, .T. ) ;
#6489 = DIRECTION ( 'NONE',  ( 0.000000000000000000, 1.000000000000000000, -0.000000000000000000 ) ) ;
#6490 = CARTESIAN_POINT ( 'NONE',  ( -1.374999999999999556, 0.2000000000000000111, 2.000000000000000000 ) ) ;
#6491 = ORIENTED_EDGE ( 'NONE', *, *, #235, .F. ) ;
#6492 = CARTESIAN_POINT ( 'NONE',  ( -1.999999999999999556, 0.1999999999999999833, -0.3749999999999998890 ) ) ;
#6493 = DIRECTION ( 'NONE',  ( 0.000000000000000000, 0.000000000000000000, -1.000000000000000000 ) ) ;
#6494 = CARTESIAN_POINT ( 'NONE',  ( -0.1249999999999996808, 0.6716990566028298026, -2.000000000000000000 ) ) ;
#6495 = EDGE_CURVE ( 'NONE', #1835, #4997, #8581, .T. ) ;
#6496 = FACE_OUTER_BOUND ( 'NONE', #5598, .T. ) ;
#6497 = PLANE ( 'NONE',  #3888 ) ;
#6498 = ORIENTED_EDGE ( 'NONE', *, *, #1831, .T. ) ;
#6499 = LINE ( 'NONE', #8488, #6055 ) ;
#6500 = PLANE ( 'NONE',  #7355 ) ;
#6501 = LINE ( 'NONE', #2681, #396 ) ;
#6502 = ORIENTED_EDGE ( 'NONE', *, *, #5765, .T. ) ;
#6503 = LINE ( 'NONE', #7197, #555 ) ;
#6504 = CARTESIAN_POINT ( 'NONE',  ( -0.3749999999999994449, 0.6716990566028298026, 2.000000000000000000 ) ) ;
#6505 = ORIENTED_EDGE ( 'NONE', *, *, #404, .F. ) ;
#6506 = CARTESIAN_POINT ( 'NONE',  ( 0.6250000000000005551, 0.000000000000000000, -2.000000000000000000 ) ) ;
#6507 = ORIENTED_EDGE ( 'NONE', *, *, #8456, .F. ) ;
#6508 = LINE ( 'NONE', #3296, #5508 ) ;
#6509 = AXIS2_PLACEMENT_3D ( 'NONE', #8398, #6927, #5674 ) ;
#6510 = CARTESIAN_POINT ( 'NONE',  ( -0.1249999999999996808, 0.04999999999999999584, -1.725000000000000311 ) ) ;
#6511 = EDGE_CURVE ( 'NONE', #3029, #644, #5215, .T. ) ;
#6512 = DIRECTION ( 'NONE',  ( 0.000000000000000000, 1.000000000000000000, 0.000000000000000000 ) ) ;
#6513 = DIRECTION ( 'NONE',  ( 0.000000000000000000, 0.000000000000000000, -1.000000000000000000 ) ) ;
#6514 = EDGE_CURVE ( 'NONE', #1509, #3240, #2647, .T. ) ;
#6515 = DIRECTION ( 'NONE',  ( 0.000000000000000000, -1.000000000000000000, 0.000000000000000000 ) ) ;
#6516 = AXIS2_PLACEMENT_3D ( 'NONE', #6544, #1849, #1983 ) ;
#6517 = CARTESIAN_POINT ( 'NONE',  ( -1.724999999999999867, 0.1999999999999999833, 0.7500000000000002220 ) ) ;
#6518 = ORIENTED_EDGE ( 'NONE', *, *, #2045, .F. ) ;
#6519 = FACE_OUTER_BOUND ( 'NONE', #2234, .T. ) ;
#6520 = ORIENTED_EDGE ( 'NONE', *, *, #8166, .F. ) ;
#6521 = VECTOR ( 'NONE', #8341, 1000.000000000000000 ) ;
#6522 = ORIENTED_EDGE ( 'NONE', *, *, #6023, .T. ) ;
#6523 =( NAMED_UNIT ( * ) SI_UNIT ( $, .STERADIAN. ) SOLID_ANGLE_UNIT ( ) );
#6524 = AXIS2_PLACEMENT_3D ( 'NONE', #8225, #8358, #3027 ) ;
#6525 = EDGE_CURVE ( 'NONE', #8044, #1083, #1467, .T. ) ;
#6526 = DIRECTION ( 'NONE',  ( -0.000000000000000000, -0.000000000000000000, -1.000000000000000000 ) ) ;
#6527 = VECTOR ( 'NONE', #7677, 1000.000000000000000 ) ;
#6528 = FACE_OUTER_BOUND ( 'NONE', #5937, .T. ) ;
#6529 = ORIENTED_EDGE ( 'NONE', *, *, #1014, .F. ) ;
#6530 = VECTOR ( 'NONE', #305, 1000.000000000000000 ) ;
#6531 = FACE_OUTER_BOUND ( 'NONE', #1234, .T. ) ;
#6532 = DIRECTION ( 'NONE',  ( 0.000000000000000000, 0.000000000000000000, 1.000000000000000000 ) ) ;
#6533 = ORIENTED_EDGE ( 'NONE', *, *, #1562, .F. ) ;
#6534 = AXIS2_PLACEMENT_3D ( 'NONE', #3869, #7930, #5253 ) ;
#6535 = CARTESIAN_POINT ( 'NONE',  ( 1.999999999999999556, 0.1999999999999999833, 0.3750000000000005551 ) ) ;
#6536 = DIRECTION ( 'NONE',  ( 1.000000000000000000, 0.000000000000000000, -7.885106708985496922E-16 ) ) ;
#6537 = DIRECTION ( 'NONE',  ( 0.000000000000000000, 1.000000000000000000, 0.000000000000000000 ) ) ;
#6538 = VECTOR ( 'NONE', #482, 1000.000000000000000 ) ;
#6539 = DIRECTION ( 'NONE',  ( 0.7071067811865447972, -0.000000000000000000, 0.7071067811865502373 ) ) ;
#6540 = CARTESIAN_POINT ( 'NONE',  ( 1.724999999999999867, 0.05000000000000002359, 0.1250000000000001110 ) ) ;
#6541 = ORIENTED_EDGE ( 'NONE', *, *, #5495, .T. ) ;
#6542 =( LENGTH_UNIT ( ) NAMED_UNIT ( * ) SI_UNIT ( .MILLI., .METRE. ) );
#6543 = CARTESIAN_POINT ( 'NONE',  ( -0.6249999999999996669, 0.04999999999999969746, 2.000000000000000000 ) ) ;
#6544 = CARTESIAN_POINT ( 'NONE',  ( -1.724999999999999867, 0.1999999999999999833, -0.2499999999999997780 ) ) ;
#6545 = VECTOR ( 'NONE', #4027, 1000.000000000000000 ) ;
#6546 = ORIENTED_EDGE ( 'NONE', *, *, #1991, .F. ) ;
#6547 = CARTESIAN_POINT ( 'NONE',  ( 1.724999999999999867, 0.6716990566028301357, 0.6250000000000001110 ) ) ;
#6548 = CARTESIAN_POINT ( 'NONE',  ( -1.249999999999999556, 0.2000000000000000111, 1.725000000000000089 ) ) ;
#6549 = VERTEX_POINT ( 'NONE', #4692 ) ;
#6550 = DIRECTION ( 'NONE',  ( 0.000000000000000000, 1.000000000000000000, -0.000000000000000000 ) ) ;
#6551 = EDGE_CURVE ( 'NONE', #8474, #7481, #4953, .T. ) ;
#6552 = ORIENTED_EDGE ( 'NONE', *, *, #1398, .F. ) ;
#6553 = CARTESIAN_POINT ( 'NONE',  ( -1.249999999999999556, 0.2000000000000000111, -1.725000000000000089 ) ) ;
#6554 = AXIS2_PLACEMENT_3D ( 'NONE', #4855, #95, #6022 ) ;
#6555 = EDGE_CURVE ( 'NONE', #3906, #2686, #8122, .T. ) ;
#6556 = PLANE ( 'NONE',  #2448 ) ;
#6557 = FACE_OUTER_BOUND ( 'NONE', #4576, .T. ) ;
#6558 = DIRECTION ( 'NONE',  ( -0.000000000000000000, 0.000000000000000000, 1.000000000000000000 ) ) ;
#6559 = LINE ( 'NONE', #2038, #691 ) ;
#6560 = DIRECTION ( 'NONE',  ( 0.000000000000000000, 0.000000000000000000, -1.000000000000000000 ) ) ;
#6561 = ORIENTED_EDGE ( 'NONE', *, *, #4140, .T. ) ;
#6562 = DIRECTION ( 'NONE',  ( -0.000000000000000000, -1.000000000000000000, -0.000000000000000000 ) ) ;
#6563 = EDGE_CURVE ( 'NONE', #3348, #4357, #1892, .T. ) ;
#6564 = ORIENTED_EDGE ( 'NONE', *, *, #8099, .T. ) ;
#6565 = EDGE_CURVE ( 'NONE', #1421, #7852, #7294, .T. ) ;
#6566 = ORIENTED_EDGE ( 'NONE', *, *, #1038, .T. ) ;
#6567 = DIRECTION ( 'NONE',  ( -0.000000000000000000, -0.000000000000000000, 1.000000000000000000 ) ) ;
#6568 = DIRECTION ( 'NONE',  ( -1.000000000000000000, 0.000000000000000000, 0.000000000000000000 ) ) ;
#6569 = CYLINDRICAL_SURFACE ( 'NONE', #2703, 0.1249999999999998890 ) ;
#6570 = ORIENTED_EDGE ( 'NONE', *, *, #5782, .T. ) ;
#6571 = DIRECTION ( 'NONE',  ( -0.000000000000000000, 0.000000000000000000, 1.000000000000000000 ) ) ;
#6572 = ADVANCED_FACE ( 'NONE', ( #1242 ), #2521, .T. ) ;
#6573 = LINE ( 'NONE', #5838, #250 ) ;
#6574 = VERTEX_POINT ( 'NONE', #5175 ) ;
#6575 = CARTESIAN_POINT ( 'NONE',  ( 1.999999999999999556, 0.1999999999999999833, -1.124999999999999556 ) ) ;
#6576 = LINE ( 'NONE', #5113, #4041 ) ;
#6577 = AXIS2_PLACEMENT_3D ( 'NONE', #4952, #8230, #5726 ) ;
#6578 = EDGE_CURVE ( 'NONE', #3704, #6338, #712, .T. ) ;
#6579 = DIRECTION ( 'NONE',  ( 0.000000000000000000, -1.000000000000000000, 0.000000000000000000 ) ) ;
#6580 = DIRECTION ( 'NONE',  ( 0.000000000000000000, -1.000000000000000000, 0.000000000000000000 ) ) ;
#6581 = ADVANCED_FACE ( 'NONE', ( #668 ), #3339, .F. ) ;
#6582 = CYLINDRICAL_SURFACE ( 'NONE', #4841, 0.1249999999999998890 ) ;
#6583 = VECTOR ( 'NONE', #3550, 1000.000000000000000 ) ;
#6584 = ORIENTED_EDGE ( 'NONE', *, *, #8563, .F. ) ;
#6585 = LINE ( 'NONE', #2552, #8455 ) ;
#6586 = CARTESIAN_POINT ( 'NONE',  ( 1.999999999999999556, 0.1999999999999999833, -1.124999999999999556 ) ) ;
#6587 = ORIENTED_EDGE ( 'NONE', *, *, #7188, .F. ) ;
#6588 = CARTESIAN_POINT ( 'NONE',  ( 0.3750000000000003331, 0.2000000000000000111, -2.000000000000000000 ) ) ;
#6589 = VECTOR ( 'NONE', #798, 1000.000000000000000 ) ;
#6590 = FACE_OUTER_BOUND ( 'NONE', #3851, .T. ) ;
#6591 = EDGE_LOOP ( 'NONE', ( #8366, #3544, #6541, #1635 ) ) ;
#6592 = CARTESIAN_POINT ( 'NONE',  ( 1.724999999999999867, 0.05000000000000002359, 1.375000000000000444 ) ) ;
#6593 = ORIENTED_EDGE ( 'NONE', *, *, #6631, .T. ) ;
#6594 = CARTESIAN_POINT ( 'NONE',  ( 1.999999999999999556, 0.6716990566028301357, -0.3749999999999998890 ) ) ;
#6595 = ORIENTED_EDGE ( 'NONE', *, *, #989, .F. ) ;
#6596 = CIRCLE ( 'NONE', #7429, 0.1333333333333333870 ) ;
#6597 = DIRECTION ( 'NONE',  ( 0.000000000000000000, -1.000000000000000000, 0.000000000000000000 ) ) ;
#6598 = CARTESIAN_POINT ( 'NONE',  ( 1.125000000000000666, 0.05000000000000000278, 0.000000000000000000 ) ) ;
#6599 = PLANE ( 'NONE',  #1817 ) ;
#6600 = VERTEX_POINT ( 'NONE', #3918 ) ;
#6601 = DIRECTION ( 'NONE',  ( 0.000000000000000000, 0.000000000000000000, -1.000000000000000000 ) ) ;
#6602 = DIRECTION ( 'NONE',  ( 0.000000000000000000, -1.000000000000000000, 0.000000000000000000 ) ) ;
#6603 = EDGE_CURVE ( 'NONE', #3348, #7120, #1990, .T. ) ;
#6604 = AXIS2_PLACEMENT_3D ( 'NONE', #4029, #5582, #8213 ) ;
#6605 = ORIENTED_EDGE ( 'NONE', *, *, #8568, .T. ) ;
#6606 = DIRECTION ( 'NONE',  ( 0.000000000000000000, -1.000000000000000000, 0.000000000000000000 ) ) ;
#6607 = ORIENTED_EDGE ( 'NONE', *, *, #1767, .F. ) ;
#6608 = AXIS2_PLACEMENT_3D ( 'NONE', #8368, #6382, #5048 ) ;
#6609 = ORIENTED_EDGE ( 'NONE', *, *, #8510, .T. ) ;
#6610 = PRESENTATION_STYLE_ASSIGNMENT (( #3358 ) ) ;
#6611 = MECHANICAL_DESIGN_GEOMETRIC_PRESENTATION_REPRESENTATION (  '', ( #3278 ), #1328 ) ;
#6612 = CARTESIAN_POINT ( 'NONE',  ( 1.375000000000000444, 0.2000000000000000111, 2.000000000000000000 ) ) ;
#6613 = PLANE ( 'NONE',  #602 ) ;
#6614 = ORIENTED_EDGE ( 'NONE', *, *, #2889, .T. ) ;
#6615 = VECTOR ( 'NONE', #3525, 1000.000000000000000 ) ;
#6616 = VECTOR ( 'NONE', #6760, 1000.000000000000000 ) ;
#6617 = SURFACE_STYLE_FILL_AREA ( #7517 ) ;
#6618 = VERTEX_POINT ( 'NONE', #5346 ) ;
#6619 = CARTESIAN_POINT ( 'NONE',  ( -1.724999999999999867, 0.1999999999999999833, 0.1250000000000000000 ) ) ;
#6620 = LINE ( 'NONE', #1841, #3336 ) ;
#6621 = EDGE_CURVE ( 'NONE', #1037, #2081, #2032, .T. ) ;
#6622 = DIRECTION ( 'NONE',  ( -0.000000000000000000, -1.000000000000000000, 0.000000000000000000 ) ) ;
#6623 = CARTESIAN_POINT ( 'NONE',  ( -1.724999999999999867, 0.6716990566028301357, -0.8749999999999998890 ) ) ;
#6624 = VECTOR ( 'NONE', #5733, 1000.000000000000000 ) ;
#6625 = CARTESIAN_POINT ( 'NONE',  ( 0.8750000000000003331, 0.6716990566028298026, -2.000000000000000000 ) ) ;
#6626 = EDGE_LOOP ( 'NONE', ( #119, #3917, #7505, #4088, #5784 ) ) ;
#6627 = SURFACE_STYLE_FILL_AREA ( #6909 ) ;
#6628 = CARTESIAN_POINT ( 'NONE',  ( -1.224999999999999645, 0.2000000000000000944, -1.025000000000001243 ) ) ;
#6629 = CARTESIAN_POINT ( 'NONE',  ( -1.249999999999999556, 0.2000000000000000111, 1.725000000000000089 ) ) ;
#6630 = ORIENTED_EDGE ( 'NONE', *, *, #8178, .T. ) ;
#6631 = EDGE_CURVE ( 'NONE', #3536, #275, #3005, .T. ) ;
#6632 = PLANE ( 'NONE',  #7782 ) ;
#6633 = DIRECTION ( 'NONE',  ( 0.000000000000000000, 0.000000000000000000, -1.000000000000000000 ) ) ;
#6634 = VERTEX_POINT ( 'NONE', #3958 ) ;
#6635 = CARTESIAN_POINT ( 'NONE',  ( 1.724999999999999867, 0.000000000000000000, 0.3750000000000003331 ) ) ;
#6636 = ORIENTED_EDGE ( 'NONE', *, *, #4804, .T. ) ;
#6637 = CARTESIAN_POINT ( 'NONE',  ( 0.1250000000000005551, 0.2000000000000000111, 1.725000000000000311 ) ) ;
#6638 = ORIENTED_EDGE ( 'NONE', *, *, #1424, .T. ) ;
#6639 = CARTESIAN_POINT ( 'NONE',  ( -1.724999999999999867, 0.05000000000000002359, 0.2500000000000002220 ) ) ;
#6640 = DIRECTION ( 'NONE',  ( 0.000000000000000000, 0.000000000000000000, 1.000000000000000000 ) ) ;
#6641 = CARTESIAN_POINT ( 'NONE',  ( -0.6249999999999996669, 0.1999999999999999833, 1.725000000000000311 ) ) ;
#6642 = VERTEX_POINT ( 'NONE', #2689 ) ;
#6643 = CARTESIAN_POINT ( 'NONE',  ( 1.724999999999999867, 0.6716990566028301357, 1.125000000000000000 ) ) ;
#6644 = CARTESIAN_POINT ( 'NONE',  ( -1.724999999999999867, 0.6716990566028301357, -0.2499999999999997780 ) ) ;
#6645 = ORIENTED_EDGE ( 'NONE', *, *, #3588, .T. ) ;
#6646 = DIRECTION ( 'NONE',  ( 0.000000000000000000, 1.000000000000000000, -0.000000000000000000 ) ) ;
#6647 = ORIENTED_EDGE ( 'NONE', *, *, #70, .T. ) ;
#6648 = VECTOR ( 'NONE', #268, 1000.000000000000000 ) ;
#6649 = EDGE_CURVE ( 'NONE', #3926, #1571, #7892, .T. ) ;
#6650 = ORIENTED_EDGE ( 'NONE', *, *, #5391, .T. ) ;
#6651 = AXIS2_PLACEMENT_3D ( 'NONE', #350, #7533, #5666 ) ;
#6652 =( LENGTH_UNIT ( ) NAMED_UNIT ( * ) SI_UNIT ( .MILLI., .METRE. ) );
#6653 = DIRECTION ( 'NONE',  ( -1.000000000000000000, 0.000000000000000000, -7.885106708985496922E-16 ) ) ;
#6654 = ORIENTED_EDGE ( 'NONE', *, *, #7453, .T. ) ;
#6655 = VECTOR ( 'NONE', #2802, 1000.000000000000000 ) ;
#6656 = EDGE_CURVE ( 'NONE', #3567, #3926, #4611, .T. ) ;
#6657 = ORIENTED_EDGE ( 'NONE', *, *, #6821, .T. ) ;
#6658 = EDGE_CURVE ( 'NONE', #4900, #2383, #6508, .T. ) ;
#6659 = DIRECTION ( 'NONE',  ( 0.000000000000000000, 0.000000000000000000, -1.000000000000000000 ) ) ;
#6660 = VECTOR ( 'NONE', #6138, 1000.000000000000000 ) ;
#6661 = CARTESIAN_POINT ( 'NONE',  ( -0.1249999999999996808, 0.2000000000000000111, -2.000000000000000000 ) ) ;
#6662 = VECTOR ( 'NONE', #922, 1000.000000000000000 ) ;
#6663 = EDGE_CURVE ( 'NONE', #3756, #6888, #542, .T. ) ;
#6664 = PLANE ( 'NONE',  #3749 ) ;
#6665 = CIRCLE ( 'NONE', #2227, 0.1333333333333333870 ) ;
#6666 = EDGE_LOOP ( 'NONE', ( #74, #1423, #4779, #4445 ) ) ;
#6667 = EDGE_CURVE ( 'NONE', #3453, #7074, #787, .T. ) ;
#6668 = EDGE_CURVE ( 'NONE', #4689, #871, #6194, .T. ) ;
#6669 = CARTESIAN_POINT ( 'NONE',  ( -1.999999999999999556, 0.000000000000000000, 0.6250000000000001110 ) ) ;
#6670 = DIRECTION ( 'NONE',  ( 0.000000000000000000, 0.000000000000000000, 1.000000000000000000 ) ) ;
#6671 = DIRECTION ( 'NONE',  ( 0.000000000000000000, 1.000000000000000000, 0.000000000000000000 ) ) ;
#6672 = VECTOR ( 'NONE', #1057, 1000.000000000000000 ) ;
#6673 = DIRECTION ( 'NONE',  ( -0.000000000000000000, -1.000000000000000000, -0.000000000000000000 ) ) ;
#6674 = ORIENTED_EDGE ( 'NONE', *, *, #5351, .T. ) ;
#6675 = CARTESIAN_POINT ( 'NONE',  ( -0.3749999999999994449, 0.04999999999999999584, -1.725000000000000311 ) ) ;
#6676 = ORIENTED_EDGE ( 'NONE', *, *, #3440, .F. ) ;
#6677 = CARTESIAN_POINT ( 'NONE',  ( 1.724999999999999867, 0.1999999999999999833, -0.2499999999999997780 ) ) ;
#6678 = ADVANCED_FACE ( 'NONE', ( #3554 ), #1489, .F. ) ;
#6679 = ORIENTED_EDGE ( 'NONE', *, *, #674, .T. ) ;
#6680 = ADVANCED_FACE ( 'NONE', ( #6065 ), #4810, .T. ) ;
#6681 = MECHANICAL_DESIGN_GEOMETRIC_PRESENTATION_REPRESENTATION (  '', ( #3493 ), #4474 ) ;
#6682 = PLANE ( 'NONE',  #714 ) ;
#6683 = CARTESIAN_POINT ( 'NONE',  ( 1.125000000000000666, 0.2000000000000000944, 1.125000000000000888 ) ) ;
#6684 = LINE ( 'NONE', #144, #1530 ) ;
#6685 = ORIENTED_EDGE ( 'NONE', *, *, #8132, .T. ) ;
#6686 = CARTESIAN_POINT ( 'NONE',  ( 1.999999999999999556, 0.6716990566028301357, -1.375000000000000000 ) ) ;
#6687 = ADVANCED_FACE ( 'NONE', ( #8015 ), #7376, .F. ) ;
#6688 = LINE ( 'NONE', #7384, #5739 ) ;
#6689 = ORIENTED_EDGE ( 'NONE', *, *, #3110, .F. ) ;
#6690 = AXIS2_PLACEMENT_3D ( 'NONE', #1369, #6068, #716 ) ;
#6691 = DIRECTION ( 'NONE',  ( 0.000000000000000000, -1.000000000000000000, 0.000000000000000000 ) ) ;
#6692 = EDGE_LOOP ( 'NONE', ( #2944, #469, #315, #1808 ) ) ;
#6693 = EDGE_CURVE ( 'NONE', #7975, #2274, #834, .T. ) ;
#6694 = VERTEX_POINT ( 'NONE', #6887 ) ;
#6695 = FILL_AREA_STYLE ('',( #5230 ) ) ;
#6696 = AXIS2_PLACEMENT_3D ( 'NONE', #7732, #5783, #6256 ) ;
#6697 = CARTESIAN_POINT ( 'NONE',  ( 1.999999999999999556, 0.000000000000000000, -0.3749999999999998890 ) ) ;
#6698 = CARTESIAN_POINT ( 'NONE',  ( -1.999999999999999556, 0.1999999999999999833, -1.124999999999999556 ) ) ;
#6699 = ORIENTED_EDGE ( 'NONE', *, *, #4199, .T. ) ;
#6700 = VERTEX_POINT ( 'NONE', #4122 ) ;
#6701 = APPLICATION_PROTOCOL_DEFINITION ( 'draft international standard', 'automotive_design', 1998, #8103 ) ;
#6702 = VERTEX_POINT ( 'NONE', #4083 ) ;
#6703 = DIRECTION ( 'NONE',  ( 0.000000000000000000, 0.000000000000000000, -1.000000000000000000 ) ) ;
#6704 = EDGE_CURVE ( 'NONE', #5911, #1527, #7458, .T. ) ;
#6705 = UNCERTAINTY_MEASURE_WITH_UNIT (LENGTH_MEASURE( 1.000000000000000082E-05 ), #3182, 'distance_accuracy_value', 'NONE');
#6706 = LINE ( 'NONE', #8612, #197 ) ;
#6707 = CARTESIAN_POINT ( 'NONE',  ( -1.999999999999999556, 0.1999999999999999833, 0.6250000000000001110 ) ) ;
#6708 = ORIENTED_EDGE ( 'NONE', *, *, #2583, .T. ) ;
#6709 = VECTOR ( 'NONE', #5211, 1000.000000000000000 ) ;
#6710 = DIRECTION ( 'NONE',  ( 0.000000000000000000, 0.000000000000000000, -1.000000000000000000 ) ) ;
#6711 = DIRECTION ( 'NONE',  ( 0.000000000000000000, 1.000000000000000000, 0.000000000000000000 ) ) ;
#6712 = ADVANCED_FACE ( 'NONE', ( #2194 ), #4163, .F. ) ;
#6713 = DIRECTION ( 'NONE',  ( 1.000000000000000000, -0.000000000000000000, -1.084202172485504434E-16 ) ) ;
#6714 = DIRECTION ( 'NONE',  ( 0.000000000000000000, 0.000000000000000000, 1.000000000000000000 ) ) ;
#6715 = EDGE_CURVE ( 'NONE', #5919, #833, #3511, .T. ) ;
#6716 = AXIS2_PLACEMENT_3D ( 'NONE', #6798, #6061, #831 ) ;
#6717 = CARTESIAN_POINT ( 'NONE',  ( 0.8750000000000003331, 0.1999999999999999833, -2.000000000000000000 ) ) ;
#6718 = ORIENTED_EDGE ( 'NONE', *, *, #5380, .F. ) ;
#6719 = CARTESIAN_POINT ( 'NONE',  ( 0.6250000000000005551, 0.2000000000000000111, 1.725000000000000311 ) ) ;
#6720 = ORIENTED_EDGE ( 'NONE', *, *, #7303, .F. ) ;
#6721 = CARTESIAN_POINT ( 'NONE',  ( 0.6250000000000005551, 0.1999999999999999833, 1.725000000000000311 ) ) ;
#6722 = LINE ( 'NONE', #2113, #6381 ) ;
#6723 = DIRECTION ( 'NONE',  ( 0.000000000000000000, 0.000000000000000000, -1.000000000000000000 ) ) ;
#6724 = VECTOR ( 'NONE', #511, 1000.000000000000000 ) ;
#6725 = ORIENTED_EDGE ( 'NONE', *, *, #6565, .T. ) ;
#6726 = DIRECTION ( 'NONE',  ( 1.000000000000000000, 0.000000000000000000, -7.885106708985496922E-16 ) ) ;
#6727 = EDGE_CURVE ( 'NONE', #3141, #7977, #2809, .T. ) ;
#6728 = CARTESIAN_POINT ( 'NONE',  ( 1.999999999999999556, 0.6716990566028301357, -0.6249999999999994449 ) ) ;
#6729 = EDGE_LOOP ( 'NONE', ( #1599, #2808, #6529, #3315 ) ) ;
#6730 = LINE ( 'NONE', #2119, #5895 ) ;
#6731 = ORIENTED_EDGE ( 'NONE', *, *, #287, .T. ) ;
#6732 = VECTOR ( 'NONE', #3794, 1000.000000000000000 ) ;
#6733 = VERTEX_POINT ( 'NONE', #6719 ) ;
#6734 = CARTESIAN_POINT ( 'NONE',  ( 0.3750000000000003331, 0.1999999999999999833, -2.000000000000000000 ) ) ;
#6735 = VECTOR ( 'NONE', #6834, 1000.000000000000000 ) ;
#6736 = EDGE_CURVE ( 'NONE', #6856, #5397, #6150, .T. ) ;
#6737 = FILL_AREA_STYLE_COLOUR ( '', #7246 ) ;
#6738 = VECTOR ( 'NONE', #632, 1000.000000000000000 ) ;
#6739 = PLANE ( 'NONE',  #4382 ) ;
#6740 = ORIENTED_EDGE ( 'NONE', *, *, #3909, .T. ) ;
#6741 = COLOUR_RGB ( '',0.7921568627450980005, 0.8196078431372548767, 0.9333333333333333481 ) ;
#6742 = VERTEX_POINT ( 'NONE', #7541 ) ;
#6743 = ADVANCED_FACE ( 'NONE', ( #6020 ), #8090, .T. ) ;
#6744 = ORIENTED_EDGE ( 'NONE', *, *, #7611, .T. ) ;
#6745 = DIRECTION ( 'NONE',  ( -1.000000000000000000, 0.000000000000000000, 1.084202172485504434E-16 ) ) ;
#6746 = VECTOR ( 'NONE', #6107, 1000.000000000000000 ) ;
#6747 = FILL_AREA_STYLE_COLOUR ( '', #4671 ) ;
#6748 = CIRCLE ( 'NONE', #4275, 0.1250000000000001110 ) ;
#6749 = DIRECTION ( 'NONE',  ( 1.000000000000000000, -0.000000000000000000, -1.084202172485504434E-16 ) ) ;
#6750 = ADVANCED_FACE ( 'NONE', ( #4850 ), #4901, .F. ) ;
#6751 = ORIENTED_EDGE ( 'NONE', *, *, #6631, .F. ) ;
#6752 = AXIS2_PLACEMENT_3D ( 'NONE', #8197, #5565, #2257 ) ;
#6753 = CARTESIAN_POINT ( 'NONE',  ( -1.724999999999999867, 0.1999999999999999833, -0.8750000000000000000 ) ) ;
#6754 = EDGE_CURVE ( 'NONE', #4015, #3745, #5507, .T. ) ;
#6755 = CARTESIAN_POINT ( 'NONE',  ( -1.125000000000000000, 0.2000000000000000944, 1.224999999999999423 ) ) ;
#6756 = CARTESIAN_POINT ( 'NONE',  ( 1.724999999999999867, 0.6716990566028301357, 0.1249999999999998890 ) ) ;
#6757 = CARTESIAN_POINT ( 'NONE',  ( -0.7499999999999995559, 0.04999999999999999584, 1.725000000000000089 ) ) ;
#6758 = DIRECTION ( 'NONE',  ( 0.000000000000000000, 0.000000000000000000, -1.000000000000000000 ) ) ;
#6759 = VERTEX_POINT ( 'NONE', #53 ) ;
#6760 = DIRECTION ( 'NONE',  ( 0.000000000000000000, -1.000000000000000000, 0.000000000000000000 ) ) ;
#6761 = EDGE_CURVE ( 'NONE', #2848, #2305, #2728, .T. ) ;
#6762 = ORIENTED_EDGE ( 'NONE', *, *, #333, .F. ) ;
#6763 = DIRECTION ( 'NONE',  ( -0.000000000000000000, -1.000000000000000000, -0.000000000000000000 ) ) ;
#6764 = DIRECTION ( 'NONE',  ( -7.885106708985496922E-16, 0.000000000000000000, -1.000000000000000000 ) ) ;
#6765 = ORIENTED_EDGE ( 'NONE', *, *, #6011, .F. ) ;
#6766 = DIRECTION ( 'NONE',  ( 0.000000000000000000, -1.000000000000000000, 0.000000000000000000 ) ) ;
#6767 = CARTESIAN_POINT ( 'NONE',  ( 0.3750000000000003331, 0.6716990566028298026, -2.000000000000000000 ) ) ;
#6768 = ORIENTED_EDGE ( 'NONE', *, *, #3219, .T. ) ;
#6769 = DIRECTION ( 'NONE',  ( -1.000000000000000000, 0.000000000000000000, 7.885106708985496922E-16 ) ) ;
#6770 = ORIENTED_EDGE ( 'NONE', *, *, #3450, .T. ) ;
#6771 = SURFACE_STYLE_USAGE ( .BOTH. , #192 ) ;
#6772 = ADVANCED_FACE ( 'NONE', ( #4469 ), #6236, .F. ) ;
#6773 = ORIENTED_EDGE ( 'NONE', *, *, #7943, .F. ) ;
#6774 = ADVANCED_FACE ( 'NONE', ( #1008 ), #5590, .T. ) ;
#6775 = DIRECTION ( 'NONE',  ( -0.000000000000000000, -0.000000000000000000, 1.000000000000000000 ) ) ;
#6776 = DIRECTION ( 'NONE',  ( -1.000000000000000000, 0.000000000000000000, 0.000000000000000000 ) ) ;
#6777 = VECTOR ( 'NONE', #5425, 1000.000000000000000 ) ;
#6778 = CARTESIAN_POINT ( 'NONE',  ( -1.724999999999999867, 0.6716990566028301357, 0.1249999999999998890 ) ) ;
#6779 = ORIENTED_EDGE ( 'NONE', *, *, #2139, .F. ) ;
#6780 = FACE_OUTER_BOUND ( 'NONE', #5905, .T. ) ;
#6781 = ORIENTED_EDGE ( 'NONE', *, *, #7303, .T. ) ;
#6782 = ADVANCED_FACE ( 'NONE', ( #6278 ), #5632, .F. ) ;
#6783 =( LENGTH_UNIT ( ) NAMED_UNIT ( * ) SI_UNIT ( .MILLI., .METRE. ) );
#6784 = VECTOR ( 'NONE', #1163, 1000.000000000000000 ) ;
#6785 = CARTESIAN_POINT ( 'NONE',  ( 1.375000000000000444, 0.2000000000000000111, -2.000000000000000000 ) ) ;
#6786 = ORIENTED_EDGE ( 'NONE', *, *, #6350, .T. ) ;
#6787 = CARTESIAN_POINT ( 'NONE',  ( 2.000000000000000444, 0.05000000000000000278, -2.000000000000000000 ) ) ;
#6788 = SURFACE_STYLE_FILL_AREA ( #2094 ) ;
#6789 = VECTOR ( 'NONE', #3115, 1000.000000000000000 ) ;
#6790 = DIRECTION ( 'NONE',  ( -0.000000000000000000, -1.000000000000000000, -0.000000000000000000 ) ) ;
#6791 = CARTESIAN_POINT ( 'NONE',  ( 0.2500000000000004441, 0.2000000000000000111, -1.725000000000000089 ) ) ;
#6792 = VERTEX_POINT ( 'NONE', #1100 ) ;
#6793 = AXIS2_PLACEMENT_3D ( 'NONE', #5661, #3631, #2878 ) ;
#6794 = LINE ( 'NONE', #2235, #4459 ) ;
#6795 = LINE ( 'NONE', #7329, #3761 ) ;
#6796 = AXIS2_PLACEMENT_3D ( 'NONE', #4589, #7749, #1181 ) ;
#6797 = LINE ( 'NONE', #2805, #1531 ) ;
#6798 = CARTESIAN_POINT ( 'NONE',  ( -1.249999999999999556, 0.2000000000000000111, 1.725000000000000089 ) ) ;
#6799 = VECTOR ( 'NONE', #3563, 1000.000000000000000 ) ;
#6800 = FACE_OUTER_BOUND ( 'NONE', #4395, .T. ) ;
#6801 = ORIENTED_EDGE ( 'NONE', *, *, #3778, .F. ) ;
#6802 = DIRECTION ( 'NONE',  ( 0.000000000000000000, 1.000000000000000000, 0.000000000000000000 ) ) ;
#6803 =( GEOMETRIC_REPRESENTATION_CONTEXT ( 3 ) GLOBAL_UNCERTAINTY_ASSIGNED_CONTEXT ( ( #4796 ) ) GLOBAL_UNIT_ASSIGNED_CONTEXT ( ( #3364, #2790, #2355 ) ) REPRESENTATION_CONTEXT ( 'NONE', 'WORKASPACE' ) );
#6804 = ORIENTED_EDGE ( 'NONE', *, *, #2213, .T. ) ;
#6805 = DIRECTION ( 'NONE',  ( -0.000000000000000000, -1.000000000000000000, -0.000000000000000000 ) ) ;
#6806 = DIRECTION ( 'NONE',  ( -0.000000000000000000, -1.000000000000000000, -0.000000000000000000 ) ) ;
#6807 = DIRECTION ( 'NONE',  ( 0.000000000000000000, 0.000000000000000000, -1.000000000000000000 ) ) ;
#6808 = AXIS2_PLACEMENT_3D ( 'NONE', #4466, #3781, #7707 ) ;
#6809 = VERTEX_POINT ( 'NONE', #3646 ) ;
#6810 = LINE ( 'NONE', #3469, #266 ) ;
#6811 = DIRECTION ( 'NONE',  ( -1.000000000000000000, 0.000000000000000000, 7.885106708985496922E-16 ) ) ;
#6812 = ORIENTED_EDGE ( 'NONE', *, *, #1312, .F. ) ;
#6813 = DIRECTION ( 'NONE',  ( -0.000000000000000000, 1.000000000000000000, -0.000000000000000000 ) ) ;
#6814 = ORIENTED_EDGE ( 'NONE', *, *, #2322, .T. ) ;
#6815 = ADVANCED_FACE ( 'NONE', ( #7588 ), #968, .T. ) ;
#6816 = COLOUR_RGB ( '',0.7921568627450980005, 0.8196078431372548767, 0.9333333333333333481 ) ;
#6817 = LINE ( 'NONE', #3662, #1875 ) ;
#6818 = VERTEX_POINT ( 'NONE', #5717 ) ;
#6819 = CARTESIAN_POINT ( 'NONE',  ( -1.999999999999999556, 0.05000000000000000278, 2.000000000000000444 ) ) ;
#6820 = VECTOR ( 'NONE', #1559, 1000.000000000000000 ) ;
#6821 = EDGE_CURVE ( 'NONE', #8465, #6759, #2979, .T. ) ;
#6822 = LINE ( 'NONE', #5570, #5611 ) ;
#6823 = EDGE_LOOP ( 'NONE', ( #6770, #194, #6119, #3742 ) ) ;
#6824 = EDGE_CURVE ( 'NONE', #4773, #5696, #5535, .T. ) ;
#6825 = DIRECTION ( 'NONE',  ( 0.000000000000000000, 1.000000000000000000, 0.000000000000000000 ) ) ;
#6826 = CIRCLE ( 'NONE', #5587, 0.1249999999999998890 ) ;
#6827 = EDGE_LOOP ( 'NONE', ( #1749, #1491, #6259, #1283 ) ) ;
#6828 = FILL_AREA_STYLE ('',( #732 ) ) ;
#6829 = ORIENTED_EDGE ( 'NONE', *, *, #1419, .F. ) ;
#6830 = PLANE ( 'NONE',  #6793 ) ;
#6831 = CARTESIAN_POINT ( 'NONE',  ( -1.249999999999999556, 0.2000000000000000111, 1.725000000000000089 ) ) ;
#6832 = ADVANCED_FACE ( 'NONE', ( #4984 ), #6411, .F. ) ;
#6833 = VERTEX_POINT ( 'NONE', #8355 ) ;
#6834 = DIRECTION ( 'NONE',  ( 0.000000000000000000, -1.000000000000000000, 0.000000000000000000 ) ) ;
#6835 = CARTESIAN_POINT ( 'NONE',  ( -1.374999999999999556, 0.6716990566028298026, 2.000000000000000000 ) ) ;
#6836 = ORIENTED_EDGE ( 'NONE', *, *, #182, .T. ) ;
#6837 = FACE_OUTER_BOUND ( 'NONE', #6981, .T. ) ;
#6838 = PLANE ( 'NONE',  #539 ) ;
#6839 = CARTESIAN_POINT ( 'NONE',  ( 0.3750000000000003331, 0.1999999999999999833, -2.000000000000000000 ) ) ;
#6840 = EDGE_CURVE ( 'NONE', #6865, #1320, #1669, .T. ) ;
#6841 = DIRECTION ( 'NONE',  ( 1.000000000000000000, -0.000000000000000000, 0.000000000000000000 ) ) ;
#6842 = CARTESIAN_POINT ( 'NONE',  ( 0.8750000000000003331, 0.2000000000000000111, 2.000000000000000000 ) ) ;
#6843 = ORIENTED_EDGE ( 'NONE', *, *, #3768, .F. ) ;
#6844 = DIRECTION ( 'NONE',  ( 0.000000000000000000, 0.000000000000000000, -1.000000000000000000 ) ) ;
#6845 = VECTOR ( 'NONE', #2334, 1000.000000000000000 ) ;
#6846 = ORIENTED_EDGE ( 'NONE', *, *, #2547, .F. ) ;
#6847 = DIRECTION ( 'NONE',  ( 0.000000000000000000, -0.000000000000000000, 1.000000000000000000 ) ) ;
#6848 = ADVANCED_FACE ( 'NONE', ( #7110 ), #4344, .T. ) ;
#6849 = LINE ( 'NONE', #5388, #7233 ) ;
#6850 = VERTEX_POINT ( 'NONE', #5075 ) ;
#6851 = DIRECTION ( 'NONE',  ( -0.000000000000000000, 1.000000000000000000, -0.000000000000000000 ) ) ;
#6852 = AXIS2_PLACEMENT_3D ( 'NONE', #6016, #5341, #4722 ) ;
#6853 = CARTESIAN_POINT ( 'NONE',  ( -0.3749999999999994449, 0.000000000000000000, 1.725000000000000311 ) ) ;
#6854 = ORIENTED_EDGE ( 'NONE', *, *, #812, .F. ) ;
#6855 = CARTESIAN_POINT ( 'NONE',  ( -0.1249999999999996808, 0.000000000000000000, -2.000000000000000000 ) ) ;
#6856 = VERTEX_POINT ( 'NONE', #8310 ) ;
#6857 = PLANE ( 'NONE',  #8400 ) ;
#6858 = VECTOR ( 'NONE', #2888, 1000.000000000000000 ) ;
#6859 = ORIENTED_EDGE ( 'NONE', *, *, #8375, .T. ) ;
#6860 = ORIENTED_EDGE ( 'NONE', *, *, #7491, .T. ) ;
#6861 = DIRECTION ( 'NONE',  ( 0.000000000000000000, 0.000000000000000000, 1.000000000000000000 ) ) ;
#6862 = DIRECTION ( 'NONE',  ( -0.000000000000000000, -1.000000000000000000, -0.000000000000000000 ) ) ;
#6863 = CIRCLE ( 'NONE', #7973, 0.1249999999999998890 ) ;
#6864 = CARTESIAN_POINT ( 'NONE',  ( -1.999999999999999556, 0.1999999999999999833, -0.8749999999999998890 ) ) ;
#6865 = VERTEX_POINT ( 'NONE', #4429 ) ;
#6866 = CARTESIAN_POINT ( 'NONE',  ( 1.125000000000000666, 0.2000000000000000111, 1.725000000000000311 ) ) ;
#6867 = ORIENTED_EDGE ( 'NONE', *, *, #3611, .F. ) ;
#6868 = CIRCLE ( 'NONE', #5623, 0.1249999999999998890 ) ;
#6869 = EDGE_CURVE ( 'NONE', #4357, #4137, #4300, .T. ) ;
#6870 = ORIENTED_EDGE ( 'NONE', *, *, #4094, .F. ) ;
#6871 = LINE ( 'NONE', #3583, #7771 ) ;
#6872 = CLOSED_SHELL ( 'NONE', ( #5817, #8211, #397, #5550, #918, #7356 ) ) ;
#6873 = LINE ( 'NONE', #432, #2797 ) ;
#6874 = ORIENTED_EDGE ( 'NONE', *, *, #2425, .F. ) ;
#6875 = STYLED_ITEM ( 'NONE', ( #822 ), #6125 ) ;
#6876 = CARTESIAN_POINT ( 'NONE',  ( 1.250000000000000444, 0.2000000000000000111, 1.725000000000000089 ) ) ;
#6877 = LINE ( 'NONE', #6967, #392 ) ;
#6878 = VECTOR ( 'NONE', #4880, 1000.000000000000000 ) ;
#6879 = ORIENTED_EDGE ( 'NONE', *, *, #7092, .F. ) ;
#6880 = EDGE_CURVE ( 'NONE', #7747, #554, #2065, .T. ) ;
#6881 = CARTESIAN_POINT ( 'NONE',  ( -1.224999999999999645, 0.000000000000000000, 1.124999999999999778 ) ) ;
#6882 = PLANE ( 'NONE',  #7075 ) ;
#6883 =( GEOMETRIC_REPRESENTATION_CONTEXT ( 3 ) GLOBAL_UNCERTAINTY_ASSIGNED_CONTEXT ( ( #82 ) ) GLOBAL_UNIT_ASSIGNED_CONTEXT ( ( #6251, #5476, #7272 ) ) REPRESENTATION_CONTEXT ( 'NONE', 'WORKASPACE' ) );
#6884 = DIRECTION ( 'NONE',  ( -0.000000000000000000, -1.000000000000000000, -0.000000000000000000 ) ) ;
#6885 = CARTESIAN_POINT ( 'NONE',  ( 1.125000000000000666, 0.6716990566028298026, 1.725000000000000311 ) ) ;
#6886 = CARTESIAN_POINT ( 'NONE',  ( 2.000000000000000444, 0.1999999999999996503, 0.6249999999999998890 ) ) ;
#6887 = CARTESIAN_POINT ( 'NONE',  ( -1.724999999999999867, 0.1999999999999999833, 0.6250000000000000000 ) ) ;
#6888 = VERTEX_POINT ( 'NONE', #2281 ) ;
#6889 = VECTOR ( 'NONE', #6037, 1000.000000000000000 ) ;
#6890 = EDGE_CURVE ( 'NONE', #4301, #5444, #4384, .T. ) ;
#6891 =( NAMED_UNIT ( * ) PLANE_ANGLE_UNIT ( ) SI_UNIT ( $, .RADIAN. ) );
#6892 = CARTESIAN_POINT ( 'NONE',  ( 0.3750000000000003331, 0.6716990566028298026, -2.000000000000000000 ) ) ;
#6893 = ORIENTED_EDGE ( 'NONE', *, *, #1398, .T. ) ;
#6894 = CARTESIAN_POINT ( 'NONE',  ( -1.084202172485505026E-15, 0.05000000000000000278, 1.374999999999999112 ) ) ;
#6895 = LINE ( 'NONE', #7679, #5884 ) ;
#6896 = ADVANCED_BREP_SHAPE_REPRESENTATION ( 'CP2102N-A01-GQFN24R', ( #6429, #3314, #2054, #6152, #6281, #3289, #6477, #6443, #559, #3607, #3433, #6299, #416, #6125, #3580, #713, #3593, #698, #6413, #669, #6458, #7741, #587, #429, #524, #688, #3566, #1089 ), #5566 ) ;
#6897 = ORIENTED_EDGE ( 'NONE', *, *, #2741, .T. ) ;
#6898 = CARTESIAN_POINT ( 'NONE',  ( -1.724999999999999867, 0.000000000000000000, -0.6249999999999996669 ) ) ;
#6899 = EDGE_LOOP ( 'NONE', ( #1649, #7013, #107, #8275 ) ) ;
#6900 = ORIENTED_EDGE ( 'NONE', *, *, #5856, .F. ) ;
#6901 = ORIENTED_EDGE ( 'NONE', *, *, #5020, .F. ) ;
#6902 = CARTESIAN_POINT ( 'NONE',  ( -1.692307692307692069, 0.8000000000000000444, -1.692307692307692513 ) ) ;
#6903 = DIRECTION ( 'NONE',  ( 0.000000000000000000, 1.000000000000000000, 0.000000000000000000 ) ) ;
#6904 = DIRECTION ( 'NONE',  ( 0.000000000000000000, 0.000000000000000000, 1.000000000000000000 ) ) ;
#6905 = DIRECTION ( 'NONE',  ( -0.000000000000000000, -1.000000000000000000, -0.000000000000000000 ) ) ;
#6906 = ORIENTED_EDGE ( 'NONE', *, *, #2302, .T. ) ;
#6907 = DIRECTION ( 'NONE',  ( -0.000000000000000000, -1.000000000000000000, -0.000000000000000000 ) ) ;
#6908 = ORIENTED_EDGE ( 'NONE', *, *, #7946, .F. ) ;
#6909 = FILL_AREA_STYLE ('',( #8158 ) ) ;
#6910 = ORIENTED_EDGE ( 'NONE', *, *, #684, .F. ) ;
#6911 = FACE_OUTER_BOUND ( 'NONE', #1022, .T. ) ;
#6912 = DIRECTION ( 'NONE',  ( 1.000000000000000000, -0.000000000000000000, 7.885106708985496922E-16 ) ) ;
#6913 = EDGE_CURVE ( 'NONE', #5796, #3222, #1626, .T. ) ;
#6914 = VERTEX_POINT ( 'NONE', #1758 ) ;
#6915 = CARTESIAN_POINT ( 'NONE',  ( 1.724999999999999867, 0.6716990566028301357, -0.2499999999999997780 ) ) ;
#6916 = ADVANCED_FACE ( 'NONE', ( #5117 ), #4295, .T. ) ;
#6917 = LINE ( 'NONE', #7058, #5272 ) ;
#6918 = VECTOR ( 'NONE', #6844, 1000.000000000000000 ) ;
#6919 = ORIENTED_EDGE ( 'NONE', *, *, #7152, .F. ) ;
#6920 = FACE_OUTER_BOUND ( 'NONE', #7349, .T. ) ;
#6921 = DIRECTION ( 'NONE',  ( -0.000000000000000000, -1.000000000000000000, -0.000000000000000000 ) ) ;
#6922 = LINE ( 'NONE', #2278, #5299 ) ;
#6923 = VECTOR ( 'NONE', #5710, 1000.000000000000000 ) ;
#6924 = EDGE_CURVE ( 'NONE', #3354, #8054, #1084, .T. ) ;
#6925 = FACE_OUTER_BOUND ( 'NONE', #8154, .T. ) ;
#6926 = EDGE_CURVE ( 'NONE', #7048, #6702, #4553, .T. ) ;
#6927 = DIRECTION ( 'NONE',  ( -0.000000000000000000, -1.000000000000000000, -0.000000000000000000 ) ) ;
#6928 = VECTOR ( 'NONE', #6921, 1000.000000000000000 ) ;
#6929 = ORIENTED_EDGE ( 'NONE', *, *, #5337, .F. ) ;
#6930 = AXIS2_PLACEMENT_3D ( 'NONE', #1587, #4260, #4814 ) ;
#6931 = DIRECTION ( 'NONE',  ( -0.000000000000000000, -1.000000000000000000, -0.000000000000000000 ) ) ;
#6932 = DIRECTION ( 'NONE',  ( 0.000000000000000000, 1.000000000000000000, 0.000000000000000000 ) ) ;
#6933 = DIRECTION ( 'NONE',  ( -0.000000000000000000, -1.000000000000000000, -0.000000000000000000 ) ) ;
#6934 = ORIENTED_EDGE ( 'NONE', *, *, #3374, .T. ) ;
#6935 = DIRECTION ( 'NONE',  ( 0.000000000000000000, -0.000000000000000000, -1.000000000000000000 ) ) ;
#6936 = VECTOR ( 'NONE', #2313, 1000.000000000000000 ) ;
#6937 = DIRECTION ( 'NONE',  ( 0.000000000000000000, 0.000000000000000000, 1.000000000000000000 ) ) ;
#6938 = ORIENTED_EDGE ( 'NONE', *, *, #7289, .T. ) ;
#6939 = AXIS2_PLACEMENT_3D ( 'NONE', #873, #5537, #6012 ) ;
#6940 = ADVANCED_FACE ( 'NONE', ( #574 ), #7923, .F. ) ;
#6941 = CARTESIAN_POINT ( 'NONE',  ( 0.2500000000000004441, 0.6716990566028298026, -1.725000000000000089 ) ) ;
#6942 = EDGE_CURVE ( 'NONE', #4978, #5239, #1978, .T. ) ;
#6943 = ORIENTED_EDGE ( 'NONE', *, *, #1148, .F. ) ;
#6944 = LINE ( 'NONE', #3167, #3565 ) ;
#6945 = VECTOR ( 'NONE', #4644, 1000.000000000000000 ) ;
#6946 = CARTESIAN_POINT ( 'NONE',  ( 1.724999999999999867, 0.1999999999999999833, -1.375000000000000222 ) ) ;
#6947 = DIRECTION ( 'NONE',  ( 0.000000000000000000, -1.000000000000000000, 0.000000000000000000 ) ) ;
#6948 = VERTEX_POINT ( 'NONE', #3862 ) ;
#6949 = DIRECTION ( 'NONE',  ( -0.000000000000000000, -1.000000000000000000, -0.000000000000000000 ) ) ;
#6950 = CARTESIAN_POINT ( 'NONE',  ( -0.1249999999999996808, 0.6716990566028298026, -2.000000000000000000 ) ) ;
#6951 = LINE ( 'NONE', #6997, #1410 ) ;
#6952 = VECTOR ( 'NONE', #7877, 1000.000000000000000 ) ;
#6953 = LINE ( 'NONE', #8243, #6724 ) ;
#6954 = ADVANCED_FACE ( 'NONE', ( #1188 ), #5246, .F. ) ;
#6955 = EDGE_LOOP ( 'NONE', ( #2295, #8233, #8052, #3131 ) ) ;
#6956 = PLANE ( 'NONE',  #1454 ) ;
#6957 = ORIENTED_EDGE ( 'NONE', *, *, #3755, .T. ) ;
#6958 = DIRECTION ( 'NONE',  ( 0.000000000000000000, 1.000000000000000000, 0.000000000000000000 ) ) ;
#6959 = PRESENTATION_LAYER_ASSIGNMENT (  '', '', ( #7921 ) ) ;
#6960 = ORIENTED_EDGE ( 'NONE', *, *, #2827, .F. ) ;
#6961 = DIRECTION ( 'NONE',  ( 0.000000000000000000, 0.000000000000000000, 1.000000000000000000 ) ) ;
#6962 = DIRECTION ( 'NONE',  ( 0.000000000000000000, -0.000000000000000000, 1.000000000000000000 ) ) ;
#6963 = ORIENTED_EDGE ( 'NONE', *, *, #4071, .F. ) ;
#6964 = UNCERTAINTY_MEASURE_WITH_UNIT (LENGTH_MEASURE( 1.000000000000000082E-05 ), #687, 'distance_accuracy_value', 'NONE');
#6965 = CIRCLE ( 'NONE', #6554, 0.1250000000000002220 ) ;
#6966 = SURFACE_STYLE_USAGE ( .BOTH. , #3730 ) ;
#6967 = CARTESIAN_POINT ( 'NONE',  ( 0.8750000000000003331, 0.2000000000000000111, 2.000000000000000000 ) ) ;
#6968 = EDGE_LOOP ( 'NONE', ( #1364, #1153, #7514, #3674 ) ) ;
#6969 = ADVANCED_FACE ( 'NONE', ( #5969 ), #6497, .F. ) ;
#6970 = LINE ( 'NONE', #6406, #4593 ) ;
#6971 = DIRECTION ( 'NONE',  ( 0.000000000000000000, 1.000000000000000000, 0.000000000000000000 ) ) ;
#6972 = VECTOR ( 'NONE', #592, 1000.000000000000000 ) ;
#6973 = DIRECTION ( 'NONE',  ( 0.000000000000000000, 0.000000000000000000, -1.000000000000000000 ) ) ;
#6974 = EDGE_CURVE ( 'NONE', #7183, #3647, #2199, .T. ) ;
#6975 = DIRECTION ( 'NONE',  ( 1.000000000000000000, 0.000000000000000000, -7.885106708985496922E-16 ) ) ;
#6976 = CARTESIAN_POINT ( 'NONE',  ( 1.125000000000000888, 3.664823227814084650, -1.125000000000000444 ) ) ;
#6977 = ORIENTED_EDGE ( 'NONE', *, *, #5491, .F. ) ;
#6978 = EDGE_CURVE ( 'NONE', #8002, #7180, #7280, .T. ) ;
#6979 = DIRECTION ( 'NONE',  ( 0.000000000000000000, -1.000000000000000000, 0.000000000000000000 ) ) ;
#6980 = DIRECTION ( 'NONE',  ( 1.000000000000000000, 0.000000000000000000, -0.000000000000000000 ) ) ;
#6981 = EDGE_LOOP ( 'NONE', ( #5704, #1208, #5788, #3186 ) ) ;
#6982 = CARTESIAN_POINT ( 'NONE',  ( 1.999999999999999556, 0.1999999999999999833, 1.375000000000000666 ) ) ;
#6983 = ADVANCED_FACE ( 'NONE', ( #4680 ), #3992, .F. ) ;
#6984 = EDGE_CURVE ( 'NONE', #4245, #3842, #5163, .T. ) ;
#6985 = FACE_OUTER_BOUND ( 'NONE', #3657, .T. ) ;
#6986 = ORIENTED_EDGE ( 'NONE', *, *, #4178, .F. ) ;
#6987 = CARTESIAN_POINT ( 'NONE',  ( -1.724999999999999867, 0.6716990566028301357, -0.7499999999999997780 ) ) ;
#6988 = ORIENTED_EDGE ( 'NONE', *, *, #1419, .T. ) ;
#6989 =( LENGTH_UNIT ( ) NAMED_UNIT ( * ) SI_UNIT ( .MILLI., .METRE. ) );
#6990 = CARTESIAN_POINT ( 'NONE',  ( 1.724999999999999867, 0.1999999999999999833, -0.2499999999999997780 ) ) ;
#6991 = LINE ( 'NONE', #2341, #8300 ) ;
#6992 = ADVANCED_FACE ( 'NONE', ( #3946 ), #5804, .T. ) ;
#6993 = CARTESIAN_POINT ( 'NONE',  ( 0.6250000000000005551, 0.1999999999999999833, 1.725000000000000311 ) ) ;
#6994 = CIRCLE ( 'NONE', #6158, 0.1249999999999998890 ) ;
#6995 = EDGE_CURVE ( 'NONE', #3095, #3121, #2549, .T. ) ;
#6996 = CARTESIAN_POINT ( 'NONE',  ( 1.375000000000000444, 0.6716990566028298026, -1.725000000000000311 ) ) ;
#6997 = CARTESIAN_POINT ( 'NONE',  ( -1.224999999999999645, 0.000000000000000000, -1.225000000000000755 ) ) ;
#6998 = CARTESIAN_POINT ( 'NONE',  ( 1.125000000000000666, 0.2000000000000000111, 1.725000000000000311 ) ) ;
#6999 = VERTEX_POINT ( 'NONE', #5202 ) ;
#7000 = VECTOR ( 'NONE', #7352, 1000.000000000000000 ) ;
#7001 = ORIENTED_EDGE ( 'NONE', *, *, #4297, .F. ) ;
#7002 = ORIENTED_EDGE ( 'NONE', *, *, #8029, .T. ) ;
#7003 = CARTESIAN_POINT ( 'NONE',  ( 1.125000000000000666, 0.1999999999999999833, -1.725000000000000311 ) ) ;
#7004 = ADVANCED_FACE ( 'NONE', ( #2506 ), #6582, .F. ) ;
#7005 = ORIENTED_EDGE ( 'NONE', *, *, #7, .F. ) ;
#7006 = DIRECTION ( 'NONE',  ( 0.000000000000000000, 0.000000000000000000, -1.000000000000000000 ) ) ;
#7007 = AXIS2_PLACEMENT_3D ( 'NONE', #1867, #3390, #2080 ) ;
#7008 = DIRECTION ( 'NONE',  ( 0.000000000000000000, 0.000000000000000000, -1.000000000000000000 ) ) ;
#7009 = ORIENTED_EDGE ( 'NONE', *, *, #7712, .T. ) ;
#7010 = DIRECTION ( 'NONE',  ( 0.000000000000000000, -0.000000000000000000, -1.000000000000000000 ) ) ;
#7011 = DIRECTION ( 'NONE',  ( 0.000000000000000000, 1.000000000000000000, 0.000000000000000000 ) ) ;
#7012 = AXIS2_PLACEMENT_3D ( 'NONE', #3509, #8013, #5382 ) ;
#7013 = ORIENTED_EDGE ( 'NONE', *, *, #600, .F. ) ;
#7014 = LINE ( 'NONE', #2368, #6530 ) ;
#7015 = LINE ( 'NONE', #4981, #6928 ) ;
#7016 = LINE ( 'NONE', #264, #3072 ) ;
#7017 = MECHANICAL_DESIGN_GEOMETRIC_PRESENTATION_REPRESENTATION (  '', ( #6875 ), #4531 ) ;
#7018 = CARTESIAN_POINT ( 'NONE',  ( 0.3750000000000003331, 0.2000000000000000111, -1.725000000000000311 ) ) ;
#7019 = VECTOR ( 'NONE', #5943, 1000.000000000000000 ) ;
#7020 = EDGE_CURVE ( 'NONE', #7213, #2667, #1226, .T. ) ;
#7021 = DIRECTION ( 'NONE',  ( 0.000000000000000000, 0.000000000000000000, 1.000000000000000000 ) ) ;
#7022 = EDGE_LOOP ( 'NONE', ( #2765, #1722, #7780, #8446, #7830 ) ) ;
#7023 = AXIS2_PLACEMENT_3D ( 'NONE', #4496, #3773, #7181 ) ;
#7024 = DIRECTION ( 'NONE',  ( -1.000000000000000000, 0.000000000000000000, 7.885106708985496922E-16 ) ) ;
#7025 = DIRECTION ( 'NONE',  ( -7.885106708985496922E-16, 0.000000000000000000, -1.000000000000000000 ) ) ;
#7026 = DIRECTION ( 'NONE',  ( -1.000000000000000000, 0.000000000000000000, 7.885106708985496922E-16 ) ) ;
#7027 = COLOUR_RGB ( '',0.7921568627450980005, 0.8196078431372548767, 0.9333333333333333481 ) ;
#7028 = VERTEX_POINT ( 'NONE', #6540 ) ;
#7029 = CARTESIAN_POINT ( 'NONE',  ( -1.724999999999999867, 0.05000000000000002359, -0.6249999999999996669 ) ) ;
#7030 = CARTESIAN_POINT ( 'NONE',  ( 1.724999999999999867, 0.6716990566028301357, 1.375000000000000444 ) ) ;
#7031 = AXIS2_PLACEMENT_3D ( 'NONE', #5545, #3461, #748 ) ;
#7032 = ORIENTED_EDGE ( 'NONE', *, *, #2039, .T. ) ;
#7033 = PLANE ( 'NONE',  #2285 ) ;
#7034 = VERTEX_POINT ( 'NONE', #3239 ) ;
#7035 = CARTESIAN_POINT ( 'NONE',  ( 1.724999999999999867, 0.05000000000000002359, -0.7499999999999997780 ) ) ;
#7036 = VECTOR ( 'NONE', #996, 1000.000000000000000 ) ;
#7037 = EDGE_CURVE ( 'NONE', #5306, #6759, #5888, .T. ) ;
#7038 = PLANE ( 'NONE',  #5370 ) ;
#7039 = DIRECTION ( 'NONE',  ( 0.000000000000000000, 1.000000000000000000, -0.000000000000000000 ) ) ;
#7040 = AXIS2_PLACEMENT_3D ( 'NONE', #2780, #2124, #4097 ) ;
#7041 = CARTESIAN_POINT ( 'NONE',  ( -0.2499999999999995837, 0.2000000000000000111, 1.600000000000000311 ) ) ;
#7042 = CARTESIAN_POINT ( 'NONE',  ( -1.724999999999999867, 0.05000000000000002359, 0.1250000000000001110 ) ) ;
#7043 = VERTEX_POINT ( 'NONE', #7880 ) ;
#7044 = FACE_OUTER_BOUND ( 'NONE', #4824, .T. ) ;
#7045 = EDGE_CURVE ( 'NONE', #6307, #4743, #4200, .T. ) ;
#7046 = ORIENTED_EDGE ( 'NONE', *, *, #4490, .T. ) ;
#7047 = EDGE_CURVE ( 'NONE', #4095, #1392, #4716, .T. ) ;
#7048 = VERTEX_POINT ( 'NONE', #823 ) ;
#7049 = ORIENTED_EDGE ( 'NONE', *, *, #840, .T. ) ;
#7050 = PRESENTATION_STYLE_ASSIGNMENT (( #4413 ) ) ;
#7051 = VERTEX_POINT ( 'NONE', #40 ) ;
#7052 = LINE ( 'NONE', #253, #4885 ) ;
#7053 = DIRECTION ( 'NONE',  ( 0.000000000000000000, 1.000000000000000000, 0.000000000000000000 ) ) ;
#7054 = ORIENTED_EDGE ( 'NONE', *, *, #1831, .F. ) ;
#7055 = ADVANCED_FACE ( 'NONE', ( #3501 ), #2184, .T. ) ;
#7056 = SURFACE_STYLE_FILL_AREA ( #7100 ) ;
#7057 = EDGE_CURVE ( 'NONE', #4412, #1942, #2098, .T. ) ;
#7058 = CARTESIAN_POINT ( 'NONE',  ( -1.724999999999999867, 0.1999999999999999833, 0.6249999999999998890 ) ) ;
#7059 = EDGE_LOOP ( 'NONE', ( #6934, #4906, #2385, #4290 ) ) ;
#7060 = PLANE ( 'NONE',  #7772 ) ;
#7061 = PLANE ( 'NONE',  #5409 ) ;
#7062 = DIRECTION ( 'NONE',  ( 0.000000000000000000, -1.000000000000000000, 0.000000000000000000 ) ) ;
#7063 = VECTOR ( 'NONE', #5414, 1000.000000000000000 ) ;
#7064 = CARTESIAN_POINT ( 'NONE',  ( 1.724999999999999867, 0.000000000000000000, 1.375000000000000444 ) ) ;
#7065 = DIRECTION ( 'NONE',  ( 0.000000000000000000, 1.000000000000000000, 0.000000000000000000 ) ) ;
#7066 = ORIENTED_EDGE ( 'NONE', *, *, #3477, .F. ) ;
#7067 = DIRECTION ( 'NONE',  ( 0.000000000000000000, 0.000000000000000000, 1.000000000000000000 ) ) ;
#7068 = FACE_OUTER_BOUND ( 'NONE', #6303, .T. ) ;
#7069 = LINE ( 'NONE', #3116, #8244 ) ;
#7070 = CIRCLE ( 'NONE', #802, 0.1249999999999998890 ) ;
#7071 = ORIENTED_EDGE ( 'NONE', *, *, #5681, .F. ) ;
#7072 = FACE_OUTER_BOUND ( 'NONE', #7265, .T. ) ;
#7073 = PLANE ( 'NONE',  #4503 ) ;
#7074 = VERTEX_POINT ( 'NONE', #1353 ) ;
#7075 = AXIS2_PLACEMENT_3D ( 'NONE', #3641, #5627, #2277 ) ;
#7076 = DIRECTION ( 'NONE',  ( -0.000000000000000000, -1.000000000000000000, -0.000000000000000000 ) ) ;
#7077 = EDGE_LOOP ( 'NONE', ( #5854, #2785, #3863, #5940 ) ) ;
#7078 = SURFACE_STYLE_FILL_AREA ( #3748 ) ;
#7079 = CARTESIAN_POINT ( 'NONE',  ( 1.724999999999999867, 0.1999999999999999833, -1.375000000000000222 ) ) ;
#7080 = DIRECTION ( 'NONE',  ( 1.000000000000000000, -0.000000000000000000, 7.885106708985496922E-16 ) ) ;
#7081 = DIRECTION ( 'NONE',  ( 0.000000000000000000, -0.000000000000000000, 1.000000000000000000 ) ) ;
#7082 = VECTOR ( 'NONE', #5330, 1000.000000000000000 ) ;
#7083 = AXIS2_PLACEMENT_3D ( 'NONE', #6229, #1662, #4338 ) ;
#7084 = CARTESIAN_POINT ( 'NONE',  ( -0.2499999999999995837, 0.6716990566028298026, 1.725000000000000089 ) ) ;
#7085 = EDGE_CURVE ( 'NONE', #2737, #6600, #8042, .T. ) ;
#7086 = VERTEX_POINT ( 'NONE', #4030 ) ;
#7087 = DIRECTION ( 'NONE',  ( 0.000000000000000000, 0.000000000000000000, 1.000000000000000000 ) ) ;
#7088 = ORIENTED_EDGE ( 'NONE', *, *, #1699, .F. ) ;
#7089 = VECTOR ( 'NONE', #2815, 1000.000000000000000 ) ;
#7090 = ORIENTED_EDGE ( 'NONE', *, *, #3880, .F. ) ;
#7091 = EDGE_LOOP ( 'NONE', ( #642, #3970, #7676, #797 ) ) ;
#7092 = EDGE_CURVE ( 'NONE', #2941, #5696, #2717, .T. ) ;
#7093 = ORIENTED_EDGE ( 'NONE', *, *, #5041, .F. ) ;
#7094 = VECTOR ( 'NONE', #7546, 1000.000000000000000 ) ;
#7095 = VECTOR ( 'NONE', #4559, 1000.000000000000000 ) ;
#7096 =( NAMED_UNIT ( * ) SI_UNIT ( $, .STERADIAN. ) SOLID_ANGLE_UNIT ( ) );
#7097 = ADVANCED_FACE ( 'NONE', ( #736 ), #6664, .F. ) ;
#7098 = DIRECTION ( 'NONE',  ( 0.000000000000000000, 0.000000000000000000, -1.000000000000000000 ) ) ;
#7099 = VERTEX_POINT ( 'NONE', #8165 ) ;
#7100 = FILL_AREA_STYLE ('',( #1837 ) ) ;
#7101 = PLANE ( 'NONE',  #2072 ) ;
#7102 = CIRCLE ( 'NONE', #5575, 0.1250000000000001110 ) ;
#7103 = ORIENTED_EDGE ( 'NONE', *, *, #4248, .T. ) ;
#7104 = DIRECTION ( 'NONE',  ( 0.000000000000000000, 0.000000000000000000, -1.000000000000000000 ) ) ;
#7105 = PLANE ( 'NONE',  #7217 ) ;
#7106 = EDGE_CURVE ( 'NONE', #339, #1238, #245, .T. ) ;
#7107 = DIRECTION ( 'NONE',  ( 0.000000000000000000, 0.000000000000000000, 1.000000000000000000 ) ) ;
#7108 = VECTOR ( 'NONE', #943, 1000.000000000000000 ) ;
#7109 = DIRECTION ( 'NONE',  ( 0.000000000000000000, 0.000000000000000000, 1.000000000000000000 ) ) ;
#7110 = FACE_OUTER_BOUND ( 'NONE', #5899, .T. ) ;
#7111 = ORIENTED_EDGE ( 'NONE', *, *, #876, .F. ) ;
#7112 = VECTOR ( 'NONE', #1252, 1000.000000000000000 ) ;
#7113 = DIRECTION ( 'NONE',  ( 1.000000000000000000, -0.000000000000000000, 0.000000000000000000 ) ) ;
#7114 = CARTESIAN_POINT ( 'NONE',  ( -0.2499999999999995837, 0.6716990566028298026, 1.600000000000000311 ) ) ;
#7115 = CARTESIAN_POINT ( 'NONE',  ( 1.250000000000000444, 0.6716990566028298026, 1.725000000000000089 ) ) ;
#7116 = ORIENTED_EDGE ( 'NONE', *, *, #4025, .T. ) ;
#7117 = EDGE_CURVE ( 'NONE', #538, #7360, #3410, .T. ) ;
#7118 = CARTESIAN_POINT ( 'NONE',  ( -0.8749999999999994449, 0.2000000000000000111, -1.725000000000000311 ) ) ;
#7119 = CARTESIAN_POINT ( 'NONE',  ( -0.3749999999999994449, 0.2000000000000000111, 1.725000000000000311 ) ) ;
#7120 = VERTEX_POINT ( 'NONE', #3367 ) ;
#7121 = DIRECTION ( 'NONE',  ( 0.000000000000000000, 0.000000000000000000, 1.000000000000000000 ) ) ;
#7122 = VERTEX_POINT ( 'NONE', #6707 ) ;
#7123 = EDGE_CURVE ( 'NONE', #3240, #5727, #6008, .T. ) ;
#7124 = CARTESIAN_POINT ( 'NONE',  ( 0.1250000000000005551, 0.1999999999999999833, 1.725000000000000311 ) ) ;
#7125 = DIRECTION ( 'NONE',  ( -1.000000000000000000, 0.000000000000000000, 0.000000000000000000 ) ) ;
#7126 = CARTESIAN_POINT ( 'NONE',  ( -1.249999999999999556, 0.2000000000000000111, 1.725000000000000089 ) ) ;
#7127 = DIRECTION ( 'NONE',  ( 0.000000000000000000, -1.000000000000000000, 0.000000000000000000 ) ) ;
#7128 = ORIENTED_EDGE ( 'NONE', *, *, #7547, .F. ) ;
#7129 = DIRECTION ( 'NONE',  ( 0.000000000000000000, 0.000000000000000000, -1.000000000000000000 ) ) ;
#7130 = ORIENTED_EDGE ( 'NONE', *, *, #650, .T. ) ;
#7131 = AXIS2_PLACEMENT_3D ( 'NONE', #6466, #5812, #8536 ) ;
#7132 = EDGE_LOOP ( 'NONE', ( #2204, #415, #2177, #6812 ) ) ;
#7133 = CARTESIAN_POINT ( 'NONE',  ( -1.124999999999999778, 0.2000000000000000111, 2.000000000000000000 ) ) ;
#7134 = AXIS2_PLACEMENT_3D ( 'NONE', #5999, #3360, #4539 ) ;
#7135 = DIRECTION ( 'NONE',  ( 0.000000000000000000, -0.000000000000000000, -1.000000000000000000 ) ) ;
#7136 = EDGE_LOOP ( 'NONE', ( #6636, #495, #3786, #2702 ) ) ;
#7137 = LINE ( 'NONE', #3894, #5780 ) ;
#7138 = EDGE_CURVE ( 'NONE', #5696, #4686, #4752, .T. ) ;
#7139 = CARTESIAN_POINT ( 'NONE',  ( 0.3750000000000003331, 0.04999999999999969746, 2.000000000000000000 ) ) ;
#7140 = ORIENTED_EDGE ( 'NONE', *, *, #8150, .F. ) ;
#7141 = ADVANCED_FACE ( 'NONE', ( #126 ), #2060, .F. ) ;
#7142 = VECTOR ( 'NONE', #1033, 1000.000000000000000 ) ;
#7143 = DIRECTION ( 'NONE',  ( 0.000000000000000000, -1.000000000000000000, 0.000000000000000000 ) ) ;
#7144 = CARTESIAN_POINT ( 'NONE',  ( -1.692307692307692069, 0.6999999999999999556, -1.825641025641026038 ) ) ;
#7145 = LINE ( 'NONE', #523, #4059 ) ;
#7146 = VECTOR ( 'NONE', #6290, 1000.000000000000000 ) ;
#7147 = LINE ( 'NONE', #6623, #7569 ) ;
#7148 = CARTESIAN_POINT ( 'NONE',  ( 1.724999999999999867, 0.1999999999999999833, 0.7500000000000002220 ) ) ;
#7149 = CLOSED_SHELL ( 'NONE', ( #3371, #7993, #2692, #1245, #5162, #1570, #4399, #2186, #3171, #3889 ) ) ;
#7150 = ORIENTED_EDGE ( 'NONE', *, *, #2713, .F. ) ;
#7151 = EDGE_CURVE ( 'NONE', #1070, #8020, #8080, .T. ) ;
#7152 = EDGE_CURVE ( 'NONE', #2218, #1388, #3322, .T. ) ;
#7153 = FACE_BOUND ( 'NONE', #247, .T. ) ;
#7154 = FACE_OUTER_BOUND ( 'NONE', #567, .T. ) ;
#7155 = PLANE ( 'NONE',  #4994 ) ;
#7156 = AXIS2_PLACEMENT_3D ( 'NONE', #1049, #390, #6181 ) ;
#7157 = ORIENTED_EDGE ( 'NONE', *, *, #296, .T. ) ;
#7158 = LINE ( 'NONE', #580, #6945 ) ;
#7159 = VECTOR ( 'NONE', #3038, 1000.000000000000000 ) ;
#7160 = CARTESIAN_POINT ( 'NONE',  ( -1.125000000000000000, 3.664823227814084650, 1.224999999999999423 ) ) ;
#7161 = ORIENTED_EDGE ( 'NONE', *, *, #4632, .T. ) ;
#7162 = DIRECTION ( 'NONE',  ( 0.000000000000000000, 1.000000000000000000, 0.000000000000000000 ) ) ;
#7163 = EDGE_LOOP ( 'NONE', ( #1061, #5025, #5530, #462 ) ) ;
#7164 = CARTESIAN_POINT ( 'NONE',  ( 1.250000000000000444, 0.04999999999999999584, 1.725000000000000089 ) ) ;
#7165 = ADVANCED_FACE ( 'NONE', ( #7492 ), #4153, .F. ) ;
#7166 = AXIS2_PLACEMENT_3D ( 'NONE', #3724, #514, #3007 ) ;
#7167 = DIRECTION ( 'NONE',  ( -1.000000000000000000, 0.000000000000000000, -7.885106708985496922E-16 ) ) ;
#7168 = DIRECTION ( 'NONE',  ( 0.000000000000000000, 0.000000000000000000, 1.000000000000000000 ) ) ;
#7169 = CARTESIAN_POINT ( 'NONE',  ( -1.999999999999999556, 0.6716990566028301357, 1.125000000000000222 ) ) ;
#7170 = DIRECTION ( 'NONE',  ( -0.000000000000000000, -1.000000000000000000, -0.000000000000000000 ) ) ;
#7171 = LINE ( 'NONE', #8502, #4485 ) ;
#7172 = ORIENTED_EDGE ( 'NONE', *, *, #7222, .F. ) ;
#7173 = DIRECTION ( 'NONE',  ( 0.000000000000000000, -0.000000000000000000, -1.000000000000000000 ) ) ;
#7174 = ORIENTED_EDGE ( 'NONE', *, *, #6926, .F. ) ;
#7175 = ORIENTED_EDGE ( 'NONE', *, *, #2773, .F. ) ;
#7176 = SURFACE_STYLE_FILL_AREA ( #6695 ) ;
#7177 = EDGE_CURVE ( 'NONE', #3653, #6463, #1529, .T. ) ;
#7178 = CARTESIAN_POINT ( 'NONE',  ( 0.3750000000000003331, 0.1999999999999999833, -1.725000000000000311 ) ) ;
#7179 = FACE_OUTER_BOUND ( 'NONE', #4968, .T. ) ;
#7180 = VERTEX_POINT ( 'NONE', #3542 ) ;
#7181 = DIRECTION ( 'NONE',  ( -1.000000000000000000, 0.000000000000000000, -7.885106708985496922E-16 ) ) ;
#7182 = CARTESIAN_POINT ( 'NONE',  ( -1.374999999999999556, 0.6716990566028298026, -2.000000000000000000 ) ) ;
#7183 = VERTEX_POINT ( 'NONE', #4933 ) ;
#7184 = FACE_OUTER_BOUND ( 'NONE', #8504, .T. ) ;
#7185 = CARTESIAN_POINT ( 'NONE',  ( -1.999999999999999556, 0.6716990566028301357, -1.124999999999999556 ) ) ;
#7186 = EDGE_CURVE ( 'NONE', #2864, #5773, #3061, .T. ) ;
#7187 = CYLINDRICAL_SURFACE ( 'NONE', #274, 0.1000000000000000472 ) ;
#7188 = EDGE_CURVE ( 'NONE', #946, #3957, #7578, .T. ) ;
#7189 = DIRECTION ( 'NONE',  ( -0.000000000000000000, -1.000000000000000000, -0.000000000000000000 ) ) ;
#7190 = CARTESIAN_POINT ( 'NONE',  ( 1.125000000000000666, 0.2000000000000000111, -1.725000000000000311 ) ) ;
#7191 = ORIENTED_EDGE ( 'NONE', *, *, #1689, .F. ) ;
#7192 = CARTESIAN_POINT ( 'NONE',  ( 1.225000000000000533, 0.2000000000000000944, 1.125000000000000888 ) ) ;
#7193 = DIRECTION ( 'NONE',  ( -1.000000000000000000, 0.000000000000000000, 7.885106708985496922E-16 ) ) ;
#7194 = DIRECTION ( 'NONE',  ( 0.000000000000000000, -1.000000000000000000, 0.000000000000000000 ) ) ;
#7195 = EDGE_CURVE ( 'NONE', #1218, #4095, #4579, .T. ) ;
#7196 = ORIENTED_EDGE ( 'NONE', *, *, #2534, .T. ) ;
#7197 = CARTESIAN_POINT ( 'NONE',  ( 1.225000000000000533, 0.2000000000000000944, 1.125000000000000888 ) ) ;
#7198 = AXIS2_PLACEMENT_3D ( 'NONE', #7670, #1711, #5759 ) ;
#7199 = CARTESIAN_POINT ( 'NONE',  ( -0.8749999999999994449, 0.2000000000000000111, 1.725000000000000311 ) ) ;
#7200 = EDGE_CURVE ( 'NONE', #1957, #2663, #5679, .T. ) ;
#7201 = ORIENTED_EDGE ( 'NONE', *, *, #2302, .F. ) ;
#7202 = CARTESIAN_POINT ( 'NONE',  ( -1.124999999999999778, 0.04999999999999999584, 2.000000000000000000 ) ) ;
#7203 = ORIENTED_EDGE ( 'NONE', *, *, #7138, .T. ) ;
#7204 = DIRECTION ( 'NONE',  ( 0.000000000000000000, 1.000000000000000000, 0.000000000000000000 ) ) ;
#7205 = AXIS2_PLACEMENT_3D ( 'NONE', #4840, #4798, #1481 ) ;
#7206 = DIRECTION ( 'NONE',  ( -0.000000000000000000, -1.000000000000000000, -0.000000000000000000 ) ) ;
#7207 = DIRECTION ( 'NONE',  ( -7.885106708985496922E-16, 0.000000000000000000, 1.000000000000000000 ) ) ;
#7208 = CARTESIAN_POINT ( 'NONE',  ( 1.375000000000000444, 0.2000000000000000111, 2.000000000000000000 ) ) ;
#7209 = CARTESIAN_POINT ( 'NONE',  ( -1.724999999999999867, 0.1999999999999999833, 1.125000000000000000 ) ) ;
#7210 = VECTOR ( 'NONE', #1895, 1000.000000000000000 ) ;
#7211 = ADVANCED_FACE ( 'NONE', ( #8348 ), #258, .F. ) ;
#7212 = CARTESIAN_POINT ( 'NONE',  ( -0.1249999999999996808, 0.000000000000000000, 2.000000000000000000 ) ) ;
#7213 = VERTEX_POINT ( 'NONE', #3637 ) ;
#7214 = VECTOR ( 'NONE', #6932, 1000.000000000000000 ) ;
#7215 = CARTESIAN_POINT ( 'NONE',  ( -1.999999999999999556, 7.256854249492380227, 2.000000000000000444 ) ) ;
#7216 = VERTEX_POINT ( 'NONE', #6401 ) ;
#7217 = AXIS2_PLACEMENT_3D ( 'NONE', #1182, #1884, #8435 ) ;
#7218 = VERTEX_POINT ( 'NONE', #1090 ) ;
#7219 = EDGE_CURVE ( 'NONE', #2475, #5796, #2925, .T. ) ;
#7220 = CARTESIAN_POINT ( 'NONE',  ( 1.724999999999999867, 0.05000000000000002359, 1.250000000000000222 ) ) ;
#7221 = VECTOR ( 'NONE', #4169, 1000.000000000000000 ) ;
#7222 = EDGE_CURVE ( 'NONE', #3828, #3042, #303, .T. ) ;
#7223 = CARTESIAN_POINT ( 'NONE',  ( -1.999999999999999556, 0.05000000000000000278, 2.000000000000000444 ) ) ;
#7224 = AXIS2_PLACEMENT_3D ( 'NONE', #5945, #2565, #6513 ) ;
#7225 = CIRCLE ( 'NONE', #8320, 0.1250000000000001110 ) ;
#7226 = CARTESIAN_POINT ( 'NONE',  ( -1.724999999999999867, 0.6716990566028301357, 1.375000000000000444 ) ) ;
#7227 = EDGE_LOOP ( 'NONE', ( #6315, #2292, #1839, #2123 ) ) ;
#7228 = VECTOR ( 'NONE', #4464, 1000.000000000000000 ) ;
#7229 =( NAMED_UNIT ( * ) SI_UNIT ( $, .STERADIAN. ) SOLID_ANGLE_UNIT ( ) );
#7230 = DIRECTION ( 'NONE',  ( -0.000000000000000000, -1.000000000000000000, 0.000000000000000000 ) ) ;
#7231 = ORIENTED_EDGE ( 'NONE', *, *, #376, .T. ) ;
#7232 = EDGE_CURVE ( 'NONE', #786, #4412, #6877, .T. ) ;
#7233 = VECTOR ( 'NONE', #7463, 1000.000000000000000 ) ;
#7234 = VECTOR ( 'NONE', #8534, 1000.000000000000000 ) ;
#7235 = LINE ( 'NONE', #1883, #7228 ) ;
#7236 = DIRECTION ( 'NONE',  ( 0.000000000000000000, -1.000000000000000000, 0.000000000000000000 ) ) ;
#7237 = CARTESIAN_POINT ( 'NONE',  ( -1.124999999999995559, 0.05000000000000000278, -1.125000000000004219 ) ) ;
#7238 = STYLED_ITEM ( 'NONE', ( #2181 ), #3314 ) ;
#7239 = PLANE ( 'NONE',  #5908 ) ;
#7240 = CARTESIAN_POINT ( 'NONE',  ( 1.999999999999999556, 0.6716990566028301357, -0.8749999999999998890 ) ) ;
#7241 = ORIENTED_EDGE ( 'NONE', *, *, #4419, .T. ) ;
#7242 = DIRECTION ( 'NONE',  ( 0.000000000000000000, 0.000000000000000000, -1.000000000000000000 ) ) ;
#7243 = DIRECTION ( 'NONE',  ( 1.000000000000000000, 0.000000000000000000, 5.310377987684102867E-16 ) ) ;
#7244 = EDGE_CURVE ( 'NONE', #4162, #438, #6917, .T. ) ;
#7245 = LINE ( 'NONE', #4513, #3047 ) ;
#7246 = COLOUR_RGB ( '',0.7921568627450980005, 0.8196078431372548767, 0.9333333333333333481 ) ;
#7247 = ORIENTED_EDGE ( 'NONE', *, *, #1010, .F. ) ;
#7248 = CARTESIAN_POINT ( 'NONE',  ( -0.6249999999999996669, 0.1999999999999999833, -2.000000000000000000 ) ) ;
#7249 = LINE ( 'NONE', #7848, #1297 ) ;
#7250 = ORIENTED_EDGE ( 'NONE', *, *, #3996, .F. ) ;
#7251 = CARTESIAN_POINT ( 'NONE',  ( 1.125000000000000666, 0.000000000000000000, -2.000000000000000000 ) ) ;
#7252 = ORIENTED_EDGE ( 'NONE', *, *, #7829, .T. ) ;
#7253 = DIRECTION ( 'NONE',  ( 0.000000000000000000, -0.000000000000000000, 1.000000000000000000 ) ) ;
#7254 = AXIS2_PLACEMENT_3D ( 'NONE', #3621, #4277, #1692 ) ;
#7255 = ORIENTED_EDGE ( 'NONE', *, *, #7785, .F. ) ;
#7256 = LINE ( 'NONE', #7297, #6183 ) ;
#7257 = DIRECTION ( 'NONE',  ( 0.000000000000000000, 1.000000000000000000, 0.000000000000000000 ) ) ;
#7258 = EDGE_CURVE ( 'NONE', #3968, #8399, #1050, .T. ) ;
#7259 = DIRECTION ( 'NONE',  ( -7.885106708985496922E-16, 0.000000000000000000, -1.000000000000000000 ) ) ;
#7260 = VERTEX_POINT ( 'NONE', #2364 ) ;
#7261 = LINE ( 'NONE', #1291, #1810 ) ;
#7262 = LINE ( 'NONE', #8549, #5322 ) ;
#7263 = ORIENTED_EDGE ( 'NONE', *, *, #6113, .T. ) ;
#7264 = DIRECTION ( 'NONE',  ( 0.000000000000000000, 0.000000000000000000, -1.000000000000000000 ) ) ;
#7265 = EDGE_LOOP ( 'NONE', ( #579, #867, #3930, #2131 ) ) ;
#7266 = ORIENTED_EDGE ( 'NONE', *, *, #4632, .F. ) ;
#7267 = EDGE_CURVE ( 'NONE', #6809, #3393, #1704, .T. ) ;
#7268 = SURFACE_SIDE_STYLE ('',( #1342 ) ) ;
#7269 = DIRECTION ( 'NONE',  ( 0.000000000000000000, 0.000000000000000000, -1.000000000000000000 ) ) ;
#7270 = CARTESIAN_POINT ( 'NONE',  ( -1.124999999999999778, 0.2000000000000000111, 2.000000000000000000 ) ) ;
#7271 = ORIENTED_EDGE ( 'NONE', *, *, #1888, .T. ) ;
#7272 =( NAMED_UNIT ( * ) SI_UNIT ( $, .STERADIAN. ) SOLID_ANGLE_UNIT ( ) );
#7273 = VERTEX_POINT ( 'NONE', #6226 ) ;
#7274 = EDGE_CURVE ( 'NONE', #3806, #3906, #2970, .T. ) ;
#7275 = CARTESIAN_POINT ( 'NONE',  ( 1.999999999999999556, 0.6716990566028301357, 1.375000000000000666 ) ) ;
#7276 = CARTESIAN_POINT ( 'NONE',  ( -1.692307692307692069, 0.8000000000000000444, -1.825641025641026038 ) ) ;
#7277 = VECTOR ( 'NONE', #6422, 1000.000000000000000 ) ;
#7278 = CARTESIAN_POINT ( 'NONE',  ( 0.1250000000000005551, 0.6716990566028298026, 1.725000000000000311 ) ) ;
#7279 = DIRECTION ( 'NONE',  ( -0.000000000000000000, -1.000000000000000000, -0.000000000000000000 ) ) ;
#7280 = LINE ( 'NONE', #656, #663 ) ;
#7281 = VECTOR ( 'NONE', #6653, 1000.000000000000000 ) ;
#7282 = VERTEX_POINT ( 'NONE', #3103 ) ;
#7283 = CARTESIAN_POINT ( 'NONE',  ( 1.375000000000000444, 0.6716990566028298026, -2.000000000000000000 ) ) ;
#7284 = DIRECTION ( 'NONE',  ( -0.000000000000000000, 1.000000000000000000, -0.000000000000000000 ) ) ;
#7285 = DIRECTION ( 'NONE',  ( 0.000000000000000000, -1.000000000000000000, 0.000000000000000000 ) ) ;
#7286 = VERTEX_POINT ( 'NONE', #7703 ) ;
#7287 = CARTESIAN_POINT ( 'NONE',  ( 0.7500000000000004441, 0.1999999999999999833, 1.725000000000000089 ) ) ;
#7288 = AXIS2_PLACEMENT_3D ( 'NONE', #3758, #2304, #4319 ) ;
#7289 = EDGE_CURVE ( 'NONE', #284, #7719, #1619, .T. ) ;
#7290 = CARTESIAN_POINT ( 'NONE',  ( 0.3750000000000003331, 0.1999999999999999833, 2.000000000000000000 ) ) ;
#7291 = ORIENTED_EDGE ( 'NONE', *, *, #2841, .T. ) ;
#7292 = DIRECTION ( 'NONE',  ( -0.000000000000000000, -1.000000000000000000, -0.000000000000000000 ) ) ;
#7293 = ORIENTED_EDGE ( 'NONE', *, *, #6044, .T. ) ;
#7294 = LINE ( 'NONE', #5305, #5235 ) ;
#7295 = ORIENTED_EDGE ( 'NONE', *, *, #1910, .F. ) ;
#7296 = VECTOR ( 'NONE', #7292, 1000.000000000000000 ) ;
#7297 = CARTESIAN_POINT ( 'NONE',  ( -1.999999999999999556, 0.000000000000000000, 1.375000000000000666 ) ) ;
#7298 = DIRECTION ( 'NONE',  ( 7.885106708985496922E-16, 0.000000000000000000, -1.000000000000000000 ) ) ;
#7299 = DIRECTION ( 'NONE',  ( -0.000000000000000000, -1.000000000000000000, -0.000000000000000000 ) ) ;
#7300 = CLOSED_SHELL ( 'NONE', ( #4342, #7573, #4131, #2526, #5951, #5609 ) ) ;
#7301 = ORIENTED_EDGE ( 'NONE', *, *, #3150, .T. ) ;
#7302 = CARTESIAN_POINT ( 'NONE',  ( -0.6249999999999996669, 0.6716990566028298026, 1.725000000000000311 ) ) ;
#7303 = EDGE_CURVE ( 'NONE', #7719, #14, #2354, .T. ) ;
#7304 = LINE ( 'NONE', #1337, #845 ) ;
#7305 = VECTOR ( 'NONE', #3155, 1000.000000000000000 ) ;
#7306 = VERTEX_POINT ( 'NONE', #8260 ) ;
#7307 = LINE ( 'NONE', #2043, #1869 ) ;
#7308 = ORIENTED_EDGE ( 'NONE', *, *, #7474, .T. ) ;
#7309 = ADVANCED_FACE ( 'NONE', ( #2318 ), #8388, .F. ) ;
#7310 = AXIS2_PLACEMENT_3D ( 'NONE', #3626, #8114, #857 ) ;
#7311 = VERTEX_POINT ( 'NONE', #8299 ) ;
#7312 = LINE ( 'NONE', #726, #6889 ) ;
#7313 = STYLED_ITEM ( 'NONE', ( #2229 ), #6281 ) ;
#7314 = VECTOR ( 'NONE', #204, 1000.000000000000000 ) ;
#7315 = EDGE_CURVE ( 'NONE', #1942, #3536, #4976, .T. ) ;
#7316 = DIRECTION ( 'NONE',  ( -0.000000000000000000, -1.000000000000000000, -0.000000000000000000 ) ) ;
#7317 = EDGE_CURVE ( 'NONE', #1660, #665, #7663, .T. ) ;
#7318 = ORIENTED_EDGE ( 'NONE', *, *, #3588, .F. ) ;
#7319 = EDGE_CURVE ( 'NONE', #3957, #8574, #476, .T. ) ;
#7320 = VECTOR ( 'NONE', #6292, 1000.000000000000000 ) ;
#7321 = VERTEX_POINT ( 'NONE', #7746 ) ;
#7322 = FACE_OUTER_BOUND ( 'NONE', #4360, .T. ) ;
#7323 = EDGE_CURVE ( 'NONE', #3842, #6634, #6573, .T. ) ;
#7324 = EDGE_CURVE ( 'NONE', #1915, #7968, #3148, .T. ) ;
#7325 = PRESENTATION_STYLE_ASSIGNMENT (( #4677 ) ) ;
#7326 = CARTESIAN_POINT ( 'NONE',  ( 2.000000000000000444, 0.05000000000000000278, 2.000000000000000000 ) ) ;
#7327 = ORIENTED_EDGE ( 'NONE', *, *, #1991, .T. ) ;
#7328 = PLANE ( 'NONE',  #6939 ) ;
#7329 = CARTESIAN_POINT ( 'NONE',  ( 1.225000000000000755, 0.2000000000000000944, -1.225000000000000311 ) ) ;
#7330 = ORIENTED_EDGE ( 'NONE', *, *, #3026, .F. ) ;
#7331 = FACE_OUTER_BOUND ( 'NONE', #2256, .T. ) ;
#7332 = CYLINDRICAL_SURFACE ( 'NONE', #6716, 0.1249999999999998890 ) ;
#7333 = ORIENTED_EDGE ( 'NONE', *, *, #2435, .F. ) ;
#7334 = CARTESIAN_POINT ( 'NONE',  ( 0.7500000000000004441, 0.04999999999999999584, 1.725000000000000089 ) ) ;
#7335 = ORIENTED_EDGE ( 'NONE', *, *, #7057, .T. ) ;
#7336 = DIRECTION ( 'NONE',  ( -0.000000000000000000, -0.000000000000000000, -1.000000000000000000 ) ) ;
#7337 = ORIENTED_EDGE ( 'NONE', *, *, #731, .T. ) ;
#7338 = DIRECTION ( 'NONE',  ( -0.000000000000000000, -1.000000000000000000, -0.000000000000000000 ) ) ;
#7339 = CARTESIAN_POINT ( 'NONE',  ( -1.249999999999999556, 0.2000000000000000111, -1.725000000000000089 ) ) ;
#7340 = LINE ( 'NONE', #7169, #8600 ) ;
#7341 = VERTEX_POINT ( 'NONE', #5798 ) ;
#7342 = DIRECTION ( 'NONE',  ( -1.000000000000000000, 0.000000000000000000, 7.885106708985496922E-16 ) ) ;
#7343 = DIRECTION ( 'NONE',  ( 0.000000000000000000, -0.000000000000000000, 1.000000000000000000 ) ) ;
#7344 = EDGE_LOOP ( 'NONE', ( #7646, #3272, #5827, #1787 ) ) ;
#7345 = CARTESIAN_POINT ( 'NONE',  ( -0.6249999999999996669, 0.000000000000000000, -2.000000000000000000 ) ) ;
#7346 = ORIENTED_EDGE ( 'NONE', *, *, #2376, .F. ) ;
#7347 = AXIS2_PLACEMENT_3D ( 'NONE', #7754, #4506, #5333 ) ;
#7348 = EDGE_CURVE ( 'NONE', #4811, #1159, #8561, .T. ) ;
#7349 = EDGE_LOOP ( 'NONE', ( #1506, #7090, #7066, #4820 ) ) ;
#7350 = EDGE_CURVE ( 'NONE', #4978, #8293, #2626, .T. ) ;
#7351 = AXIS2_PLACEMENT_3D ( 'NONE', #6383, #419, #4312 ) ;
#7352 = DIRECTION ( 'NONE',  ( 0.000000000000000000, -1.000000000000000000, 0.000000000000000000 ) ) ;
#7353 = ORIENTED_EDGE ( 'NONE', *, *, #1709, .F. ) ;
#7354 = VECTOR ( 'NONE', #660, 1000.000000000000000 ) ;
#7355 = AXIS2_PLACEMENT_3D ( 'NONE', #618, #3908, #7243 ) ;
#7356 = ADVANCED_FACE ( 'NONE', ( #4461 ), #7101, .T. ) ;
#7357 = EDGE_LOOP ( 'NONE', ( #6533, #8245, #6587, #6210, #3096 ) ) ;
#7358 = CARTESIAN_POINT ( 'NONE',  ( -1.724999999999999867, 0.05000000000000002359, 0.6250000000000001110 ) ) ;
#7359 = ADVANCED_FACE ( 'NONE', ( #7828 ), #5880, .T. ) ;
#7360 = VERTEX_POINT ( 'NONE', #5153 ) ;
#7361 =( NAMED_UNIT ( * ) SI_UNIT ( $, .STERADIAN. ) SOLID_ANGLE_UNIT ( ) );
#7362 = COLOUR_RGB ( '',0.7921568627450980005, 0.8196078431372548767, 0.9333333333333333481 ) ;
#7363 = FILL_AREA_STYLE_COLOUR ( '', #8333 ) ;
#7364 = AXIS2_PLACEMENT_3D ( 'NONE', #5499, #4156, #3413 ) ;
#7365 = CARTESIAN_POINT ( 'NONE',  ( 1.999999999999999556, 0.6716990566028301357, -1.375000000000000000 ) ) ;
#7366 = CIRCLE ( 'NONE', #7911, 0.1249999999999998890 ) ;
#7367 = VERTEX_POINT ( 'NONE', #5110 ) ;
#7368 = EDGE_CURVE ( 'NONE', #8425, #8025, #3271, .T. ) ;
#7369 = DIRECTION ( 'NONE',  ( 1.000000000000000000, -0.000000000000000000, 0.000000000000000000 ) ) ;
#7370 = DIRECTION ( 'NONE',  ( 0.000000000000000000, 0.000000000000000000, -1.000000000000000000 ) ) ;
#7371 = DIRECTION ( 'NONE',  ( 0.000000000000000000, 0.000000000000000000, 1.000000000000000000 ) ) ;
#7372 = CIRCLE ( 'NONE', #3638, 0.1250000000000001110 ) ;
#7373 = DIRECTION ( 'NONE',  ( 0.000000000000000000, 0.000000000000000000, -1.000000000000000000 ) ) ;
#7374 = CARTESIAN_POINT ( 'NONE',  ( 0.1250000000000005551, 0.000000000000000000, 1.725000000000000311 ) ) ;
#7375 = ORIENTED_EDGE ( 'NONE', *, *, #3489, .T. ) ;
#7376 = PLANE ( 'NONE',  #355 ) ;
#7377 = VERTEX_POINT ( 'NONE', #7139 ) ;
#7378 = LINE ( 'NONE', #5427, #2803 ) ;
#7379 = EDGE_CURVE ( 'NONE', #2475, #5675, #3231, .T. ) ;
#7380 = CARTESIAN_POINT ( 'NONE',  ( -1.124999999999999778, 0.6716990566028298026, -1.725000000000000311 ) ) ;
#7381 = FACE_OUTER_BOUND ( 'NONE', #8453, .T. ) ;
#7382 = ORIENTED_EDGE ( 'NONE', *, *, #2338, .F. ) ;
#7383 = LINE ( 'NONE', #7549, #4731 ) ;
#7384 = CARTESIAN_POINT ( 'NONE',  ( 0.8750000000000003331, 0.6716990566028298026, -1.725000000000000311 ) ) ;
#7385 = ORIENTED_EDGE ( 'NONE', *, *, #864, .F. ) ;
#7386 = COLOUR_RGB ( '',0.2509803921568627416, 0.2509803921568627416, 0.2509803921568627416 ) ;
#7387 = PLANE ( 'NONE',  #3687 ) ;
#7388 = EDGE_CURVE ( 'NONE', #4187, #1277, #1138, .T. ) ;
#7389 = ORIENTED_EDGE ( 'NONE', *, *, #6727, .F. ) ;
#7390 = EDGE_LOOP ( 'NONE', ( #1877, #8318, #7266, #2029 ) ) ;
#7391 = CARTESIAN_POINT ( 'NONE',  ( 0.6250000000000005551, 0.6716990566028298026, 2.000000000000000000 ) ) ;
#7392 = CIRCLE ( 'NONE', #8487, 0.1250000000000002220 ) ;
#7393 = DIRECTION ( 'NONE',  ( -0.000000000000000000, 0.000000000000000000, 1.000000000000000000 ) ) ;
#7394 = EDGE_CURVE ( 'NONE', #3802, #630, #7070, .T. ) ;
#7395 = ORIENTED_EDGE ( 'NONE', *, *, #1520, .F. ) ;
#7396 = EDGE_CURVE ( 'NONE', #4865, #6373, #2453, .T. ) ;
#7397 = ORIENTED_EDGE ( 'NONE', *, *, #2138, .F. ) ;
#7398 = PLANE ( 'NONE',  #821 ) ;
#7399 = ORIENTED_EDGE ( 'NONE', *, *, #3485, .T. ) ;
#7400 = DIRECTION ( 'NONE',  ( 0.000000000000000000, -1.000000000000000000, 0.000000000000000000 ) ) ;
#7401 = CARTESIAN_POINT ( 'NONE',  ( -0.8749999999999994449, 0.2000000000000000111, -1.725000000000000311 ) ) ;
#7402 = ADVANCED_FACE ( 'NONE', ( #3813 ), #6446, .F. ) ;
#7403 = DIRECTION ( 'NONE',  ( 1.770125995894700463E-16, 0.000000000000000000, -1.000000000000000000 ) ) ;
#7404 = ORIENTED_EDGE ( 'NONE', *, *, #4379, .F. ) ;
#7405 = VECTOR ( 'NONE', #5857, 1000.000000000000000 ) ;
#7406 = CARTESIAN_POINT ( 'NONE',  ( 0.1250000000000005551, 0.6716990566028298026, -1.725000000000000311 ) ) ;
#7407 = LINE ( 'NONE', #781, #1228 ) ;
#7408 = FACE_OUTER_BOUND ( 'NONE', #3540, .T. ) ;
#7409 = CARTESIAN_POINT ( 'NONE',  ( -1.724999999999999867, 0.6716990566028301357, -0.3750000000000001110 ) ) ;
#7410 = AXIS2_PLACEMENT_3D ( 'NONE', #2578, #1967, #1263 ) ;
#7411 = DIRECTION ( 'NONE',  ( 0.000000000000000000, -1.000000000000000000, 0.000000000000000000 ) ) ;
#7412 = ADVANCED_FACE ( 'NONE', ( #2581 ), #1266, .T. ) ;
#7413 = ORIENTED_EDGE ( 'NONE', *, *, #5369, .F. ) ;
#7414 = EDGE_CURVE ( 'NONE', #554, #7120, #6092, .T. ) ;
#7415 = CARTESIAN_POINT ( 'NONE',  ( -1.249999999999999556, 0.2000000000000000111, -1.725000000000000089 ) ) ;
#7416 = ORIENTED_EDGE ( 'NONE', *, *, #2214, .T. ) ;
#7417 = CARTESIAN_POINT ( 'NONE',  ( -0.1249999999999996808, 0.6716990566028298026, 2.000000000000000000 ) ) ;
#7418 = CARTESIAN_POINT ( 'NONE',  ( 1.724999999999999867, 0.000000000000000000, -0.8750000000000001110 ) ) ;
#7419 = FACE_OUTER_BOUND ( 'NONE', #3301, .T. ) ;
#7420 = AXIS2_PLACEMENT_3D ( 'NONE', #8189, #8024, #3521 ) ;
#7421 = ORIENTED_EDGE ( 'NONE', *, *, #171, .T. ) ;
#7422 = DIRECTION ( 'NONE',  ( 0.000000000000000000, 0.000000000000000000, -1.000000000000000000 ) ) ;
#7423 = DIRECTION ( 'NONE',  ( 0.000000000000000000, -1.000000000000000000, 0.000000000000000000 ) ) ;
#7424 = ORIENTED_EDGE ( 'NONE', *, *, #4764, .T. ) ;
#7425 = LINE ( 'NONE', #236, #6589 ) ;
#7426 = ADVANCED_FACE ( 'NONE', ( #458 ), #7602, .T. ) ;
#7427 = EDGE_LOOP ( 'NONE', ( #1341, #7397, #2440, #4838 ) ) ;
#7428 = SURFACE_SIDE_STYLE ('',( #2668 ) ) ;
#7429 = AXIS2_PLACEMENT_3D ( 'NONE', #4759, #177, #4723 ) ;
#7430 = CLOSED_SHELL ( 'NONE', ( #6815, #5323, #3062, #6712, #5845, #1379, #4747 ) ) ;
#7431 = ORIENTED_EDGE ( 'NONE', *, *, #1411, .T. ) ;
#7432 = FACE_OUTER_BOUND ( 'NONE', #2069, .T. ) ;
#7433 = AXIS2_PLACEMENT_3D ( 'NONE', #615, #6580, #7796 ) ;
#7434 = PRESENTATION_STYLE_ASSIGNMENT (( #767 ) ) ;
#7435 = VECTOR ( 'NONE', #8247, 1000.000000000000000 ) ;
#7436 = CARTESIAN_POINT ( 'NONE',  ( 0.3750000000000003331, 0.1999999999999999833, 2.000000000000000000 ) ) ;
#7437 = ORIENTED_EDGE ( 'NONE', *, *, #2488, .F. ) ;
#7438 = DIRECTION ( 'NONE',  ( -1.000000000000000000, 0.000000000000000000, -0.000000000000000000 ) ) ;
#7439 = MECHANICAL_DESIGN_GEOMETRIC_PRESENTATION_REPRESENTATION (  '', ( #7313 ), #2300 ) ;
#7440 = ORIENTED_EDGE ( 'NONE', *, *, #4070, .T. ) ;
#7441 = COLOUR_RGB ( '',0.7921568627450980005, 0.8196078431372548767, 0.9333333333333333481 ) ;
#7442 = CARTESIAN_POINT ( 'NONE',  ( 1.125000000000000666, 0.6716990566028298026, -2.000000000000000000 ) ) ;
#7443 = VERTEX_POINT ( 'NONE', #3839 ) ;
#7444 = LINE ( 'NONE', #1393, #7082 ) ;
#7445 = DIRECTION ( 'NONE',  ( -1.000000000000000000, 0.000000000000000000, 7.885106708985496922E-16 ) ) ;
#7446 = MECHANICAL_DESIGN_GEOMETRIC_PRESENTATION_REPRESENTATION (  '', ( #2173 ), #4545 ) ;
#7447 = DIRECTION ( 'NONE',  ( 1.000000000000000000, -0.000000000000000000, 7.885106708985496922E-16 ) ) ;
#7448 = EDGE_LOOP ( 'NONE', ( #5127, #7755, #3533, #2121 ) ) ;
#7449 = AXIS2_PLACEMENT_3D ( 'NONE', #328, #1641, #7081 ) ;
#7450 = DIRECTION ( 'NONE',  ( 1.000000000000000000, 0.000000000000000000, -7.885106708985496922E-16 ) ) ;
#7451 = CYLINDRICAL_SURFACE ( 'NONE', #2635, 0.1249999999999998890 ) ;
#7452 = DIRECTION ( 'NONE',  ( 1.000000000000000000, 0.000000000000000000, 0.000000000000000000 ) ) ;
#7453 = EDGE_CURVE ( 'NONE', #4835, #7099, #6991, .T. ) ;
#7454 = DIRECTION ( 'NONE',  ( -0.000000000000000000, -1.000000000000000000, -0.000000000000000000 ) ) ;
#7455 = VECTOR ( 'NONE', #7770, 1000.000000000000000 ) ;
#7456 = CARTESIAN_POINT ( 'NONE',  ( 1.724999999999999867, 0.000000000000000000, -1.249999999999999778 ) ) ;
#7457 = ORIENTED_EDGE ( 'NONE', *, *, #2190, .F. ) ;
#7458 = LINE ( 'NONE', #2763, #6746 ) ;
#7459 = ORIENTED_EDGE ( 'NONE', *, *, #6913, .F. ) ;
#7460 = CARTESIAN_POINT ( 'NONE',  ( -1.724999999999999867, 0.1999999999999999833, -1.124999999999999778 ) ) ;
#7461 = ADVANCED_FACE ( 'NONE', ( #3710 ), #3088, .F. ) ;
#7462 =( LENGTH_UNIT ( ) NAMED_UNIT ( * ) SI_UNIT ( .MILLI., .METRE. ) );
#7463 = DIRECTION ( 'NONE',  ( 0.000000000000000000, 0.000000000000000000, 1.000000000000000000 ) ) ;
#7464 = ORIENTED_EDGE ( 'NONE', *, *, #7414, .F. ) ;
#7465 = DIRECTION ( 'NONE',  ( 0.000000000000000000, 0.000000000000000000, -1.000000000000000000 ) ) ;
#7466 = EDGE_CURVE ( 'NONE', #3745, #933, #6427, .T. ) ;
#7467 = DIRECTION ( 'NONE',  ( 0.000000000000000000, 1.000000000000000000, 0.000000000000000000 ) ) ;
#7468 = EDGE_LOOP ( 'NONE', ( #1676, #1346, #211, #5125 ) ) ;
#7469 = DIRECTION ( 'NONE',  ( 0.000000000000000000, 0.000000000000000000, -1.000000000000000000 ) ) ;
#7470 = ORIENTED_EDGE ( 'NONE', *, *, #8195, .T. ) ;
#7471 = VERTEX_POINT ( 'NONE', #1120 ) ;
#7472 = ORIENTED_EDGE ( 'NONE', *, *, #7810, .T. ) ;
#7473 = DIRECTION ( 'NONE',  ( -0.000000000000000000, -1.000000000000000000, -0.000000000000000000 ) ) ;
#7474 = EDGE_CURVE ( 'NONE', #912, #3872, #4028, .T. ) ;
#7475 = ADVANCED_FACE ( 'NONE', ( #1074 ), #3169, .F. ) ;
#7476 = AXIS2_PLACEMENT_3D ( 'NONE', #1146, #1, #8485 ) ;
#7477 = CARTESIAN_POINT ( 'NONE',  ( -1.724999999999999867, 0.000000000000000000, -0.8749999999999998890 ) ) ;
#7478 = EDGE_LOOP ( 'NONE', ( #986, #6561, #5462, #7174 ) ) ;
#7479 = EDGE_CURVE ( 'NONE', #1065, #1070, #2478, .T. ) ;
#7480 = DIRECTION ( 'NONE',  ( -0.000000000000000000, -1.000000000000000000, 0.000000000000000000 ) ) ;
#7481 = VERTEX_POINT ( 'NONE', #2389 ) ;
#7482 = FACE_OUTER_BOUND ( 'NONE', #4893, .T. ) ;
#7483 = VECTOR ( 'NONE', #6947, 1000.000000000000000 ) ;
#7484 = EDGE_CURVE ( 'NONE', #1280, #5660, #7645, .T. ) ;
#7485 = ORIENTED_EDGE ( 'NONE', *, *, #8289, .F. ) ;
#7486 = LINE ( 'NONE', #2672, #1654 ) ;
#7487 = VECTOR ( 'NONE', #4844, 1000.000000000000000 ) ;
#7488 = ORIENTED_EDGE ( 'NONE', *, *, #6038, .F. ) ;
#7489 = AXIS2_PLACEMENT_3D ( 'NONE', #4987, #5762, #7634 ) ;
#7490 = CARTESIAN_POINT ( 'NONE',  ( 1.999999999999999556, 0.1999999999999999833, 1.125000000000000222 ) ) ;
#7491 = EDGE_CURVE ( 'NONE', #6220, #4451, #1686, .T. ) ;
#7492 = FACE_OUTER_BOUND ( 'NONE', #4102, .T. ) ;
#7493 = ORIENTED_EDGE ( 'NONE', *, *, #8452, .T. ) ;
#7494 = CIRCLE ( 'NONE', #2643, 0.1250000000000002220 ) ;
#7495 = DIRECTION ( 'NONE',  ( -1.000000000000000000, 0.000000000000000000, 0.000000000000000000 ) ) ;
#7496 = DIRECTION ( 'NONE',  ( 0.000000000000000000, 0.000000000000000000, -1.000000000000000000 ) ) ;
#7497 = AXIS2_PLACEMENT_3D ( 'NONE', #7842, #2598, #5250 ) ;
#7498 = CARTESIAN_POINT ( 'NONE',  ( 0.3750000000000003331, 0.2000000000000000111, -1.725000000000000311 ) ) ;
#7499 = LINE ( 'NONE', #2105, #7824 ) ;
#7500 = VECTOR ( 'NONE', #4130, 1000.000000000000000 ) ;
#7501 = FACE_OUTER_BOUND ( 'NONE', #1737, .T. ) ;
#7502 = EDGE_LOOP ( 'NONE', ( #2021, #5506, #6106, #708 ) ) ;
#7503 = CARTESIAN_POINT ( 'NONE',  ( 1.724999999999999867, 0.6716990566028301357, -1.375000000000000000 ) ) ;
#7504 = MECHANICAL_DESIGN_GEOMETRIC_PRESENTATION_REPRESENTATION (  '', ( #5972 ), #6803 ) ;
#7505 = ORIENTED_EDGE ( 'NONE', *, *, #1757, .F. ) ;
#7506 = ADVANCED_FACE ( 'NONE', ( #4359 ), #3663, .T. ) ;
#7507 = DIRECTION ( 'NONE',  ( 0.000000000000000000, 0.000000000000000000, 1.000000000000000000 ) ) ;
#7508 = LINE ( 'NONE', #1452, #5548 ) ;
#7509 = FACE_OUTER_BOUND ( 'NONE', #4681, .T. ) ;
#7510 = CIRCLE ( 'NONE', #2372, 0.1249999999999998890 ) ;
#7511 = ORIENTED_EDGE ( 'NONE', *, *, #6175, .T. ) ;
#7512 = PLANE ( 'NONE',  #8467 ) ;
#7513 = FACE_OUTER_BOUND ( 'NONE', #7806, .T. ) ;
#7514 = ORIENTED_EDGE ( 'NONE', *, *, #6027, .F. ) ;
#7515 = PLANE ( 'NONE',  #1580 ) ;
#7516 = VERTEX_POINT ( 'NONE', #1639 ) ;
#7517 = FILL_AREA_STYLE ('',( #4866 ) ) ;
#7518 = ORIENTED_EDGE ( 'NONE', *, *, #5765, .F. ) ;
#7519 = ORIENTED_EDGE ( 'NONE', *, *, #8344, .F. ) ;
#7520 = DIRECTION ( 'NONE',  ( 0.000000000000000000, 0.000000000000000000, 1.000000000000000000 ) ) ;
#7521 = CARTESIAN_POINT ( 'NONE',  ( 1.999999999999999556, 0.1999999999999999833, -0.6249999999999994449 ) ) ;
#7522 = CARTESIAN_POINT ( 'NONE',  ( -1.724999999999999867, 0.1999999999999999833, 0.3750000000000003331 ) ) ;
#7523 = ORIENTED_EDGE ( 'NONE', *, *, #6913, .T. ) ;
#7524 = EDGE_CURVE ( 'NONE', #7122, #8136, #372, .T. ) ;
#7525 = CARTESIAN_POINT ( 'NONE',  ( -1.724999999999999867, 0.6716990566028301357, 1.375000000000000444 ) ) ;
#7526 = VECTOR ( 'NONE', #8285, 1000.000000000000000 ) ;
#7527 = ORIENTED_EDGE ( 'NONE', *, *, #5491, .T. ) ;
#7528 = CARTESIAN_POINT ( 'NONE',  ( -1.724999999999999867, 0.6716990566028301357, -0.8749999999999998890 ) ) ;
#7529 = FACE_OUTER_BOUND ( 'NONE', #6666, .T. ) ;
#7530 = ORIENTED_EDGE ( 'NONE', *, *, #4240, .F. ) ;
#7531 =( LENGTH_UNIT ( ) NAMED_UNIT ( * ) SI_UNIT ( .MILLI., .METRE. ) );
#7532 = ADVANCED_FACE ( 'NONE', ( #5820 ), #3751, .T. ) ;
#7533 = DIRECTION ( 'NONE',  ( -0.000000000000000000, -1.000000000000000000, 0.000000000000000000 ) ) ;
#7534 = VERTEX_POINT ( 'NONE', #8369 ) ;
#7535 = DIRECTION ( 'NONE',  ( 0.000000000000000000, -1.000000000000000000, 0.000000000000000000 ) ) ;
#7536 = LINE ( 'NONE', #1707, #1796 ) ;
#7537 = CARTESIAN_POINT ( 'NONE',  ( 0.7500000000000004441, 0.6716990566028298026, -1.725000000000000089 ) ) ;
#7538 = CARTESIAN_POINT ( 'NONE',  ( 1.125000000000000666, 3.664823227814084650, 1.125000000000000888 ) ) ;
#7539 = CARTESIAN_POINT ( 'NONE',  ( 0.2500000000000004441, 0.2000000000000000111, 1.725000000000000089 ) ) ;
#7540 = ORIENTED_EDGE ( 'NONE', *, *, #7388, .F. ) ;
#7541 = CARTESIAN_POINT ( 'NONE',  ( 2.000000000000000444, 0.1999999999999996503, -0.8749999999999998890 ) ) ;
#7542 = VECTOR ( 'NONE', #7721, 1000.000000000000000 ) ;
#7543 = VERTEX_POINT ( 'NONE', #2432 ) ;
#7544 = SURFACE_STYLE_USAGE ( .BOTH. , #2328 ) ;
#7545 = CARTESIAN_POINT ( 'NONE',  ( 1.250000000000000444, 0.04999999999999999584, 1.725000000000000089 ) ) ;
#7546 = DIRECTION ( 'NONE',  ( -1.000000000000000000, 0.000000000000000000, 7.885106708985496922E-16 ) ) ;
#7547 = EDGE_CURVE ( 'NONE', #4005, #728, #2296, .T. ) ;
#7548 = VERTEX_POINT ( 'NONE', #985 ) ;
#7549 = CARTESIAN_POINT ( 'NONE',  ( 1.999999999999999556, 0.1999999999999999833, -0.6249999999999994449 ) ) ;
#7550 = VECTOR ( 'NONE', #809, 1000.000000000000000 ) ;
#7551 = CARTESIAN_POINT ( 'NONE',  ( 1.999999999999999556, 0.000000000000000000, 1.125000000000000222 ) ) ;
#7552 = ORIENTED_EDGE ( 'NONE', *, *, #6668, .T. ) ;
#7553 = CARTESIAN_POINT ( 'NONE',  ( -1.249999999999999556, 0.000000000000000000, -1.725000000000000089 ) ) ;
#7554 = ORIENTED_EDGE ( 'NONE', *, *, #4228, .F. ) ;
#7555 = FILL_AREA_STYLE ('',( #4913 ) ) ;
#7556 = AXIS2_PLACEMENT_3D ( 'NONE', #5560, #150, #5518 ) ;
#7557 = CARTESIAN_POINT ( 'NONE',  ( -1.724999999999999867, 0.05000000000000002359, -0.3749999999999998890 ) ) ;
#7558 = ORIENTED_EDGE ( 'NONE', *, *, #2272, .F. ) ;
#7559 = CARTESIAN_POINT ( 'NONE',  ( -1.724999999999999867, 0.6716990566028301357, 0.1250000000000001110 ) ) ;
#7560 = ADVANCED_FACE ( 'NONE', ( #6295 ), #326, .F. ) ;
#7561 = FACE_OUTER_BOUND ( 'NONE', #2493, .T. ) ;
#7562 = ADVANCED_FACE ( 'NONE', ( #7812 ), #717, .T. ) ;
#7563 = VECTOR ( 'NONE', #1943, 1000.000000000000000 ) ;
#7564 = LINE ( 'NONE', #5483, #7693 ) ;
#7565 = ORIENTED_EDGE ( 'NONE', *, *, #4500, .T. ) ;
#7566 = CARTESIAN_POINT ( 'NONE',  ( 1.250000000000000444, 0.6716990566028298026, 1.600000000000000311 ) ) ;
#7567 = ORIENTED_EDGE ( 'NONE', *, *, #6555, .F. ) ;
#7568 = SURFACE_SIDE_STYLE ('',( #6627 ) ) ;
#7569 = VECTOR ( 'NONE', #7189, 1000.000000000000000 ) ;
#7570 = ADVANCED_FACE ( 'NONE', ( #19 ), #3345, .F. ) ;
#7571 = ORIENTED_EDGE ( 'NONE', *, *, #4520, .T. ) ;
#7572 = FACE_OUTER_BOUND ( 'NONE', #7344, .T. ) ;
#7573 = ADVANCED_FACE ( 'NONE', ( #1288 ), #5350, .T. ) ;
#7574 = CYLINDRICAL_SURFACE ( 'NONE', #8478, 0.1249999999999998890 ) ;
#7575 = ORIENTED_EDGE ( 'NONE', *, *, #4794, .T. ) ;
#7576 = AXIS2_PLACEMENT_3D ( 'NONE', #5236, #7914, #3101 ) ;
#7577 = DIRECTION ( 'NONE',  ( -0.000000000000000000, -1.000000000000000000, -0.000000000000000000 ) ) ;
#7578 = LINE ( 'NONE', #6360, #1650 ) ;
#7579 = AXIS2_PLACEMENT_3D ( 'NONE', #6639, #7206, #4614 ) ;
#7580 = ORIENTED_EDGE ( 'NONE', *, *, #4563, .T. ) ;
#7581 = CARTESIAN_POINT ( 'NONE',  ( -0.6249999999999996669, 0.000000000000000000, 2.000000000000000000 ) ) ;
#7582 = LINE ( 'NONE', #963, #5416 ) ;
#7583 = ADVANCED_FACE ( 'NONE', ( #7982 ), #4526, .F. ) ;
#7584 = EDGE_CURVE ( 'NONE', #8337, #4412, #1994, .T. ) ;
#7585 = PLANE ( 'NONE',  #6397 ) ;
#7586 = CIRCLE ( 'NONE', #3854, 0.1250000000000002220 ) ;
#7587 = LINE ( 'NONE', #2412, #1601 ) ;
#7588 = FACE_OUTER_BOUND ( 'NONE', #3604, .T. ) ;
#7589 = ORIENTED_EDGE ( 'NONE', *, *, #2012, .F. ) ;
#7590 = EDGE_CURVE ( 'NONE', #499, #7443, #4316, .T. ) ;
#7591 = CARTESIAN_POINT ( 'NONE',  ( 1.999999999999999556, 0.6716990566028301357, -1.124999999999999556 ) ) ;
#7592 = CARTESIAN_POINT ( 'NONE',  ( -1.724999999999999867, 0.000000000000000000, -1.249999999999999778 ) ) ;
#7593 = ORIENTED_EDGE ( 'NONE', *, *, #6293, .F. ) ;
#7594 = EDGE_CURVE ( 'NONE', #6914, #6600, #4654, .T. ) ;
#7595 = DIRECTION ( 'NONE',  ( 1.000000000000000000, 0.000000000000000000, -7.885106708985496922E-16 ) ) ;
#7596 = FACE_OUTER_BOUND ( 'NONE', #5815, .T. ) ;
#7597 = ORIENTED_EDGE ( 'NONE', *, *, #5868, .F. ) ;
#7598 = DIRECTION ( 'NONE',  ( 0.000000000000000000, 0.000000000000000000, -1.000000000000000000 ) ) ;
#7599 = ORIENTED_EDGE ( 'NONE', *, *, #658, .T. ) ;
#7600 = CARTESIAN_POINT ( 'NONE',  ( 1.225000000000000533, 3.664823227814084650, 1.125000000000000888 ) ) ;
#7601 = ORIENTED_EDGE ( 'NONE', *, *, #5150, .F. ) ;
#7602 = CYLINDRICAL_SURFACE ( 'NONE', #8159, 0.1250000000000001110 ) ;
#7603 = EDGE_LOOP ( 'NONE', ( #1582, #7485, #6505, #4269, #3248 ) ) ;
#7604 = FACE_OUTER_BOUND ( 'NONE', #4597, .T. ) ;
#7605 = CARTESIAN_POINT ( 'NONE',  ( -0.3749999999999994449, 0.000000000000000000, -2.000000000000000000 ) ) ;
#7606 = DIRECTION ( 'NONE',  ( -1.000000000000000000, 0.000000000000000000, 0.000000000000000000 ) ) ;
#7607 = DIRECTION ( 'NONE',  ( -0.000000000000000000, -1.000000000000000000, -0.000000000000000000 ) ) ;
#7608 = ORIENTED_EDGE ( 'NONE', *, *, #6214, .T. ) ;
#7609 = CARTESIAN_POINT ( 'NONE',  ( -1.124999999999999778, 0.6716990566028298026, -2.000000000000000000 ) ) ;
#7610 = ORIENTED_EDGE ( 'NONE', *, *, #8439, .T. ) ;
#7611 = EDGE_CURVE ( 'NONE', #231, #4900, #1657, .T. ) ;
#7612 = FILL_AREA_STYLE ('',( #2962 ) ) ;
#7613 = ORIENTED_EDGE ( 'NONE', *, *, #2435, .T. ) ;
#7614 = PLANE ( 'NONE',  #6244 ) ;
#7615 = SURFACE_STYLE_USAGE ( .BOTH. , #1653 ) ;
#7616 = ORIENTED_EDGE ( 'NONE', *, *, #812, .T. ) ;
#7617 = FILL_AREA_STYLE ('',( #4374 ) ) ;
#7618 = DIRECTION ( 'NONE',  ( 0.000000000000000000, 0.000000000000000000, 1.000000000000000000 ) ) ;
#7619 = ORIENTED_EDGE ( 'NONE', *, *, #7908, .T. ) ;
#7620 = EDGE_CURVE ( 'NONE', #6165, #6220, #5219, .T. ) ;
#7621 = CARTESIAN_POINT ( 'NONE',  ( 0.8750000000000003331, 0.04999999999999999584, 1.725000000000000311 ) ) ;
#7622 = CARTESIAN_POINT ( 'NONE',  ( 2.000000000000000444, 7.256854249492380227, 2.000000000000000000 ) ) ;
#7623 = CIRCLE ( 'NONE', #4455, 0.1249999999999998890 ) ;
#7624 = CARTESIAN_POINT ( 'NONE',  ( 0.2500000000000004441, 0.000000000000000000, -1.725000000000000089 ) ) ;
#7625 = AXIS2_PLACEMENT_3D ( 'NONE', #8214, #2273, #3681 ) ;
#7626 = CARTESIAN_POINT ( 'NONE',  ( -1.724999999999999867, 0.6716990566028301357, 1.125000000000000000 ) ) ;
#7627 = ADVANCED_FACE ( 'NONE', ( #8458 ), #3212, .F. ) ;
#7628 = DIRECTION ( 'NONE',  ( 0.000000000000000000, -0.000000000000000000, 1.000000000000000000 ) ) ;
#7629 = PRESENTATION_LAYER_ASSIGNMENT (  '', '', ( #3625 ) ) ;
#7630 = ORIENTED_EDGE ( 'NONE', *, *, #3209, .T. ) ;
#7631 = ADVANCED_FACE ( 'NONE', ( #1948 ), #7857, .F. ) ;
#7632 = VECTOR ( 'NONE', #6330, 1000.000000000000000 ) ;
#7633 = CARTESIAN_POINT ( 'NONE',  ( -1.249999999999999556, 0.2000000000000000111, -1.725000000000000089 ) ) ;
#7634 = DIRECTION ( 'NONE',  ( 0.000000000000000000, 0.000000000000000000, -1.000000000000000000 ) ) ;
#7635 = FACE_OUTER_BOUND ( 'NONE', #6729, .T. ) ;
#7636 = VERTEX_POINT ( 'NONE', #1246 ) ;
#7637 = CARTESIAN_POINT ( 'NONE',  ( 1.225000000000000755, 3.664823227814084650, -1.225000000000000311 ) ) ;
#7638 = CIRCLE ( 'NONE', #121, 0.1249999999999998890 ) ;
#7639 = DIRECTION ( 'NONE',  ( -0.000000000000000000, -1.000000000000000000, -0.000000000000000000 ) ) ;
#7640 = ORIENTED_EDGE ( 'NONE', *, *, #2670, .F. ) ;
#7641 = AXIS2_PLACEMENT_3D ( 'NONE', #7875, #7143, #2456 ) ;
#7642 = CARTESIAN_POINT ( 'NONE',  ( -1.999999999999999556, 0.6716990566028301357, 0.3750000000000005551 ) ) ;
#7643 = ORIENTED_EDGE ( 'NONE', *, *, #8419, .T. ) ;
#7644 = DIRECTION ( 'NONE',  ( 0.000000000000000000, 1.000000000000000000, 0.000000000000000000 ) ) ;
#7645 = LINE ( 'NONE', #5132, #3043 ) ;
#7646 = ORIENTED_EDGE ( 'NONE', *, *, #7675, .T. ) ;
#7647 = PLANE ( 'NONE',  #7449 ) ;
#7648 = CARTESIAN_POINT ( 'NONE',  ( 0.6250000000000005551, 0.04999999999999969746, -2.000000000000000000 ) ) ;
#7649 = DIRECTION ( 'NONE',  ( 1.000000000000000000, 0.000000000000000000, 7.885106708985496922E-16 ) ) ;
#7650 = CIRCLE ( 'NONE', #2529, 0.1249999999999998890 ) ;
#7651 = DIRECTION ( 'NONE',  ( 0.000000000000000000, -1.000000000000000000, 0.000000000000000000 ) ) ;
#7652 = EDGE_LOOP ( 'NONE', ( #4944, #377, #1519, #4926, #2817 ) ) ;
#7653 = VERTEX_POINT ( 'NONE', #3921 ) ;
#7654 = ORIENTED_EDGE ( 'NONE', *, *, #1469, .T. ) ;
#7655 = DIRECTION ( 'NONE',  ( 1.000000000000000000, 0.000000000000000000, -7.885106708985496922E-16 ) ) ;
#7656 = VECTOR ( 'NONE', #5159, 1000.000000000000000 ) ;
#7657 = ORIENTED_EDGE ( 'NONE', *, *, #7872, .F. ) ;
#7658 = DIRECTION ( 'NONE',  ( 0.000000000000000000, 1.000000000000000000, -0.000000000000000000 ) ) ;
#7659 = CARTESIAN_POINT ( 'NONE',  ( 2.000000000000000444, 0.8000000000000003775, -2.000000000000000000 ) ) ;
#7660 = ORIENTED_EDGE ( 'NONE', *, *, #6314, .F. ) ;
#7661 = MECHANICAL_DESIGN_GEOMETRIC_PRESENTATION_REPRESENTATION (  '', ( #2387 ), #1271 ) ;
#7662 = DIRECTION ( 'NONE',  ( 0.000000000000000000, 0.000000000000000000, 1.000000000000000000 ) ) ;
#7663 = LINE ( 'NONE', #4375, #1504 ) ;
#7664 = ORIENTED_EDGE ( 'NONE', *, *, #3971, .F. ) ;
#7665 = CARTESIAN_POINT ( 'NONE',  ( 1.125000000000000888, 0.000000000000000000, -1.225000000000000311 ) ) ;
#7666 = DIRECTION ( 'NONE',  ( -0.000000000000000000, -1.000000000000000000, -0.000000000000000000 ) ) ;
#7667 = CARTESIAN_POINT ( 'NONE',  ( 1.999999999999999556, 0.1999999999999999833, 0.8750000000000005551 ) ) ;
#7668 = ADVANCED_FACE ( 'NONE', ( #6557 ), #3254, .T. ) ;
#7669 = CARTESIAN_POINT ( 'NONE',  ( 1.999999999999999556, 0.1999999999999999833, 1.375000000000000666 ) ) ;
#7670 = CARTESIAN_POINT ( 'NONE',  ( -1.249999999999999556, 0.000000000000000000, 1.725000000000000089 ) ) ;
#7671 = EDGE_LOOP ( 'NONE', ( #3379, #1553, #6786, #667 ) ) ;
#7672 = CARTESIAN_POINT ( 'NONE',  ( -0.8749999999999994449, 0.000000000000000000, 1.725000000000000311 ) ) ;
#7673 = DIRECTION ( 'NONE',  ( 1.000000000000000000, 0.000000000000000000, 0.000000000000000000 ) ) ;
#7674 = DIRECTION ( 'NONE',  ( -0.000000000000000000, -1.000000000000000000, -0.000000000000000000 ) ) ;
#7675 = EDGE_CURVE ( 'NONE', #6634, #5431, #8587, .T. ) ;
#7676 = ORIENTED_EDGE ( 'NONE', *, *, #4615, .T. ) ;
#7677 = DIRECTION ( 'NONE',  ( 1.000000000000000000, -0.000000000000000000, 7.885106708985496922E-16 ) ) ;
#7678 = ADVANCED_FACE ( 'NONE', ( #5261 ), #4616, .F. ) ;
#7679 = CARTESIAN_POINT ( 'NONE',  ( -1.724999999999999867, 0.1999999999999999833, -0.3750000000000001110 ) ) ;
#7680 = EDGE_CURVE ( 'NONE', #4869, #3335, #5309, .T. ) ;
#7681 = ORIENTED_EDGE ( 'NONE', *, *, #3489, .F. ) ;
#7682 = FACE_OUTER_BOUND ( 'NONE', #585, .T. ) ;
#7683 = ORIENTED_EDGE ( 'NONE', *, *, #3922, .T. ) ;
#7684 = DIRECTION ( 'NONE',  ( 1.000000000000000000, -0.000000000000000000, 0.000000000000000000 ) ) ;
#7685 = CARTESIAN_POINT ( 'NONE',  ( -1.999999999999999556, 0.6716990566028301357, 0.6250000000000001110 ) ) ;
#7686 = DIRECTION ( 'NONE',  ( 0.000000000000000000, 1.000000000000000000, 0.000000000000000000 ) ) ;
#7687 = CIRCLE ( 'NONE', #1157, 0.1250000000000002220 ) ;
#7688 = EDGE_CURVE ( 'NONE', #275, #7034, #2361, .T. ) ;
#7689 = CARTESIAN_POINT ( 'NONE',  ( 0.8750000000000003331, 0.6716990566028298026, 2.000000000000000000 ) ) ;
#7690 = ORIENTED_EDGE ( 'NONE', *, *, #2793, .F. ) ;
#7691 = DIRECTION ( 'NONE',  ( -0.000000000000000000, -1.000000000000000000, -0.000000000000000000 ) ) ;
#7692 = ORIENTED_EDGE ( 'NONE', *, *, #5455, .T. ) ;
#7693 = VECTOR ( 'NONE', #4100, 1000.000000000000000 ) ;
#7694 = ORIENTED_EDGE ( 'NONE', *, *, #243, .F. ) ;
#7695 = EDGE_LOOP ( 'NONE', ( #8023, #1656, #510, #2658 ) ) ;
#7696 = SURFACE_STYLE_FILL_AREA ( #3673 ) ;
#7697 = ORIENTED_EDGE ( 'NONE', *, *, #5793, .F. ) ;
#7698 = AXIS2_PLACEMENT_3D ( 'NONE', #3044, #5697, #8334 ) ;
#7699 = CARTESIAN_POINT ( 'NONE',  ( 1.225000000000000755, 0.2000000000000000944, -1.225000000000000311 ) ) ;
#7700 = DIRECTION ( 'NONE',  ( -1.000000000000000000, 0.000000000000000000, -7.885106708985496922E-16 ) ) ;
#7701 = ORIENTED_EDGE ( 'NONE', *, *, #6469, .T. ) ;
#7702 = FACE_OUTER_BOUND ( 'NONE', #2762, .T. ) ;
#7703 = CARTESIAN_POINT ( 'NONE',  ( -1.125000000000000000, 0.000000000000000000, 1.224999999999999423 ) ) ;
#7704 = ORIENTED_EDGE ( 'NONE', *, *, #2467, .F. ) ;
#7705 = LINE ( 'NONE', #2974, #6662 ) ;
#7706 = DIRECTION ( 'NONE',  ( 0.000000000000000000, 1.000000000000000000, 0.000000000000000000 ) ) ;
#7707 = DIRECTION ( 'NONE',  ( 1.000000000000000000, 0.000000000000000000, 7.885106708985496922E-16 ) ) ;
#7708 = CIRCLE ( 'NONE', #56, 0.1250000000000001110 ) ;
#7709 = CARTESIAN_POINT ( 'NONE',  ( 1.724999999999999867, 0.000000000000000000, 0.7500000000000002220 ) ) ;
#7710 = AXIS2_PLACEMENT_3D ( 'NONE', #3253, #1947, #8586 ) ;
#7711 = CARTESIAN_POINT ( 'NONE',  ( 1.250000000000000444, 0.6716990566028298026, 1.725000000000000089 ) ) ;
#7712 = EDGE_CURVE ( 'NONE', #8356, #2088, #1415, .T. ) ;
#7713 = VERTEX_POINT ( 'NONE', #791 ) ;
#7714 = VECTOR ( 'NONE', #7871, 1000.000000000000000 ) ;
#7715 = CARTESIAN_POINT ( 'NONE',  ( -1.724999999999999867, 0.05000000000000002359, 1.125000000000000222 ) ) ;
#7716 = ADVANCED_FACE ( 'NONE', ( #5428 ), #183, .F. ) ;
#7717 = DIRECTION ( 'NONE',  ( -0.000000000000000000, 0.000000000000000000, -1.000000000000000000 ) ) ;
#7718 = AXIS2_PLACEMENT_3D ( 'NONE', #7800, #3864, #5890 ) ;
#7719 = VERTEX_POINT ( 'NONE', #1544 ) ;
#7720 = CARTESIAN_POINT ( 'NONE',  ( -1.999999999999999556, 0.1999999999999999833, 0.1250000000000001110 ) ) ;
#7721 = DIRECTION ( 'NONE',  ( -1.000000000000000000, 0.000000000000000000, 0.000000000000000000 ) ) ;
#7722 = AXIS2_PLACEMENT_3D ( 'NONE', #6124, #4225, #6861 ) ;
#7723 = ORIENTED_EDGE ( 'NONE', *, *, #3245, .T. ) ;
#7724 = CARTESIAN_POINT ( 'NONE',  ( -0.1249999999999996808, 0.2000000000000000111, -1.725000000000000311 ) ) ;
#7725 = ORIENTED_EDGE ( 'NONE', *, *, #7474, .F. ) ;
#7726 = DIRECTION ( 'NONE',  ( -0.000000000000000000, -1.000000000000000000, -0.000000000000000000 ) ) ;
#7727 = MECHANICAL_DESIGN_GEOMETRIC_PRESENTATION_REPRESENTATION (  '', ( #5511 ), #6341 ) ;
#7728 = PLANE ( 'NONE',  #6041 ) ;
#7729 = DIRECTION ( 'NONE',  ( 1.000000000000000000, 0.000000000000000000, -0.000000000000000000 ) ) ;
#7730 = ADVANCED_FACE ( 'NONE', ( #2854 ), #5551, .F. ) ;
#7731 = LINE ( 'NONE', #8330, #221 ) ;
#7732 = CARTESIAN_POINT ( 'NONE',  ( 1.250000000000000444, 0.1999999999999999833, 1.725000000000000089 ) ) ;
#7733 = ORIENTED_EDGE ( 'NONE', *, *, #2684, .T. ) ;
#7734 = LINE ( 'NONE', #5054, #1306 ) ;
#7735 = ORIENTED_EDGE ( 'NONE', *, *, #8476, .F. ) ;
#7736 = ORIENTED_EDGE ( 'NONE', *, *, #4807, .F. ) ;
#7737 = VERTEX_POINT ( 'NONE', #4856 ) ;
#7738 = EDGE_CURVE ( 'NONE', #8002, #1610, #7508, .T. ) ;
#7739 = CARTESIAN_POINT ( 'NONE',  ( -1.999999999999999556, 0.1999999999999999833, -1.375000000000000000 ) ) ;
#7740 = ORIENTED_EDGE ( 'NONE', *, *, #5396, .F. ) ;
#7741 = MANIFOLD_SOLID_BREP ( 'Boss-Extrude2[2]', #1035 ) ;
#7742 = DIRECTION ( 'NONE',  ( 0.000000000000000000, 0.000000000000000000, 1.000000000000000000 ) ) ;
#7743 = DIRECTION ( 'NONE',  ( 0.000000000000000000, -1.000000000000000000, 0.000000000000000000 ) ) ;
#7744 = ORIENTED_EDGE ( 'NONE', *, *, #8592, .F. ) ;
#7745 = DIRECTION ( 'NONE',  ( 0.000000000000000000, -1.000000000000000000, 0.000000000000000000 ) ) ;
#7746 = CARTESIAN_POINT ( 'NONE',  ( -0.7499999999999995559, 0.1999999999999999833, 1.600000000000000311 ) ) ;
#7747 = VERTEX_POINT ( 'NONE', #6200 ) ;
#7748 = EDGE_CURVE ( 'NONE', #6702, #5118, #2894, .T. ) ;
#7749 = DIRECTION ( 'NONE',  ( 0.000000000000000000, 1.000000000000000000, -0.000000000000000000 ) ) ;
#7750 = DIRECTION ( 'NONE',  ( -0.000000000000000000, -1.000000000000000000, -0.000000000000000000 ) ) ;
#7751 = PLANE ( 'NONE',  #4606 ) ;
#7752 = VECTOR ( 'NONE', #1060, 1000.000000000000000 ) ;
#7753 = DIRECTION ( 'NONE',  ( 0.000000000000000000, 0.000000000000000000, -1.000000000000000000 ) ) ;
#7754 = CARTESIAN_POINT ( 'NONE',  ( -1.249999999999999556, 0.2000000000000000111, -1.725000000000000089 ) ) ;
#7755 = ORIENTED_EDGE ( 'NONE', *, *, #6128, .F. ) ;
#7756 = FACE_OUTER_BOUND ( 'NONE', #2918, .T. ) ;
#7757 = DIRECTION ( 'NONE',  ( 0.000000000000000000, 0.000000000000000000, -1.000000000000000000 ) ) ;
#7758 = DIRECTION ( 'NONE',  ( 0.000000000000000000, 0.000000000000000000, 1.000000000000000000 ) ) ;
#7759 = AXIS2_PLACEMENT_3D ( 'NONE', #5921, #7729, #1026 ) ;
#7760 = ORIENTED_EDGE ( 'NONE', *, *, #2434, .T. ) ;
#7761 = CARTESIAN_POINT ( 'NONE',  ( -1.692307692307692069, 0.6999999999999999556, -1.692307692307692513 ) ) ;
#7762 = DIRECTION ( 'NONE',  ( -0.000000000000000000, -1.000000000000000000, -0.000000000000000000 ) ) ;
#7763 = ORIENTED_EDGE ( 'NONE', *, *, #5912, .T. ) ;
#7764 = AXIS2_PLACEMENT_3D ( 'NONE', #5538, #8351, #3735 ) ;
#7765 = CARTESIAN_POINT ( 'NONE',  ( -1.999999999999999556, 0.6716990566028301357, 0.3750000000000005551 ) ) ;
#7766 = ORIENTED_EDGE ( 'NONE', *, *, #4064, .F. ) ;
#7767 = AXIS2_PLACEMENT_3D ( 'NONE', #7591, #3694, #6283 ) ;
#7768 = CARTESIAN_POINT ( 'NONE',  ( 1.999999999999999556, 0.1999999999999999833, 0.3750000000000005551 ) ) ;
#7769 = CARTESIAN_POINT ( 'NONE',  ( 1.724999999999999867, 0.6716990566028301357, 1.125000000000000222 ) ) ;
#7770 = DIRECTION ( 'NONE',  ( 1.000000000000000000, 0.000000000000000000, -7.885106708985496922E-16 ) ) ;
#7771 = VECTOR ( 'NONE', #7006, 1000.000000000000000 ) ;
#7772 = AXIS2_PLACEMENT_3D ( 'NONE', #6321, #1706, #261 ) ;
#7773 = EDGE_CURVE ( 'NONE', #3295, #1000, #4904, .T. ) ;
#7774 = DIRECTION ( 'NONE',  ( 0.000000000000000000, -1.000000000000000000, 0.000000000000000000 ) ) ;
#7775 = ORIENTED_EDGE ( 'NONE', *, *, #3680, .T. ) ;
#7776 = CARTESIAN_POINT ( 'NONE',  ( 1.724999999999999867, 0.000000000000000000, -0.8749999999999998890 ) ) ;
#7777 = VERTEX_POINT ( 'NONE', #4086 ) ;
#7778 = VECTOR ( 'NONE', #549, 1000.000000000000000 ) ;
#7779 = ORIENTED_EDGE ( 'NONE', *, *, #1778, .F. ) ;
#7780 = ORIENTED_EDGE ( 'NONE', *, *, #2706, .F. ) ;
#7781 = SURFACE_STYLE_USAGE ( .BOTH. , #468 ) ;
#7782 = AXIS2_PLACEMENT_3D ( 'NONE', #8447, #536, #3333 ) ;
#7783 = FILL_AREA_STYLE_COLOUR ( '', #705 ) ;
#7784 = LINE ( 'NONE', #3810, #6583 ) ;
#7785 = EDGE_CURVE ( 'NONE', #3608, #1660, #8033, .T. ) ;
#7786 = ORIENTED_EDGE ( 'NONE', *, *, #349, .T. ) ;
#7787 = LINE ( 'NONE', #2122, #4537 ) ;
#7788 = CARTESIAN_POINT ( 'NONE',  ( -0.6249999999999996669, 0.2000000000000000111, 2.000000000000000000 ) ) ;
#7789 = VECTOR ( 'NONE', #1133, 1000.000000000000000 ) ;
#7790 = EDGE_LOOP ( 'NONE', ( #2607, #4763, #1215, #2134 ) ) ;
#7791 = CARTESIAN_POINT ( 'NONE',  ( 0.6250000000000005551, 0.04999999999999969746, 2.000000000000000000 ) ) ;
#7792 = LINE ( 'NONE', #5883, #1515 ) ;
#7793 = CARTESIAN_POINT ( 'NONE',  ( 0.2500000000000004441, 0.04999999999999999584, 1.725000000000000089 ) ) ;
#7794 = AXIS2_PLACEMENT_3D ( 'NONE', #4728, #2853, #2196 ) ;
#7795 = EDGE_CURVE ( 'NONE', #4842, #4882, #8018, .T. ) ;
#7796 = DIRECTION ( 'NONE',  ( 0.000000000000000000, -0.000000000000000000, -1.000000000000000000 ) ) ;
#7797 = CARTESIAN_POINT ( 'NONE',  ( -0.2499999999999995837, 0.2000000000000000111, 1.725000000000000089 ) ) ;
#7798 = ORIENTED_EDGE ( 'NONE', *, *, #8380, .F. ) ;
#7799 = VECTOR ( 'NONE', #8241, 1000.000000000000000 ) ;
#7800 = CARTESIAN_POINT ( 'NONE',  ( 0.000000000000000000, 0.8000000000000000444, 0.000000000000000000 ) ) ;
#7801 = CYLINDRICAL_SURFACE ( 'NONE', #8323, 0.1249999999999998890 ) ;
#7802 = FACE_OUTER_BOUND ( 'NONE', #3306, .T. ) ;
#7803 = ORIENTED_EDGE ( 'NONE', *, *, #4457, .F. ) ;
#7804 = DIRECTION ( 'NONE',  ( 0.000000000000000000, 0.000000000000000000, -1.000000000000000000 ) ) ;
#7805 = LINE ( 'NONE', #4002, #1569 ) ;
#7806 = EDGE_LOOP ( 'NONE', ( #2980, #5339, #4296, #3612 ) ) ;
#7807 = LINE ( 'NONE', #540, #2146 ) ;
#7808 = ORIENTED_EDGE ( 'NONE', *, *, #1730, .T. ) ;
#7809 = CARTESIAN_POINT ( 'NONE',  ( -0.3749999999999994449, 0.1999999999999999833, -1.725000000000000311 ) ) ;
#7810 = EDGE_CURVE ( 'NONE', #8558, #3897, #6722, .T. ) ;
#7811 = LINE ( 'NONE', #7124, #7159 ) ;
#7812 = FACE_OUTER_BOUND ( 'NONE', #5395, .T. ) ;
#7813 = CARTESIAN_POINT ( 'NONE',  ( -1.724999999999999867, 0.1999999999999999833, -0.7499999999999997780 ) ) ;
#7814 = DIRECTION ( 'NONE',  ( 0.000000000000000000, -1.000000000000000000, 0.000000000000000000 ) ) ;
#7815 = CARTESIAN_POINT ( 'NONE',  ( 1.375000000000000444, 0.1999999999999996503, 2.000000000000000000 ) ) ;
#7816 = EDGE_LOOP ( 'NONE', ( #206, #2395, #238, #6088 ) ) ;
#7817 = DIRECTION ( 'NONE',  ( -1.000000000000000000, 0.000000000000000000, 0.000000000000000000 ) ) ;
#7818 = EDGE_LOOP ( 'NONE', ( #779, #227, #4623, #7808 ) ) ;
#7819 = CIRCLE ( 'NONE', #2414, 0.1249999999999998890 ) ;
#7820 = ORIENTED_EDGE ( 'NONE', *, *, #2366, .F. ) ;
#7821 = FILL_AREA_STYLE_COLOUR ( '', #4414 ) ;
#7822 = EDGE_CURVE ( 'NONE', #1828, #5536, #3515, .T. ) ;
#7823 = DIRECTION ( 'NONE',  ( 0.000000000000000000, 0.000000000000000000, -1.000000000000000000 ) ) ;
#7824 = VECTOR ( 'NONE', #2760, 1000.000000000000000 ) ;
#7825 = DIRECTION ( 'NONE',  ( -0.000000000000000000, -1.000000000000000000, -0.000000000000000000 ) ) ;
#7826 = EDGE_LOOP ( 'NONE', ( #4171, #3892, #7130, #6280 ) ) ;
#7827 = CARTESIAN_POINT ( 'NONE',  ( 0.8750000000000003331, 0.000000000000000000, -1.725000000000000311 ) ) ;
#7828 = FACE_OUTER_BOUND ( 'NONE', #2935, .T. ) ;
#7829 = EDGE_CURVE ( 'NONE', #2308, #912, #2812, .T. ) ;
#7830 = ORIENTED_EDGE ( 'NONE', *, *, #3898, .F. ) ;
#7831 = AXIS2_PLACEMENT_3D ( 'NONE', #5267, #1958, #1209 ) ;
#7832 = DIRECTION ( 'NONE',  ( 0.000000000000000000, -1.000000000000000000, 0.000000000000000000 ) ) ;
#7833 = EDGE_CURVE ( 'NONE', #7443, #7180, #2378, .T. ) ;
#7834 = CARTESIAN_POINT ( 'NONE',  ( 0.3750000000000003331, 0.2000000000000000111, -2.000000000000000000 ) ) ;
#7835 = DIRECTION ( 'NONE',  ( 0.000000000000000000, 0.000000000000000000, -1.000000000000000000 ) ) ;
#7836 = VECTOR ( 'NONE', #1325, 1000.000000000000000 ) ;
#7837 = DIRECTION ( 'NONE',  ( -0.000000000000000000, -1.000000000000000000, -0.000000000000000000 ) ) ;
#7838 = CARTESIAN_POINT ( 'NONE',  ( -1.999999999999999556, 0.000000000000000000, -0.1249999999999994588 ) ) ;
#7839 = ORIENTED_EDGE ( 'NONE', *, *, #3259, .T. ) ;
#7840 = FILL_AREA_STYLE ('',( #2551 ) ) ;
#7841 = EDGE_CURVE ( 'NONE', #644, #5473, #2938, .T. ) ;
#7842 = CARTESIAN_POINT ( 'NONE',  ( -1.249999999999999556, 0.2000000000000000111, -1.725000000000000089 ) ) ;
#7843 = CARTESIAN_POINT ( 'NONE',  ( -0.8749999999999994449, 0.000000000000000000, -1.725000000000000311 ) ) ;
#7844 = VECTOR ( 'NONE', #257, 1000.000000000000000 ) ;
#7845 = VERTEX_POINT ( 'NONE', #7715 ) ;
#7846 = CARTESIAN_POINT ( 'NONE',  ( -1.224999999999999645, 0.2000000000000000944, -1.025000000000001243 ) ) ;
#7847 = AXIS2_PLACEMENT_3D ( 'NONE', #1819, #2431, #1685 ) ;
#7848 = CARTESIAN_POINT ( 'NONE',  ( 1.724999999999999867, 0.6716990566028301357, -0.1249999999999996808 ) ) ;
#7849 = ORIENTED_EDGE ( 'NONE', *, *, #6658, .T. ) ;
#7850 = CARTESIAN_POINT ( 'NONE',  ( 1.999999999999999556, 0.6716990566028301357, 0.1250000000000001110 ) ) ;
#7851 = EDGE_CURVE ( 'NONE', #425, #905, #971, .T. ) ;
#7852 = VERTEX_POINT ( 'NONE', #3787 ) ;
#7853 = DIRECTION ( 'NONE',  ( -0.000000000000000000, -1.000000000000000000, -0.000000000000000000 ) ) ;
#7854 = VECTOR ( 'NONE', #1149, 1000.000000000000000 ) ;
#7855 = CARTESIAN_POINT ( 'NONE',  ( -1.374999999999999556, 0.2000000000000000111, -1.725000000000000311 ) ) ;
#7856 = ADVANCED_FACE ( 'NONE', ( #4388 ), #3601, .F. ) ;
#7857 = PLANE ( 'NONE',  #4854 ) ;
#7858 = LINE ( 'NONE', #3346, #3632 ) ;
#7859 = CARTESIAN_POINT ( 'NONE',  ( -1.724999999999999867, 0.6716990566028301357, 0.6250000000000001110 ) ) ;
#7860 = AXIS2_PLACEMENT_3D ( 'NONE', #6677, #7204, #8454 ) ;
#7861 = CARTESIAN_POINT ( 'NONE',  ( 0.1250000000000005551, 0.2000000000000000111, -1.725000000000000311 ) ) ;
#7862 = ORIENTED_EDGE ( 'NONE', *, *, #1679, .T. ) ;
#7863 = STYLED_ITEM ( 'NONE', ( #5363 ), #713 ) ;
#7864 = CARTESIAN_POINT ( 'NONE',  ( 0.000000000000000000, 0.000000000000000000, 0.000000000000000000 ) ) ;
#7865 = ORIENTED_EDGE ( 'NONE', *, *, #5051, .F. ) ;
#7866 = VECTOR ( 'NONE', #373, 1000.000000000000000 ) ;
#7867 = ORIENTED_EDGE ( 'NONE', *, *, #8099, .F. ) ;
#7868 = DIRECTION ( 'NONE',  ( -1.000000000000000000, 0.000000000000000000, 0.000000000000000000 ) ) ;
#7869 = CARTESIAN_POINT ( 'NONE',  ( 1.724999999999999867, 0.000000000000000000, 0.1250000000000001110 ) ) ;
#7870 = ORIENTED_EDGE ( 'NONE', *, *, #5790, .T. ) ;
#7871 = DIRECTION ( 'NONE',  ( -1.000000000000000000, 0.000000000000000000, 7.885106708985496922E-16 ) ) ;
#7872 = EDGE_CURVE ( 'NONE', #1610, #7443, #2982, .T. ) ;
#7873 = DIRECTION ( 'NONE',  ( -0.000000000000000000, 1.000000000000000000, -0.000000000000000000 ) ) ;
#7874 = ORIENTED_EDGE ( 'NONE', *, *, #8520, .F. ) ;
#7875 = CARTESIAN_POINT ( 'NONE',  ( -1.724999999999999867, 0.6716990566028301357, 0.7500000000000002220 ) ) ;
#7876 = CYLINDRICAL_SURFACE ( 'NONE', #4591, 0.1250000000000002220 ) ;
#7877 = DIRECTION ( 'NONE',  ( 0.000000000000000000, -1.000000000000000000, 0.000000000000000000 ) ) ;
#7878 = LINE ( 'NONE', #573, #8395 ) ;
#7879 = EDGE_CURVE ( 'NONE', #7713, #4753, #2638, .T. ) ;
#7880 = CARTESIAN_POINT ( 'NONE',  ( 0.2500000000000004441, 0.2000000000000000111, 1.600000000000000311 ) ) ;
#7881 = ORIENTED_EDGE ( 'NONE', *, *, #3717, .F. ) ;
#7882 = FACE_OUTER_BOUND ( 'NONE', #1274, .T. ) ;
#7883 = CARTESIAN_POINT ( 'NONE',  ( -1.999999999999999556, 0.1999999999999999833, -0.3749999999999998890 ) ) ;
#7884 = ORIENTED_EDGE ( 'NONE', *, *, #1490, .T. ) ;
#7885 = CARTESIAN_POINT ( 'NONE',  ( 1.999999999999999556, 0.1999999999999999833, 0.3750000000000005551 ) ) ;
#7886 = AXIS2_PLACEMENT_3D ( 'NONE', #2463, #8221, #5032 ) ;
#7887 = PLANE ( 'NONE',  #2698 ) ;
#7888 = EDGE_LOOP ( 'NONE', ( #862, #5656, #34, #464 ) ) ;
#7889 = DIRECTION ( 'NONE',  ( -0.000000000000000000, -0.000000000000000000, 1.000000000000000000 ) ) ;
#7890 = EDGE_CURVE ( 'NONE', #7891, #6376, #1936, .T. ) ;
#7891 = VERTEX_POINT ( 'NONE', #6240 ) ;
#7892 = LINE ( 'NONE', #1202, #6053 ) ;
#7893 = CYLINDRICAL_SURFACE ( 'NONE', #1882, 0.1250000000000002220 ) ;
#7894 = CARTESIAN_POINT ( 'NONE',  ( 0.8750000000000003331, 0.05000000000000000278, 0.000000000000000000 ) ) ;
#7895 = CARTESIAN_POINT ( 'NONE',  ( -1.124999999999999778, 0.2000000000000000111, -2.000000000000000000 ) ) ;
#7896 = VERTEX_POINT ( 'NONE', #5677 ) ;
#7897 = DIRECTION ( 'NONE',  ( 0.000000000000000000, -1.000000000000000000, 0.000000000000000000 ) ) ;
#7898 = AXIS2_PLACEMENT_3D ( 'NONE', #3288, #8444, #2512 ) ;
#7899 = DIRECTION ( 'NONE',  ( 0.000000000000000000, 0.000000000000000000, 1.000000000000000000 ) ) ;
#7900 = EDGE_LOOP ( 'NONE', ( #7839, #2208, #940, #2399 ) ) ;
#7901 = AXIS2_PLACEMENT_3D ( 'NONE', #1715, #7025, #3740 ) ;
#7902 = CARTESIAN_POINT ( 'NONE',  ( 1.999999999999999556, 0.6716990566028301357, 0.8750000000000005551 ) ) ;
#7903 = ADVANCED_FACE ( 'NONE', ( #7068 ), #8316, .T. ) ;
#7904 = ORIENTED_EDGE ( 'NONE', *, *, #653, .F. ) ;
#7905 = VECTOR ( 'NONE', #6536, 1000.000000000000000 ) ;
#7906 = EDGE_LOOP ( 'NONE', ( #8580, #1293, #6814, #361 ) ) ;
#7907 = AXIS2_PLACEMENT_3D ( 'NONE', #3274, #5964, #7104 ) ;
#7908 = EDGE_CURVE ( 'NONE', #4724, #6151, #5722, .T. ) ;
#7909 = CARTESIAN_POINT ( 'NONE',  ( 1.375000000000000444, 0.2000000000000000111, 1.725000000000000311 ) ) ;
#7910 = VECTOR ( 'NONE', #3213, 1000.000000000000000 ) ;
#7911 = AXIS2_PLACEMENT_3D ( 'NONE', #4172, #1498, #3431 ) ;
#7912 = DIRECTION ( 'NONE',  ( 0.000000000000000000, 0.000000000000000000, -1.000000000000000000 ) ) ;
#7913 = ORIENTED_EDGE ( 'NONE', *, *, #2695, .F. ) ;
#7914 = DIRECTION ( 'NONE',  ( 0.000000000000000000, 1.000000000000000000, -0.000000000000000000 ) ) ;
#7915 = ORIENTED_EDGE ( 'NONE', *, *, #5912, .F. ) ;
#7916 = VECTOR ( 'NONE', #3429, 1000.000000000000000 ) ;
#7917 = VECTOR ( 'NONE', #5935, 1000.000000000000000 ) ;
#7918 = LINE ( 'NONE', #3856, #4045 ) ;
#7919 = LINE ( 'NONE', #4635, #3470 ) ;
#7920 = CARTESIAN_POINT ( 'NONE',  ( 0.8750000000000003331, 0.000000000000000000, -2.000000000000000000 ) ) ;
#7921 = STYLED_ITEM ( 'NONE', ( #6140 ), #3289 ) ;
#7922 = CARTESIAN_POINT ( 'NONE',  ( 0.1250000000000005551, 0.6716990566028298026, 1.725000000000000311 ) ) ;
#7923 = PLANE ( 'NONE',  #2628 ) ;
#7924 = ORIENTED_EDGE ( 'NONE', *, *, #3068, .T. ) ;
#7925 = ADVANCED_FACE ( 'NONE', ( #406 ), #2283, .T. ) ;
#7926 = LINE ( 'NONE', #3949, #6386 ) ;
#7927 = CARTESIAN_POINT ( 'NONE',  ( -1.724999999999999867, 0.1999999999999999833, 1.375000000000000444 ) ) ;
#7928 =( GEOMETRIC_REPRESENTATION_CONTEXT ( 3 ) GLOBAL_UNCERTAINTY_ASSIGNED_CONTEXT ( ( #4715 ) ) GLOBAL_UNIT_ASSIGNED_CONTEXT ( ( #5273, #646, #7096 ) ) REPRESENTATION_CONTEXT ( 'NONE', 'WORKASPACE' ) );
#7929 = ORIENTED_EDGE ( 'NONE', *, *, #7833, .F. ) ;
#7930 = DIRECTION ( 'NONE',  ( -7.885106708985496922E-16, 0.000000000000000000, 1.000000000000000000 ) ) ;
#7931 = ADVANCED_FACE ( 'NONE', ( #3651 ), #1105, .F. ) ;
#7932 = LINE ( 'NONE', #7290, #4770 ) ;
#7933 = EDGE_LOOP ( 'NONE', ( #5263, #7979, #5489, #8322 ) ) ;
#7934 = PLANE ( 'NONE',  #2437 ) ;
#7935 = ORIENTED_EDGE ( 'NONE', *, *, #2562, .F. ) ;
#7936 = DIRECTION ( 'NONE',  ( -0.000000000000000000, -1.000000000000000000, 0.000000000000000000 ) ) ;
#7937 = AXIS2_PLACEMENT_3D ( 'NONE', #551, #7947, #3841 ) ;
#7938 = ORIENTED_EDGE ( 'NONE', *, *, #7396, .F. ) ;
#7939 = FACE_OUTER_BOUND ( 'NONE', #2247, .T. ) ;
#7940 = ADVANCED_FACE ( 'NONE', ( #1630 ), #4298, .T. ) ;
#7941 = CARTESIAN_POINT ( 'NONE',  ( -1.692307692307692069, 0.8000000000000000444, -1.825641025641026038 ) ) ;
#7942 = FACE_OUTER_BOUND ( 'NONE', #900, .T. ) ;
#7943 = EDGE_CURVE ( 'NONE', #5326, #8474, #8270, .T. ) ;
#7944 = ORIENTED_EDGE ( 'NONE', *, *, #5830, .T. ) ;
#7945 = CARTESIAN_POINT ( 'NONE',  ( -0.1249999999999996808, 0.1999999999999999833, -2.000000000000000000 ) ) ;
#7946 = EDGE_CURVE ( 'NONE', #7286, #8302, #1097, .T. ) ;
#7947 = DIRECTION ( 'NONE',  ( 0.000000000000000000, 1.000000000000000000, 0.000000000000000000 ) ) ;
#7948 = VERTEX_POINT ( 'NONE', #1673 ) ;
#7949 = LINE ( 'NONE', #3928, #1726 ) ;
#7950 = ORIENTED_EDGE ( 'NONE', *, *, #2684, .F. ) ;
#7951 = ORIENTED_EDGE ( 'NONE', *, *, #4826, .T. ) ;
#7952 =( NAMED_UNIT ( * ) PLANE_ANGLE_UNIT ( ) SI_UNIT ( $, .RADIAN. ) );
#7953 = ADVANCED_FACE ( 'NONE', ( #1806 ), #4348, .T. ) ;
#7954 = EDGE_CURVE ( 'NONE', #3608, #4669, #6370, .T. ) ;
#7955 = DIRECTION ( 'NONE',  ( 1.000000000000000000, 0.000000000000000000, 0.000000000000000000 ) ) ;
#7956 = CARTESIAN_POINT ( 'NONE',  ( 0.2500000000000004441, 0.6716990566028298026, 1.725000000000000089 ) ) ;
#7957 = ORIENTED_EDGE ( 'NONE', *, *, #8028, .T. ) ;
#7958 = AXIS2_PLACEMENT_3D ( 'NONE', #412, #5640, #1591 ) ;
#7959 = ADVANCED_FACE ( 'NONE', ( #4 ), #3287, .T. ) ;
#7960 = VERTEX_POINT ( 'NONE', #1192 ) ;
#7961 = DIRECTION ( 'NONE',  ( -0.000000000000000000, -0.000000000000000000, 1.000000000000000000 ) ) ;
#7962 = FACE_OUTER_BOUND ( 'NONE', #8546, .T. ) ;
#7963 = CIRCLE ( 'NONE', #7410, 0.1250000000000002220 ) ;
#7964 = CARTESIAN_POINT ( 'NONE',  ( 0.8750000000000003331, 0.05000000000000000278, 0.000000000000000000 ) ) ;
#7965 = CARTESIAN_POINT ( 'NONE',  ( 0.3750000000000003331, 0.6716990566028298026, -2.000000000000000000 ) ) ;
#7966 = DIRECTION ( 'NONE',  ( 0.000000000000000000, 0.000000000000000000, 1.000000000000000000 ) ) ;
#7967 = VECTOR ( 'NONE', #7691, 1000.000000000000000 ) ;
#7968 = VERTEX_POINT ( 'NONE', #1894 ) ;
#7969 = LINE ( 'NONE', #8443, #3484 ) ;
#7970 = CARTESIAN_POINT ( 'NONE',  ( -1.124999999999999778, 0.6716990566028298026, 2.000000000000000000 ) ) ;
#7971 = ORIENTED_EDGE ( 'NONE', *, *, #5689, .T. ) ;
#7972 = DIRECTION ( 'NONE',  ( 0.000000000000000000, 0.000000000000000000, 1.000000000000000000 ) ) ;
#7973 = AXIS2_PLACEMENT_3D ( 'NONE', #7553, #2861, #5435 ) ;
#7974 = DIRECTION ( 'NONE',  ( 0.000000000000000000, 0.000000000000000000, 1.000000000000000000 ) ) ;
#7975 = VERTEX_POINT ( 'NONE', #6628 ) ;
#7976 = LINE ( 'NONE', #4479, #743 ) ;
#7977 = VERTEX_POINT ( 'NONE', #4641 ) ;
#7978 = DIRECTION ( 'NONE',  ( 0.000000000000000000, 0.000000000000000000, 1.000000000000000000 ) ) ;
#7979 = ORIENTED_EDGE ( 'NONE', *, *, #3595, .T. ) ;
#7980 = AXIS2_PLACEMENT_3D ( 'NONE', #3551, #3459, #709 ) ;
#7981 = FACE_OUTER_BOUND ( 'NONE', #2990, .T. ) ;
#7982 = FACE_OUTER_BOUND ( 'NONE', #2110, .T. ) ;
#7983 = DIRECTION ( 'NONE',  ( 0.000000000000000000, 0.000000000000000000, -1.000000000000000000 ) ) ;
#7984 = ORIENTED_EDGE ( 'NONE', *, *, #2705, .F. ) ;
#7985 = DIRECTION ( 'NONE',  ( 0.000000000000000000, -1.000000000000000000, 0.000000000000000000 ) ) ;
#7986 = DIRECTION ( 'NONE',  ( 0.000000000000000000, -0.000000000000000000, 1.000000000000000000 ) ) ;
#7987 = AXIS2_PLACEMENT_3D ( 'NONE', #400, #5716, #4428 ) ;
#7988 = ORIENTED_EDGE ( 'NONE', *, *, #6139, .F. ) ;
#7989 = DIRECTION ( 'NONE',  ( 0.000000000000000000, 1.000000000000000000, 0.000000000000000000 ) ) ;
#7990 = ADVANCED_FACE ( 'NONE', ( #3826 ), #4512, .F. ) ;
#7991 = EDGE_LOOP ( 'NONE', ( #4809, #7271, #2071, #7865 ) ) ;
#7992 = CIRCLE ( 'NONE', #7710, 0.1250000000000002220 ) ;
#7993 = ADVANCED_FACE ( 'NONE', ( #2680 ), #6500, .T. ) ;
#7994 = ORIENTED_EDGE ( 'NONE', *, *, #1586, .F. ) ;
#7995 = CIRCLE ( 'NONE', #2729, 0.1000000000000000472 ) ;
#7996 = AXIS2_PLACEMENT_3D ( 'NONE', #446, #5292, #2510 ) ;
#7997 = CARTESIAN_POINT ( 'NONE',  ( 1.375000000000000444, 0.2000000000000000111, -2.000000000000000000 ) ) ;
#7998 = PRODUCT_RELATED_PRODUCT_CATEGORY ( 'part', '', ( #5445 ) ) ;
#7999 = VERTEX_POINT ( 'NONE', #4600 ) ;
#8000 = ADVANCED_FACE ( 'NONE', ( #7154 ), #1275, .F. ) ;
#8001 = VECTOR ( 'NONE', #7473, 1000.000000000000000 ) ;
#8002 = VERTEX_POINT ( 'NONE', #5932 ) ;
#8003 = DIRECTION ( 'NONE',  ( 0.000000000000000000, -1.000000000000000000, 0.000000000000000000 ) ) ;
#8004 = UNCERTAINTY_MEASURE_WITH_UNIT (LENGTH_MEASURE( 1.000000000000000082E-05 ), #5321, 'distance_accuracy_value', 'NONE');
#8005 = CARTESIAN_POINT ( 'NONE',  ( -1.999999999999999556, 0.6716990566028301357, -0.3749999999999998890 ) ) ;
#8006 = EDGE_CURVE ( 'NONE', #5603, #2193, #6585, .T. ) ;
#8007 = DIRECTION ( 'NONE',  ( 0.000000000000000000, 0.000000000000000000, -1.000000000000000000 ) ) ;
#8008 = ORIENTED_EDGE ( 'NONE', *, *, #6704, .F. ) ;
#8009 = DIRECTION ( 'NONE',  ( 0.000000000000000000, 0.000000000000000000, -1.000000000000000000 ) ) ;
#8010 = LINE ( 'NONE', #3455, #4305 ) ;
#8011 = LINE ( 'NONE', #7498, #8607 ) ;
#8012 = LINE ( 'NONE', #90, #1009 ) ;
#8013 = DIRECTION ( 'NONE',  ( -7.885106708985496922E-16, 0.000000000000000000, -1.000000000000000000 ) ) ;
#8014 = ORIENTED_EDGE ( 'NONE', *, *, #613, .T. ) ;
#8015 = FACE_OUTER_BOUND ( 'NONE', #3929, .T. ) ;
#8016 = ORIENTED_EDGE ( 'NONE', *, *, #2705, .T. ) ;
#8017 = LINE ( 'NONE', #837, #4745 ) ;
#8018 = LINE ( 'NONE', #4729, #5832 ) ;
#8019 = DIRECTION ( 'NONE',  ( 0.000000000000000000, 0.000000000000000000, -1.000000000000000000 ) ) ;
#8020 = VERTEX_POINT ( 'NONE', #1151 ) ;
#8021 = DIRECTION ( 'NONE',  ( 1.000000000000000000, 0.000000000000000000, 7.885106708985496922E-16 ) ) ;
#8022 = CARTESIAN_POINT ( 'NONE',  ( -1.249999999999999556, 0.2000000000000000111, -1.725000000000000089 ) ) ;
#8023 = ORIENTED_EDGE ( 'NONE', *, *, #4025, .F. ) ;
#8024 = DIRECTION ( 'NONE',  ( 0.000000000000000000, 1.000000000000000000, 0.000000000000000000 ) ) ;
#8025 = VERTEX_POINT ( 'NONE', #6543 ) ;
#8026 = VERTEX_POINT ( 'NONE', #8572 ) ;
#8027 = DIRECTION ( 'NONE',  ( -1.000000000000000000, 0.000000000000000000, 7.885106708985496922E-16 ) ) ;
#8028 = EDGE_CURVE ( 'NONE', #4055, #2305, #7926, .T. ) ;
#8029 = EDGE_CURVE ( 'NONE', #8469, #7260, #3865, .T. ) ;
#8030 = CARTESIAN_POINT ( 'NONE',  ( -1.124999999999999778, 0.2000000000000000111, -1.725000000000000311 ) ) ;
#8031 = EDGE_LOOP ( 'NONE', ( #8290, #1378, #7775, #6502 ) ) ;
#8032 = CIRCLE ( 'NONE', #2764, 0.1000000000000000472 ) ;
#8033 = CIRCLE ( 'NONE', #6930, 0.1249999999999998890 ) ;
#8034 = ORIENTED_EDGE ( 'NONE', *, *, #6175, .F. ) ;
#8035 = EDGE_CURVE ( 'NONE', #5773, #7999, #3772, .T. ) ;
#8036 = CARTESIAN_POINT ( 'NONE',  ( 1.999999999999999556, 0.6716990566028301357, 0.8750000000000005551 ) ) ;
#8037 = CARTESIAN_POINT ( 'NONE',  ( -1.124999999999999556, -0.000000000000000000, -1.125000000000000666 ) ) ;
#8038 = CIRCLE ( 'NONE', #4321, 0.1250000000000001110 ) ;
#8039 = EDGE_CURVE ( 'NONE', #7321, #685, #1317, .T. ) ;
#8040 = DIRECTION ( 'NONE',  ( -0.000000000000000000, -1.000000000000000000, -0.000000000000000000 ) ) ;
#8041 = VECTOR ( 'NONE', #7535, 1000.000000000000000 ) ;
#8042 = LINE ( 'NONE', #7365, #1784 ) ;
#8043 = VECTOR ( 'NONE', #2656, 1000.000000000000000 ) ;
#8044 = VERTEX_POINT ( 'NONE', #3159 ) ;
#8045 = CARTESIAN_POINT ( 'NONE',  ( 1.375000000000000444, 0.1999999999999999833, 2.000000000000000000 ) ) ;
#8046 = DIRECTION ( 'NONE',  ( -0.000000000000000000, -0.000000000000000000, 1.000000000000000000 ) ) ;
#8047 = EDGE_CURVE ( 'NONE', #4022, #5675, #7969, .T. ) ;
#8048 = CARTESIAN_POINT ( 'NONE',  ( 1.724999999999999867, 0.1999999999999999833, -1.375000000000000000 ) ) ;
#8049 = AXIS2_PLACEMENT_3D ( 'NONE', #3642, #1708, #6276 ) ;
#8050 = FACE_OUTER_BOUND ( 'NONE', #8287, .T. ) ;
#8051 = PLANE ( 'NONE',  #8389 ) ;
#8052 = ORIENTED_EDGE ( 'NONE', *, *, #2863, .F. ) ;
#8053 = CARTESIAN_POINT ( 'NONE',  ( 0.3750000000000003331, 0.6716990566028298026, -1.725000000000000311 ) ) ;
#8054 = VERTEX_POINT ( 'NONE', #3329 ) ;
#8055 = VECTOR ( 'NONE', #8472, 1000.000000000000000 ) ;
#8056 = CARTESIAN_POINT ( 'NONE',  ( -1.249999999999999556, 0.2000000000000000111, -1.725000000000000089 ) ) ;
#8057 = DIRECTION ( 'NONE',  ( 0.000000000000000000, -1.000000000000000000, 0.000000000000000000 ) ) ;
#8058 = CARTESIAN_POINT ( 'NONE',  ( -0.6249999999999996669, 0.6716990566028298026, 2.000000000000000000 ) ) ;
#8059 = ORIENTED_EDGE ( 'NONE', *, *, #4697, .F. ) ;
#8060 = DIRECTION ( 'NONE',  ( -1.000000000000000000, 0.000000000000000000, -7.885106708985496922E-16 ) ) ;
#8061 = DIRECTION ( 'NONE',  ( 0.000000000000000000, 0.000000000000000000, -1.000000000000000000 ) ) ;
#8062 = VERTEX_POINT ( 'NONE', #5166 ) ;
#8063 = DIRECTION ( 'NONE',  ( -0.000000000000000000, -1.000000000000000000, 0.000000000000000000 ) ) ;
#8064 = VERTEX_POINT ( 'NONE', #3242 ) ;
#8065 = CYLINDRICAL_SURFACE ( 'NONE', #202, 0.1250000000000002220 ) ;
#8066 = ORIENTED_EDGE ( 'NONE', *, *, #5380, .T. ) ;
#8067 = LINE ( 'NONE', #2822, #3284 ) ;
#8068 = VECTOR ( 'NONE', #1030, 1000.000000000000000 ) ;
#8069 = DIRECTION ( 'NONE',  ( 0.000000000000000000, 0.000000000000000000, -1.000000000000000000 ) ) ;
#8070 = FACE_OUTER_BOUND ( 'NONE', #4043, .T. ) ;
#8071 = EDGE_LOOP ( 'NONE', ( #4554, #8345, #4135, #8421 ) ) ;
#8072 = ADVANCED_FACE ( 'NONE', ( #5336 ), #7801, .T. ) ;
#8073 = LINE ( 'NONE', #2306, #7435 ) ;
#8074 = VERTEX_POINT ( 'NONE', #3997 ) ;
#8075 = ADVANCED_FACE ( 'NONE', ( #1848 ), #3198, .F. ) ;
#8076 = FACE_OUTER_BOUND ( 'NONE', #5573, .T. ) ;
#8077 = DIRECTION ( 'NONE',  ( 0.7071067811865479058, -0.000000000000000000, -0.7071067811865472397 ) ) ;
#8078 =( LENGTH_UNIT ( ) NAMED_UNIT ( * ) SI_UNIT ( .MILLI., .METRE. ) );
#8079 = UNCERTAINTY_MEASURE_WITH_UNIT (LENGTH_MEASURE( 1.000000000000000082E-05 ), #3629, 'distance_accuracy_value', 'NONE');
#8080 = LINE ( 'NONE', #2883, #6227 ) ;
#8081 = ORIENTED_EDGE ( 'NONE', *, *, #2444, .T. ) ;
#8082 = AXIS2_PLACEMENT_3D ( 'NONE', #2806, #1486, #4806 ) ;
#8083 = FACE_OUTER_BOUND ( 'NONE', #1211, .T. ) ;
#8084 = DIRECTION ( 'NONE',  ( -1.000000000000000000, 0.000000000000000000, -1.770125995894700463E-16 ) ) ;
#8085 = CARTESIAN_POINT ( 'NONE',  ( -9.856383386231755289E-17, 0.05000000000000000278, 0.1249999999999985428 ) ) ;
#8086 = PLANE ( 'NONE',  #4921 ) ;
#8087 = AXIS2_PLACEMENT_3D ( 'NONE', #4229, #4742, #5443 ) ;
#8088 = PLANE ( 'NONE',  #7980 ) ;
#8089 = ORIENTED_EDGE ( 'NONE', *, *, #4701, .F. ) ;
#8090 = CYLINDRICAL_SURFACE ( 'NONE', #3036, 0.1250000000000001110 ) ;
#8091 = EDGE_LOOP ( 'NONE', ( #3196, #5839, #2166, #1357 ) ) ;
#8092 = ADVANCED_FACE ( 'NONE', ( #7882 ), #4843, .T. ) ;
#8093 = CARTESIAN_POINT ( 'NONE',  ( 1.999999999999999556, 0.6716990566028301357, -0.1249999999999994588 ) ) ;
#8094 = DIRECTION ( 'NONE',  ( 0.000000000000000000, 1.000000000000000000, 0.000000000000000000 ) ) ;
#8095 = CARTESIAN_POINT ( 'NONE',  ( 1.375000000000000444, 0.000000000000000000, -2.000000000000000000 ) ) ;
#8096 = AXIS2_PLACEMENT_3D ( 'NONE', #7642, #8276, #2336 ) ;
#8097 = EDGE_LOOP ( 'NONE', ( #8506, #6860, #1354, #2571 ) ) ;
#8098 = LINE ( 'NONE', #1456, #2516 ) ;
#8099 = EDGE_CURVE ( 'NONE', #2667, #833, #4755, .T. ) ;
#8100 = LINE ( 'NONE', #4819, #3107 ) ;
#8101 = EDGE_LOOP ( 'NONE', ( #4196, #4587, #2243, #4829 ) ) ;
#8102 = CARTESIAN_POINT ( 'NONE',  ( -0.7499999999999995559, 0.000000000000000000, 1.725000000000000089 ) ) ;
#8103 = APPLICATION_CONTEXT ( 'automotive_design' ) ;
#8104 = ORIENTED_EDGE ( 'NONE', *, *, #4379, .T. ) ;
#8105 = CARTESIAN_POINT ( 'NONE',  ( 1.125000000000000666, 0.6716990566028298026, 1.725000000000000311 ) ) ;
#8106 = EDGE_CURVE ( 'NONE', #593, #7999, #6794, .T. ) ;
#8107 = ORIENTED_EDGE ( 'NONE', *, *, #1767, .T. ) ;
#8108 = ORIENTED_EDGE ( 'NONE', *, *, #2959, .F. ) ;
#8109 = DIRECTION ( 'NONE',  ( 1.000000000000000000, 0.000000000000000000, -7.885106708985496922E-16 ) ) ;
#8110 = VECTOR ( 'NONE', #6790, 1000.000000000000000 ) ;
#8111 = VECTOR ( 'NONE', #2958, 1000.000000000000000 ) ;
#8112 = DIRECTION ( 'NONE',  ( 0.000000000000000000, -1.000000000000000000, 0.000000000000000000 ) ) ;
#8113 = ORIENTED_EDGE ( 'NONE', *, *, #4818, .F. ) ;
#8114 = DIRECTION ( 'NONE',  ( 0.000000000000000000, 0.000000000000000000, -1.000000000000000000 ) ) ;
#8115 = ORIENTED_EDGE ( 'NONE', *, *, #302, .T. ) ;
#8116 = DIRECTION ( 'NONE',  ( 0.000000000000000000, 0.000000000000000000, 1.000000000000000000 ) ) ;
#8117 = DIRECTION ( 'NONE',  ( 0.000000000000000000, 0.000000000000000000, -1.000000000000000000 ) ) ;
#8118 = ORIENTED_EDGE ( 'NONE', *, *, #1842, .F. ) ;
#8119 = DIRECTION ( 'NONE',  ( -1.000000000000000000, 0.000000000000000000, -0.000000000000000000 ) ) ;
#8120 = CARTESIAN_POINT ( 'NONE',  ( 1.999999999999999556, 0.1999999999999999833, 0.6250000000000001110 ) ) ;
#8121 = AXIS2_PLACEMENT_3D ( 'NONE', #6902, #6167, #196 ) ;
#8122 = CIRCLE ( 'NONE', #8410, 0.1249999999999998890 ) ;
#8124 = ADVANCED_FACE ( 'NONE', ( #827 ), #4034, .F. ) ;
#8123 = ORIENTED_EDGE ( 'NONE', *, *, #7872, .T. ) ;
#8125 = MECHANICAL_DESIGN_GEOMETRIC_PRESENTATION_REPRESENTATION (  '', ( #5378 ), #357 ) ;
#8126 = DIRECTION ( 'NONE',  ( -1.000000000000000000, 0.000000000000000000, 1.084202172485504434E-16 ) ) ;
#8127 = ORIENTED_EDGE ( 'NONE', *, *, #2332, .F. ) ;
#8128 = DIRECTION ( 'NONE',  ( 0.000000000000000000, 1.000000000000000000, 0.000000000000000000 ) ) ;
#8129 = CARTESIAN_POINT ( 'NONE',  ( -0.6249999999999996669, 0.6716990566028298026, -2.000000000000000000 ) ) ;
#8130 = PLANE ( 'NONE',  #5978 ) ;
#8131 = DIRECTION ( 'NONE',  ( 0.000000000000000000, 1.000000000000000000, 0.000000000000000000 ) ) ;
#8132 = EDGE_CURVE ( 'NONE', #3095, #7377, #6143, .T. ) ;
#8133 = CARTESIAN_POINT ( 'NONE',  ( 1.999999999999999556, 0.1999999999999999833, 0.8750000000000005551 ) ) ;
#8134 = ORIENTED_EDGE ( 'NONE', *, *, #4403, .T. ) ;
#8135 = CARTESIAN_POINT ( 'NONE',  ( -1.224999999999999645, 0.2000000000000000944, -1.225000000000000755 ) ) ;
#8136 = VERTEX_POINT ( 'NONE', #6669 ) ;
#8137 = CARTESIAN_POINT ( 'NONE',  ( 0.2500000000000004441, 0.1999999999999999833, 1.600000000000000311 ) ) ;
#8138 = LINE ( 'NONE', #184, #7094 ) ;
#8139 = ORIENTED_EDGE ( 'NONE', *, *, #1966, .F. ) ;
#8140 = FACE_OUTER_BOUND ( 'NONE', #7478, .T. ) ;
#8141 = EDGE_CURVE ( 'NONE', #8390, #1550, #2885, .T. ) ;
#8142 = CARTESIAN_POINT ( 'NONE',  ( -1.724999999999999867, 0.000000000000000000, -0.3749999999999998890 ) ) ;
#8143 = VERTEX_POINT ( 'NONE', #3503 ) ;
#8144 = CARTESIAN_POINT ( 'NONE',  ( 0.8750000000000003331, 0.1999999999999999833, 2.000000000000000000 ) ) ;
#8145 = ORIENTED_EDGE ( 'NONE', *, *, #1131, .T. ) ;
#8146 = FILL_AREA_STYLE_COLOUR ( '', #6741 ) ;
#8147 = ORIENTED_EDGE ( 'NONE', *, *, #5637, .T. ) ;
#8148 = VERTEX_POINT ( 'NONE', #1483 ) ;
#8149 = DIRECTION ( 'NONE',  ( 0.000000000000000000, 1.000000000000000000, 0.000000000000000000 ) ) ;
#8150 = EDGE_CURVE ( 'NONE', #3562, #4743, #172, .T. ) ;
#8151 = CARTESIAN_POINT ( 'NONE',  ( 0.2500000000000004441, 0.04999999999999999584, 1.600000000000000311 ) ) ;
#8152 = VECTOR ( 'NONE', #8007, 1000.000000000000000 ) ;
#8153 = CARTESIAN_POINT ( 'NONE',  ( -0.2499999999999995837, 0.000000000000000000, 1.725000000000000089 ) ) ;
#8154 = EDGE_LOOP ( 'NONE', ( #4058, #2037, #3481, #7723 ) ) ;
#8155 = LINE ( 'NONE', #5613, #4673 ) ;
#8156 = ORIENTED_EDGE ( 'NONE', *, *, #5047, .T. ) ;
#8157 = VECTOR ( 'NONE', #4789, 1000.000000000000000 ) ;
#8158 = FILL_AREA_STYLE_COLOUR ( '', #7027 ) ;
#8159 = AXIS2_PLACEMENT_3D ( 'NONE', #4441, #5691, #5778 ) ;
#8160 = DIRECTION ( 'NONE',  ( -1.000000000000000000, 0.000000000000000000, 7.885106708985496922E-16 ) ) ;
#8161 = FILL_AREA_STYLE_COLOUR ( '', #6816 ) ;
#8162 = VERTEX_POINT ( 'NONE', #739 ) ;
#8163 = VECTOR ( 'NONE', #545, 1000.000000000000000 ) ;
#8164 = SURFACE_STYLE_FILL_AREA ( #7617 ) ;
#8165 = CARTESIAN_POINT ( 'NONE',  ( -1.124999999999999778, 0.2000000000000000111, 1.725000000000000311 ) ) ;
#8166 = EDGE_CURVE ( 'NONE', #1147, #6373, #4718, .T. ) ;
#8167 = EDGE_LOOP ( 'NONE', ( #5302, #3063, #8282, #1338 ) ) ;
#8168 = AXIS2_PLACEMENT_3D ( 'NONE', #2135, #6703, #8119 ) ;
#8169 = DIRECTION ( 'NONE',  ( -1.084202172485504681E-16, 0.000000000000000000, -1.000000000000000000 ) ) ;
#8170 = CARTESIAN_POINT ( 'NONE',  ( -1.999999999999999556, 0.1999999999999999833, 1.375000000000000666 ) ) ;
#8171 = AXIS2_PLACEMENT_3D ( 'NONE', #2101, #8128, #1355 ) ;
#8172 = CARTESIAN_POINT ( 'NONE',  ( 1.375000000000000444, 0.2000000000000000111, -2.000000000000000000 ) ) ;
#8173 = DIRECTION ( 'NONE',  ( -0.000000000000000000, -1.000000000000000000, 0.000000000000000000 ) ) ;
#8174 = AXIS2_PLACEMENT_3D ( 'NONE', #1206, #1909, #3924 ) ;
#8175 = DIRECTION ( 'NONE',  ( 7.885106708985496922E-16, 0.000000000000000000, 1.000000000000000000 ) ) ;
#8176 = ORIENTED_EDGE ( 'NONE', *, *, #4628, .F. ) ;
#8177 = CARTESIAN_POINT ( 'NONE',  ( 0.8750000000000003331, 0.1999999999999999833, 2.000000000000000000 ) ) ;
#8178 = EDGE_CURVE ( 'NONE', #520, #2737, #1439, .T. ) ;
#8179 = ORIENTED_EDGE ( 'NONE', *, *, #7085, .T. ) ;
#8180 =( NAMED_UNIT ( * ) SI_UNIT ( $, .STERADIAN. ) SOLID_ANGLE_UNIT ( ) );
#8181 = ADVANCED_FACE ( 'NONE', ( #8083 ), #1402, .F. ) ;
#8182 = DIRECTION ( 'NONE',  ( -0.000000000000000000, -0.000000000000000000, -1.000000000000000000 ) ) ;
#8183 = VECTOR ( 'NONE', #753, 1000.000000000000000 ) ;
#8184 = VECTOR ( 'NONE', #7835, 1000.000000000000000 ) ;
#8185 = ORIENTED_EDGE ( 'NONE', *, *, #6926, .T. ) ;
#8186 = CARTESIAN_POINT ( 'NONE',  ( 1.125000000000000666, 0.6716990566028298026, 2.000000000000000000 ) ) ;
#8187 = LINE ( 'NONE', #7030, #872 ) ;
#8188 = ORIENTED_EDGE ( 'NONE', *, *, #6279, .F. ) ;
#8189 = CARTESIAN_POINT ( 'NONE',  ( -0.2499999999999995837, 0.000000000000000000, -1.725000000000000089 ) ) ;
#8190 = VERTEX_POINT ( 'NONE', #6753 ) ;
#8191 = DIRECTION ( 'NONE',  ( 1.000000000000000000, 0.000000000000000000, 0.000000000000000000 ) ) ;
#8192 =( GEOMETRIC_REPRESENTATION_CONTEXT ( 3 ) GLOBAL_UNCERTAINTY_ASSIGNED_CONTEXT ( ( #3679 ) ) GLOBAL_UNIT_ASSIGNED_CONTEXT ( ( #8078, #4837, #1479 ) ) REPRESENTATION_CONTEXT ( 'NONE', 'WORKASPACE' ) );
#8193 = ADVANCED_FACE ( 'NONE', ( #6186 ), #780, .T. ) ;
#8194 = DIRECTION ( 'NONE',  ( -1.000000000000000000, 0.000000000000000000, -7.885106708985496922E-16 ) ) ;
#8195 = EDGE_CURVE ( 'NONE', #4285, #969, #6098, .T. ) ;
#8196 = ORIENTED_EDGE ( 'NONE', *, *, #1910, .T. ) ;
#8197 = CARTESIAN_POINT ( 'NONE',  ( 1.999999999999999556, 0.6716990566028301357, -1.124999999999999556 ) ) ;
#8198 = VECTOR ( 'NONE', #329, 1000.000000000000000 ) ;
#8199 = CARTESIAN_POINT ( 'NONE',  ( -1.999999999999999556, 0.04999999999999969746, 1.125000000000000222 ) ) ;
#8200 = CARTESIAN_POINT ( 'NONE',  ( -1.999999999999999556, 0.1999999999999999833, 0.3750000000000005551 ) ) ;
#8201 = VERTEX_POINT ( 'NONE', #2143 ) ;
#8202 = CARTESIAN_POINT ( 'NONE',  ( -1.224999999999999645, 0.05000000000000012768, 1.124999999999999334 ) ) ;
#8203 = AXIS2_PLACEMENT_3D ( 'NONE', #6517, #5223, #5869 ) ;
#8204 = ADVANCED_FACE ( 'NONE', ( #6837 ), #7328, .T. ) ;
#8205 = ORIENTED_EDGE ( 'NONE', *, *, #7833, .T. ) ;
#8206 = EDGE_CURVE ( 'NONE', #2862, #2686, #3546, .T. ) ;
#8207 = FACE_OUTER_BOUND ( 'NONE', #4272, .T. ) ;
#8208 = ORIENTED_EDGE ( 'NONE', *, *, #1445, .F. ) ;
#8209 = CARTESIAN_POINT ( 'NONE',  ( -1.999999999999999556, 0.6716990566028301357, -0.8749999999999998890 ) ) ;
#8210 = DIRECTION ( 'NONE',  ( 0.000000000000000000, 0.000000000000000000, -1.000000000000000000 ) ) ;
#8211 = ADVANCED_FACE ( 'NONE', ( #2719 ), #5376, .F. ) ;
#8212 = ORIENTED_EDGE ( 'NONE', *, *, #5961, .T. ) ;
#8213 = DIRECTION ( 'NONE',  ( 0.000000000000000000, -0.000000000000000000, -1.000000000000000000 ) ) ;
#8214 = CARTESIAN_POINT ( 'NONE',  ( -1.724999999999999867, 0.6716990566028301357, 1.250000000000000222 ) ) ;
#8215 = ORIENTED_EDGE ( 'NONE', *, *, #130, .F. ) ;
#8216 = ADVANCED_FACE ( 'NONE', ( #2062 ), #5457, .T. ) ;
#8217 = PLANE ( 'NONE',  #1103 ) ;
#8218 = DIRECTION ( 'NONE',  ( -0.000000000000000000, -1.000000000000000000, -0.000000000000000000 ) ) ;
#8219 = CARTESIAN_POINT ( 'NONE',  ( 0.3750000000000003331, 0.1999999999999996503, 2.000000000000000000 ) ) ;
#8220 = DIRECTION ( 'NONE',  ( 0.000000000000000000, -1.000000000000000000, 0.000000000000000000 ) ) ;
#8221 = DIRECTION ( 'NONE',  ( -0.000000000000000000, -1.000000000000000000, 0.000000000000000000 ) ) ;
#8222 = CIRCLE ( 'NONE', #6577, 0.1249999999999998890 ) ;
#8223 = ORIENTED_EDGE ( 'NONE', *, *, #1888, .F. ) ;
#8224 = DIRECTION ( 'NONE',  ( 0.000000000000000000, 1.000000000000000000, 0.000000000000000000 ) ) ;
#8225 = CARTESIAN_POINT ( 'NONE',  ( -1.724999999999999867, 0.000000000000000000, 0.7500000000000002220 ) ) ;
#8226 = CARTESIAN_POINT ( 'NONE',  ( -1.224999999999999645, 3.664823227814084650, -1.225000000000000755 ) ) ;
#8227 = VERTEX_POINT ( 'NONE', #1093 ) ;
#8228 = DIRECTION ( 'NONE',  ( 0.000000000000000000, -0.000000000000000000, -1.000000000000000000 ) ) ;
#8229 = VECTOR ( 'NONE', #7825, 1000.000000000000000 ) ;
#8230 = DIRECTION ( 'NONE',  ( -0.000000000000000000, -1.000000000000000000, -0.000000000000000000 ) ) ;
#8231 = VERTEX_POINT ( 'NONE', #8263 ) ;
#8232 = DIRECTION ( 'NONE',  ( 0.000000000000000000, -1.000000000000000000, 0.000000000000000000 ) ) ;
#8233 = ORIENTED_EDGE ( 'NONE', *, *, #854, .F. ) ;
#8234 = ADVANCED_FACE ( 'NONE', ( #394 ), #8217, .F. ) ;
#8235 = VECTOR ( 'NONE', #6562, 1000.000000000000000 ) ;
#8236 = EDGE_LOOP ( 'NONE', ( #5993, #1482 ) ) ;
#8237 = ORIENTED_EDGE ( 'NONE', *, *, #3585, .T. ) ;
#8238 = CARTESIAN_POINT ( 'NONE',  ( -1.724999999999999867, 0.1999999999999999833, 0.3750000000000003331 ) ) ;
#8239 = EDGE_CURVE ( 'NONE', #5469, #28, #5712, .T. ) ;
#8240 = CARTESIAN_POINT ( 'NONE',  ( -1.374999999999999556, 0.1999999999999999833, 2.000000000000000000 ) ) ;
#8241 = DIRECTION ( 'NONE',  ( -0.000000000000000000, -1.000000000000000000, -0.000000000000000000 ) ) ;
#8242 = AXIS2_PLACEMENT_3D ( 'NONE', #5303, #1902, #4648 ) ;
#8243 = CARTESIAN_POINT ( 'NONE',  ( -0.6249999999999996669, 0.2000000000000000111, -2.000000000000000000 ) ) ;
#8244 = VECTOR ( 'NONE', #7026, 1000.000000000000000 ) ;
#8245 = ORIENTED_EDGE ( 'NONE', *, *, #7319, .F. ) ;
#8246 = CLOSED_SHELL ( 'NONE', ( #6940, #4782, #8522, #7532, #105, #3401 ) ) ;
#8247 = DIRECTION ( 'NONE',  ( -0.000000000000000000, -1.000000000000000000, -0.000000000000000000 ) ) ;
#8248 = ORIENTED_EDGE ( 'NONE', *, *, #3003, .T. ) ;
#8249 =( NAMED_UNIT ( * ) SI_UNIT ( $, .STERADIAN. ) SOLID_ANGLE_UNIT ( ) );
#8250 = AXIS2_PLACEMENT_3D ( 'NONE', #7539, #3022, #5589 ) ;
#8251 = ORIENTED_EDGE ( 'NONE', *, *, #5540, .F. ) ;
#8252 = CARTESIAN_POINT ( 'NONE',  ( -0.3749999999999994449, 0.1999999999999999833, 2.000000000000000000 ) ) ;
#8253 = AXIS2_PLACEMENT_3D ( 'NONE', #3838, #5731, #1073 ) ;
#8254 = PLANE ( 'NONE',  #5853 ) ;
#8255 = EDGE_CURVE ( 'NONE', #7471, #6948, #5559, .T. ) ;
#8256 = EDGE_LOOP ( 'NONE', ( #5528, #8463, #5403, #6064 ) ) ;
#8257 = STYLED_ITEM ( 'NONE', ( #3270 ), #6299 ) ;
#8258 = UNCERTAINTY_MEASURE_WITH_UNIT (LENGTH_MEASURE( 1.000000000000000082E-05 ), #6380, 'distance_accuracy_value', 'NONE');
#8259 = CARTESIAN_POINT ( 'NONE',  ( -0.1249999999999996808, 0.000000000000000000, 1.725000000000000311 ) ) ;
#8260 = CARTESIAN_POINT ( 'NONE',  ( 0.6250000000000005551, 0.000000000000000000, -1.725000000000000311 ) ) ;
#8261 =( GEOMETRIC_REPRESENTATION_CONTEXT ( 3 ) GLOBAL_UNCERTAINTY_ASSIGNED_CONTEXT ( ( #4197 ) ) GLOBAL_UNIT_ASSIGNED_CONTEXT ( ( #4347, #1628, #8180 ) ) REPRESENTATION_CONTEXT ( 'NONE', 'WORKASPACE' ) );
#8262 = EDGE_LOOP ( 'NONE', ( #1697, #5687, #5711, #4324 ) ) ;
#8263 = CARTESIAN_POINT ( 'NONE',  ( 1.724999999999999867, 0.1999999999999999833, 0.8750000000000003331 ) ) ;
#8264 = CARTESIAN_POINT ( 'NONE',  ( 6.899468370362322010E-16, 0.05000000000000000278, -0.8750000000000015543 ) ) ;
#8265 = FACE_OUTER_BOUND ( 'NONE', #4279, .T. ) ;
#8266 = VECTOR ( 'NONE', #5144, 1000.000000000000000 ) ;
#8267 = LINE ( 'NONE', #5673, #614 ) ;
#8268 = DIRECTION ( 'NONE',  ( 0.000000000000000000, 0.000000000000000000, -1.000000000000000000 ) ) ;
#8269 = EDGE_LOOP ( 'NONE', ( #4337, #6114, #7318, #241, #1303 ) ) ;
#8270 = LINE ( 'NONE', #2329, #6789 ) ;
#8271 = CARTESIAN_POINT ( 'NONE',  ( -1.724999999999999867, 0.1999999999999999833, 1.125000000000000000 ) ) ;
#8272 = ORIENTED_EDGE ( 'NONE', *, *, #6551, .T. ) ;
#8273 = CARTESIAN_POINT ( 'NONE',  ( -1.374999999999999556, 0.2000000000000000111, -1.725000000000000311 ) ) ;
#8274 = DIRECTION ( 'NONE',  ( 0.000000000000000000, 0.000000000000000000, -1.000000000000000000 ) ) ;
#8275 = ORIENTED_EDGE ( 'NONE', *, *, #7324, .T. ) ;
#8276 = DIRECTION ( 'NONE',  ( -7.885106708985496922E-16, 0.000000000000000000, -1.000000000000000000 ) ) ;
#8277 = EDGE_LOOP ( 'NONE', ( #8215, #7571, #3760, #2988 ) ) ;
#8278 = FILL_AREA_STYLE ('',( #1160 ) ) ;
#8279 = EDGE_CURVE ( 'NONE', #7180, #3522, #8461, .T. ) ;
#8280 = FACE_OUTER_BOUND ( 'NONE', #3789, .T. ) ;
#8281 = DIRECTION ( 'NONE',  ( 0.000000000000000000, 0.000000000000000000, 1.000000000000000000 ) ) ;
#8282 = ORIENTED_EDGE ( 'NONE', *, *, #1668, .T. ) ;
#8283 = CARTESIAN_POINT ( 'NONE',  ( -1.724999999999999867, 0.1999999999999999833, -1.249999999999999778 ) ) ;
#8284 = DIRECTION ( 'NONE',  ( 8.850629979473501081E-17, 0.000000000000000000, -1.000000000000000000 ) ) ;
#8285 = DIRECTION ( 'NONE',  ( 0.000000000000000000, -1.000000000000000000, 0.000000000000000000 ) ) ;
#8286 = LINE ( 'NONE', #4447, #7142 ) ;
#8287 = EDGE_LOOP ( 'NONE', ( #7140, #7431, #2443, #5038 ) ) ;
#8288 = ORIENTED_EDGE ( 'NONE', *, *, #8533, .T. ) ;
#8289 = EDGE_CURVE ( 'NONE', #8026, #4997, #5068, .T. ) ;
#8290 = ORIENTED_EDGE ( 'NONE', *, *, #4930, .T. ) ;
#8291 = CARTESIAN_POINT ( 'NONE',  ( -0.1249999999999996808, 0.1999999999999999833, 2.000000000000000000 ) ) ;
#8292 = CARTESIAN_POINT ( 'NONE',  ( 0.000000000000000000, 0.000000000000000000, 0.000000000000000000 ) ) ;
#8293 = VERTEX_POINT ( 'NONE', #1622 ) ;
#8294 = LINE ( 'NONE', #7528, #402 ) ;
#8295 = VECTOR ( 'NONE', #2593, 1000.000000000000000 ) ;
#8296 = CARTESIAN_POINT ( 'NONE',  ( -1.374999999999999556, 0.05000000000000000278, 0.000000000000000000 ) ) ;
#8297 = EDGE_LOOP ( 'NONE', ( #2700, #6057, #621, #2617 ) ) ;
#8298 = LINE ( 'NONE', #6269, #5629 ) ;
#8299 = CARTESIAN_POINT ( 'NONE',  ( 1.999999999999999556, 0.000000000000000000, -0.1249999999999994588 ) ) ;
#8300 = VECTOR ( 'NONE', #8417, 1000.000000000000000 ) ;
#8301 = EDGE_CURVE ( 'NONE', #7099, #7737, #5626, .T. ) ;
#8302 = VERTEX_POINT ( 'NONE', #6881 ) ;
#8303 = EDGE_CURVE ( 'NONE', #6642, #6700, #7705, .T. ) ;
#8304 = DIRECTION ( 'NONE',  ( 1.000000000000000000, -0.000000000000000000, -1.084202172485504434E-16 ) ) ;
#8305 = DIRECTION ( 'NONE',  ( -0.000000000000000000, -1.000000000000000000, -0.000000000000000000 ) ) ;
#8306 = VECTOR ( 'NONE', #533, 1000.000000000000000 ) ;
#8307 = DIRECTION ( 'NONE',  ( -1.000000000000000000, 0.000000000000000000, 0.000000000000000000 ) ) ;
#8308 = VECTOR ( 'NONE', #2611, 1000.000000000000000 ) ;
#8309 = DIRECTION ( 'NONE',  ( -0.000000000000000000, -1.000000000000000000, -0.000000000000000000 ) ) ;
#8310 = CARTESIAN_POINT ( 'NONE',  ( 0.8750000000000003331, 0.1999999999999999833, 1.725000000000000311 ) ) ;
#8311 = VECTOR ( 'NONE', #4465, 1000.000000000000000 ) ;
#8312 = EDGE_LOOP ( 'NONE', ( #3290, #3293, #8379, #1713 ) ) ;
#8313 = AXIS2_PLACEMENT_3D ( 'NONE', #1750, #1004, #4291 ) ;
#8314 = CARTESIAN_POINT ( 'NONE',  ( -1.999999999999999556, 0.1999999999999999833, 0.6250000000000001110 ) ) ;
#8315 = ADVANCED_FACE ( 'NONE', ( #3734 ), #3640, .T. ) ;
#8316 = CYLINDRICAL_SURFACE ( 'NONE', #4036, 0.1249999999999998890 ) ;
#8317 = DIRECTION ( 'NONE',  ( -1.000000000000000000, 0.000000000000000000, 0.000000000000000000 ) ) ;
#8318 = ORIENTED_EDGE ( 'NONE', *, *, #8503, .F. ) ;
#8319 = FACE_OUTER_BOUND ( 'NONE', #1003, .T. ) ;
#8320 = AXIS2_PLACEMENT_3D ( 'NONE', #146, #2161, #7422 ) ;
#8321 = CARTESIAN_POINT ( 'NONE',  ( -1.999999999999999556, 0.1999999999999999833, -0.8749999999999998890 ) ) ;
#8322 = ORIENTED_EDGE ( 'NONE', *, *, #7484, .T. ) ;
#8323 = AXIS2_PLACEMENT_3D ( 'NONE', #659, #5891, #531 ) ;
#8324 = DIRECTION ( 'NONE',  ( 0.000000000000000000, 0.000000000000000000, 1.000000000000000000 ) ) ;
#8325 = VERTEX_POINT ( 'NONE', #353 ) ;
#8326 = SURFACE_STYLE_USAGE ( .BOTH. , #4998 ) ;
#8327 = AXIS2_PLACEMENT_3D ( 'NONE', #1798, #6973, #5671 ) ;
#8328 = DIRECTION ( 'NONE',  ( -0.000000000000000000, -1.000000000000000000, -0.000000000000000000 ) ) ;
#8329 = CARTESIAN_POINT ( 'NONE',  ( -1.249999999999999556, 0.2000000000000000111, 1.725000000000000089 ) ) ;
#8330 = CARTESIAN_POINT ( 'NONE',  ( 1.999999999999999556, 0.1999999999999999833, 0.3750000000000005551 ) ) ;
#8331 = CARTESIAN_POINT ( 'NONE',  ( 1.999999999999999556, 0.04999999999999969746, -0.3749999999999998890 ) ) ;
#8332 = EDGE_LOOP ( 'NONE', ( #4561, #1488, #6352, #5709 ) ) ;
#8333 = COLOUR_RGB ( '',0.7921568627450980005, 0.8196078431372548767, 0.9333333333333333481 ) ;
#8334 = DIRECTION ( 'NONE',  ( 0.000000000000000000, 0.000000000000000000, 1.000000000000000000 ) ) ;
#8335 = EDGE_LOOP ( 'NONE', ( #2348, #6522, #2406, #1455, #6943, #3678, #5066, #2755, #6009, #3430, #2179, #4691, #4571, #3624, #4532, #856, #6779, #140, #8212, #1992, #3204, #7002, #7924, #6109, #6491, #3083, #2351, #21 ) ) ;
#8336 = ORIENTED_EDGE ( 'NONE', *, *, #5670, .F. ) ;
#8337 = VERTEX_POINT ( 'NONE', #7621 ) ;
#8338 = SURFACE_STYLE_FILL_AREA ( #6485 ) ;
#8339 = APPLICATION_PROTOCOL_DEFINITION ( 'draft international standard', 'automotive_design', 1998, #3184 ) ;
#8340 = EDGE_LOOP ( 'NONE', ( #7308, #4890, #4625, #7252 ) ) ;
#8341 = DIRECTION ( 'NONE',  ( 0.000000000000000000, 0.000000000000000000, -1.000000000000000000 ) ) ;
#8342 = CARTESIAN_POINT ( 'NONE',  ( 1.999999999999999556, 0.000000000000000000, -0.1249999999999994588 ) ) ;
#8343 = FACE_OUTER_BOUND ( 'NONE', #8269, .T. ) ;
#8344 = EDGE_CURVE ( 'NONE', #8025, #7273, #4425, .T. ) ;
#8345 = ORIENTED_EDGE ( 'NONE', *, *, #1358, .F. ) ;
#8346 = VECTOR ( 'NONE', #2527, 1000.000000000000000 ) ;
#8347 = ADVANCED_FACE ( 'NONE', ( #6920 ), #8392, .F. ) ;
#8348 = FACE_OUTER_BOUND ( 'NONE', #6420, .T. ) ;
#8349 = ORIENTED_EDGE ( 'NONE', *, *, #1302, .F. ) ;
#8350 = DIRECTION ( 'NONE',  ( -0.000000000000000000, -1.000000000000000000, -0.000000000000000000 ) ) ;
#8351 = DIRECTION ( 'NONE',  ( -0.000000000000000000, -1.000000000000000000, 0.000000000000000000 ) ) ;
#8352 = DIRECTION ( 'NONE',  ( 0.000000000000000000, 1.000000000000000000, 0.000000000000000000 ) ) ;
#8353 = CARTESIAN_POINT ( 'NONE',  ( -0.6249999999999996669, 0.05000000000000000278, 0.000000000000000000 ) ) ;
#8354 = ADVANCED_FACE ( 'NONE', ( #3591 ), #7060, .F. ) ;
#8355 = CARTESIAN_POINT ( 'NONE',  ( 1.375000000000000444, 0.1999999999999999833, 1.725000000000000311 ) ) ;
#8356 = VERTEX_POINT ( 'NONE', #2928 ) ;
#8357 = PLANE ( 'NONE',  #3417 ) ;
#8358 = DIRECTION ( 'NONE',  ( 0.000000000000000000, 1.000000000000000000, 0.000000000000000000 ) ) ;
#8359 = PLANE ( 'NONE',  #3402 ) ;
#8360 = EDGE_LOOP ( 'NONE', ( #1984, #4067, #5104, #3793 ) ) ;
#8361 = PLANE ( 'NONE',  #5841 ) ;
#8362 = PLANE ( 'NONE',  #453 ) ;
#8363 = ORIENTED_EDGE ( 'NONE', *, *, #6736, .F. ) ;
#8364 = DIRECTION ( 'NONE',  ( 0.000000000000000000, 0.000000000000000000, -1.000000000000000000 ) ) ;
#8365 = EDGE_CURVE ( 'NONE', #8231, #6294, #6970, .T. ) ;
#8366 = ORIENTED_EDGE ( 'NONE', *, *, #4419, .F. ) ;
#8367 = CYLINDRICAL_SURFACE ( 'NONE', #4542, 0.1249999999999998890 ) ;
#8368 = CARTESIAN_POINT ( 'NONE',  ( -0.2499999999999995837, 0.04999999999999999584, -1.725000000000000089 ) ) ;
#8369 = CARTESIAN_POINT ( 'NONE',  ( -1.724999999999999867, 0.05000000000000002359, 0.8750000000000003331 ) ) ;
#8370 = FACE_OUTER_BOUND ( 'NONE', #75, .T. ) ;
#8371 = CIRCLE ( 'NONE', #3538, 0.1250000000000002220 ) ;
#8372 = LINE ( 'NONE', #7689, #3090 ) ;
#8373 = ORIENTED_EDGE ( 'NONE', *, *, #4199, .F. ) ;
#8374 = DIRECTION ( 'NONE',  ( 1.000000000000000000, 0.000000000000000000, -7.885106708985496922E-16 ) ) ;
#8375 = EDGE_CURVE ( 'NONE', #431, #538, #439, .T. ) ;
#8376 = ORIENTED_EDGE ( 'NONE', *, *, #4048, .F. ) ;
#8377 = VECTOR ( 'NONE', #8385, 1000.000000000000000 ) ;
#8378 = EDGE_LOOP ( 'NONE', ( #2669, #6438, #5087, #7558 ) ) ;
#8379 = ORIENTED_EDGE ( 'NONE', *, *, #5931, .T. ) ;
#8380 = EDGE_CURVE ( 'NONE', #657, #5997, #7014, .T. ) ;
#8381 = ORIENTED_EDGE ( 'NONE', *, *, #1469, .F. ) ;
#8382 = AXIS2_PLACEMENT_3D ( 'NONE', #2659, #4572, #5185 ) ;
#8383 = AXIS2_PLACEMENT_3D ( 'NONE', #1761, #3028, #3788 ) ;
#8384 = LINE ( 'NONE', #7223, #7789 ) ;
#8385 = DIRECTION ( 'NONE',  ( 0.000000000000000000, 0.000000000000000000, 1.000000000000000000 ) ) ;
#8386 = EDGE_LOOP ( 'NONE', ( #7779, #6467, #6349, #7944 ) ) ;
#8387 = LINE ( 'NONE', #3937, #759 ) ;
#8388 = CYLINDRICAL_SURFACE ( 'NONE', #7625, 0.1250000000000001110 ) ;
#8389 = AXIS2_PLACEMENT_3D ( 'NONE', #880, #2761, #222 ) ;
#8390 = VERTEX_POINT ( 'NONE', #5026 ) ;
#8391 = CLOSED_SHELL ( 'NONE', ( #8347, #1613, #5152, #8216, #2951, #2837 ) ) ;
#8392 = PLANE ( 'NONE',  #7083 ) ;
#8393 = FACE_OUTER_BOUND ( 'NONE', #5058, .T. ) ;
#8394 = LINE ( 'NONE', #2460, #825 ) ;
#8395 = VECTOR ( 'NONE', #7753, 1000.000000000000000 ) ;
#8396 = LINE ( 'NONE', #2632, #7305 ) ;
#8397 = VECTOR ( 'NONE', #5529, 1000.000000000000000 ) ;
#8398 = CARTESIAN_POINT ( 'NONE',  ( -0.7499999999999995559, 0.6716990566028298026, 1.725000000000000089 ) ) ;
#8399 = VERTEX_POINT ( 'NONE', #7665 ) ;
#8400 = AXIS2_PLACEMENT_3D ( 'NONE', #8105, #8191, #6120 ) ;
#8401 = CARTESIAN_POINT ( 'NONE',  ( 1.125000000000000666, 0.000000000000000000, 2.000000000000000000 ) ) ;
#8402 = ADVANCED_FACE ( 'NONE', ( #4378 ), #1054, .F. ) ;
#8403 = CARTESIAN_POINT ( 'NONE',  ( -1.024999999999999467, 3.664823227814084650, -1.225000000000000755 ) ) ;
#8404 = PLANE ( 'NONE',  #4164 ) ;
#8405 = STYLED_ITEM ( 'NONE', ( #3 ), #587 ) ;
#8406 = ORIENTED_EDGE ( 'NONE', *, *, #2739, .F. ) ;
#8407 = DIRECTION ( 'NONE',  ( -0.000000000000000000, 0.000000000000000000, -1.000000000000000000 ) ) ;
#8408 = EDGE_CURVE ( 'NONE', #2380, #670, #3187, .T. ) ;
#8409 = CARTESIAN_POINT ( 'NONE',  ( -0.8749999999999994449, 0.000000000000000000, -2.000000000000000000 ) ) ;
#8410 = AXIS2_PLACEMENT_3D ( 'NONE', #4565, #3378, #5900 ) ;
#8411 = EDGE_LOOP ( 'NONE', ( #1016, #1305, #7971, #2877 ) ) ;
#8412 = DIRECTION ( 'NONE',  ( -0.000000000000000000, -1.000000000000000000, 0.000000000000000000 ) ) ;
#8413 = ORIENTED_EDGE ( 'NONE', *, *, #6495, .T. ) ;
#8414 = CARTESIAN_POINT ( 'NONE',  ( -1.374999999999999556, 0.000000000000000000, 2.000000000000000000 ) ) ;
#8415 = VECTOR ( 'NONE', #2006, 1000.000000000000000 ) ;
#8416 = DIRECTION ( 'NONE',  ( 1.000000000000000000, 0.000000000000000000, 0.000000000000000000 ) ) ;
#8417 = DIRECTION ( 'NONE',  ( 0.000000000000000000, 0.000000000000000000, -1.000000000000000000 ) ) ;
#8418 = CARTESIAN_POINT ( 'NONE',  ( -0.8749999999999994449, 0.2000000000000000111, 1.725000000000000311 ) ) ;
#8419 = EDGE_CURVE ( 'NONE', #6000, #1473, #2499, .T. ) ;
#8420 = CARTESIAN_POINT ( 'NONE',  ( 1.250000000000000444, 0.2000000000000000111, 1.725000000000000089 ) ) ;
#8421 = ORIENTED_EDGE ( 'NONE', *, *, #2057, .T. ) ;
#8422 = DIRECTION ( 'NONE',  ( 0.000000000000000000, 1.000000000000000000, -0.000000000000000000 ) ) ;
#8423 = ORIENTED_EDGE ( 'NONE', *, *, #3085, .T. ) ;
#8424 = VERTEX_POINT ( 'NONE', #3233 ) ;
#8425 = VERTEX_POINT ( 'NONE', #5842 ) ;
#8426 = CARTESIAN_POINT ( 'NONE',  ( 2.000000000000000444, 0.05000000000000000278, 2.000000000000000000 ) ) ;
#8427 = EDGE_CURVE ( 'NONE', #4886, #8162, #6108, .T. ) ;
#8428 = FACE_OUTER_BOUND ( 'NONE', #5393, .T. ) ;
#8429 = FACE_OUTER_BOUND ( 'NONE', #4990, .T. ) ;
#8430 = VERTEX_POINT ( 'NONE', #610 ) ;
#8431 = DIRECTION ( 'NONE',  ( 1.000000000000000000, -0.000000000000000000, 7.885106708985496922E-16 ) ) ;
#8432 = CARTESIAN_POINT ( 'NONE',  ( 0.8750000000000003331, 0.000000000000000000, 2.000000000000000000 ) ) ;
#8433 = ORIENTED_EDGE ( 'NONE', *, *, #3230, .T. ) ;
#8434 = LINE ( 'NONE', #8519, #3321 ) ;
#8435 = DIRECTION ( 'NONE',  ( 0.000000000000000000, -0.000000000000000000, 1.000000000000000000 ) ) ;
#8436 = FACE_OUTER_BOUND ( 'NONE', #810, .T. ) ;
#8437 = AXIS2_PLACEMENT_3D ( 'NONE', #2153, #93, #4255 ) ;
#8438 = CARTESIAN_POINT ( 'NONE',  ( -0.1249999999999996808, 0.2000000000000000111, -2.000000000000000000 ) ) ;
#8439 = EDGE_CURVE ( 'NONE', #5646, #1959, #5924, .T. ) ;
#8440 = DIRECTION ( 'NONE',  ( 0.000000000000000000, 0.000000000000000000, -1.000000000000000000 ) ) ;
#8441 = EDGE_LOOP ( 'NONE', ( #7470, #5923, #1868, #2994 ) ) ;
#8442 = CARTESIAN_POINT ( 'NONE',  ( -0.2499999999999995837, 0.04999999999999999584, 1.600000000000000311 ) ) ;
#8443 = CARTESIAN_POINT ( 'NONE',  ( 0.8750000000000003331, 0.000000000000000000, -2.000000000000000000 ) ) ;
#8444 = DIRECTION ( 'NONE',  ( -0.000000000000000000, -1.000000000000000000, -0.000000000000000000 ) ) ;
#8445 = AXIS2_PLACEMENT_3D ( 'NONE', #3299, #2693, #6640 ) ;
#8446 = ORIENTED_EDGE ( 'NONE', *, *, #5199, .F. ) ;
#8447 = CARTESIAN_POINT ( 'NONE',  ( -1.249999999999999556, 0.2000000000000000111, 1.725000000000000089 ) ) ;
#8448 = LINE ( 'NONE', #7199, #310 ) ;
#8449 = EDGE_LOOP ( 'NONE', ( #5498, #4012, #2690, #4281 ) ) ;
#8450 = VECTOR ( 'NONE', #6670, 1000.000000000000000 ) ;
#8451 = LINE ( 'NONE', #2519, #2845 ) ;
#8452 = EDGE_CURVE ( 'NONE', #1783, #8062, #8564, .T. ) ;
#8453 = EDGE_LOOP ( 'NONE', ( #5438, #1285, #8413, #5448 ) ) ;
#8454 = DIRECTION ( 'NONE',  ( 0.000000000000000000, 0.000000000000000000, 1.000000000000000000 ) ) ;
#8455 = VECTOR ( 'NONE', #7284, 1000.000000000000000 ) ;
#8456 = EDGE_CURVE ( 'NONE', #2031, #1971, #2544, .T. ) ;
#8457 = CARTESIAN_POINT ( 'NONE',  ( -1.374999999999999556, 0.6716990566028298026, -1.725000000000000311 ) ) ;
#8458 = FACE_OUTER_BOUND ( 'NONE', #8605, .T. ) ;
#8459 = LINE ( 'NONE', #1289, #2653 ) ;
#8460 = AXIS2_PLACEMENT_3D ( 'NONE', #952, #913, #3009 ) ;
#8461 = CIRCLE ( 'NONE', #1664, 0.1000000000000000472 ) ;
#8462 = CARTESIAN_POINT ( 'NONE',  ( -0.3749999999999994449, 0.04999999999999969746, -2.000000000000000000 ) ) ;
#8463 = ORIENTED_EDGE ( 'NONE', *, *, #1878, .F. ) ;
#8464 = PLANE ( 'NONE',  #8382 ) ;
#8465 = VERTEX_POINT ( 'NONE', #6575 ) ;
#8466 = CIRCLE ( 'NONE', #7224, 0.1250000000000002220 ) ;
#8467 = AXIS2_PLACEMENT_3D ( 'NONE', #795, #4733, #4769 ) ;
#8468 = EDGE_CURVE ( 'NONE', #1915, #4835, #7918, .T. ) ;
#8469 = VERTEX_POINT ( 'NONE', #6492 ) ;
#8470 = CARTESIAN_POINT ( 'NONE',  ( -1.692307692307692069, 0.6999999999999999556, -1.692307692307692513 ) ) ;
#8471 = VECTOR ( 'NONE', #7452, 1000.000000000000000 ) ;
#8472 = DIRECTION ( 'NONE',  ( 0.000000000000000000, -1.000000000000000000, 0.000000000000000000 ) ) ;
#8473 = CARTESIAN_POINT ( 'NONE',  ( -1.724999999999999867, 0.000000000000000000, -0.3750000000000001110 ) ) ;
#8474 = VERTEX_POINT ( 'NONE', #5156 ) ;
#8475 = EDGE_CURVE ( 'NONE', #380, #3536, #7235, .T. ) ;
#8476 = EDGE_CURVE ( 'NONE', #6618, #5345, #3059, .T. ) ;
#8477 = DIRECTION ( 'NONE',  ( -0.000000000000000000, -1.000000000000000000, -0.000000000000000000 ) ) ;
#8478 = AXIS2_PLACEMENT_3D ( 'NONE', #6265, #4973, #7008 ) ;
#8479 = VERTEX_POINT ( 'NONE', #7791 ) ;
#8480 = DIRECTION ( 'NONE',  ( 1.000000000000000000, 0.000000000000000000, 0.000000000000000000 ) ) ;
#8481 = CARTESIAN_POINT ( 'NONE',  ( -0.2499999999999995837, 0.2000000000000000111, 1.725000000000000089 ) ) ;
#8482 = DIRECTION ( 'NONE',  ( 0.000000000000000000, 1.000000000000000000, 0.000000000000000000 ) ) ;
#8483 = CARTESIAN_POINT ( 'NONE',  ( 1.724999999999999867, 0.1999999999999999833, 0.1250000000000001110 ) ) ;
#8484 = EDGE_CURVE ( 'NONE', #3804, #946, #1142, .T. ) ;
#8485 = DIRECTION ( 'NONE',  ( 0.000000000000000000, 0.000000000000000000, -1.000000000000000000 ) ) ;
#8486 = ORIENTED_EDGE ( 'NONE', *, *, #6663, .T. ) ;
#8487 = AXIS2_PLACEMENT_3D ( 'NONE', #3258, #1207, #2616 ) ;
#8488 = CARTESIAN_POINT ( 'NONE',  ( 1.225000000000000755, 0.000000000000000000, -1.225000000000000311 ) ) ;
#8489 = DIRECTION ( 'NONE',  ( -7.885106708985496922E-16, 0.000000000000000000, -1.000000000000000000 ) ) ;
#8490 = DIRECTION ( 'NONE',  ( 0.000000000000000000, -0.000000000000000000, 1.000000000000000000 ) ) ;
#8491 = EDGE_LOOP ( 'NONE', ( #7191, #7530, #5615, #5174 ) ) ;
#8492 = DIRECTION ( 'NONE',  ( 0.000000000000000000, 0.000000000000000000, -1.000000000000000000 ) ) ;
#8493 = DIRECTION ( 'NONE',  ( 0.000000000000000000, -1.000000000000000000, 0.000000000000000000 ) ) ;
#8494 = ORIENTED_EDGE ( 'NONE', *, *, #8301, .T. ) ;
#8495 = DIRECTION ( 'NONE',  ( 0.000000000000000000, -0.000000000000000000, 1.000000000000000000 ) ) ;
#8496 = ORIENTED_EDGE ( 'NONE', *, *, #2695, .T. ) ;
#8497 = DIRECTION ( 'NONE',  ( 0.000000000000000000, 0.000000000000000000, 1.000000000000000000 ) ) ;
#8498 = DIRECTION ( 'NONE',  ( 0.000000000000000000, -0.000000000000000000, -1.000000000000000000 ) ) ;
#8499 = DIRECTION ( 'NONE',  ( 0.000000000000000000, -1.000000000000000000, 0.000000000000000000 ) ) ;
#8500 = LINE ( 'NONE', #7895, #7910 ) ;
#8501 = FACE_OUTER_BOUND ( 'NONE', #1637, .T. ) ;
#8502 = CARTESIAN_POINT ( 'NONE',  ( -1.374999999999999556, 0.6716990566028298026, -1.725000000000000311 ) ) ;
#8503 = EDGE_CURVE ( 'NONE', #651, #2774, #1220, .T. ) ;
#8504 = EDGE_LOOP ( 'NONE', ( #1779, #6457, #7009, #50 ) ) ;
#8505 = DIRECTION ( 'NONE',  ( 0.000000000000000000, 0.000000000000000000, 1.000000000000000000 ) ) ;
#8506 = ORIENTED_EDGE ( 'NONE', *, *, #2209, .F. ) ;
#8507 = VECTOR ( 'NONE', #5936, 1000.000000000000000 ) ;
#8508 = ORIENTED_EDGE ( 'NONE', *, *, #4509, .T. ) ;
#8509 =( NAMED_UNIT ( * ) PLANE_ANGLE_UNIT ( ) SI_UNIT ( $, .RADIAN. ) );
#8510 = EDGE_CURVE ( 'NONE', #4865, #951, #6449, .T. ) ;
#8511 = EDGE_CURVE ( 'NONE', #2810, #4882, #964, .T. ) ;
#8512 = VECTOR ( 'NONE', #7700, 1000.000000000000000 ) ;
#8513 = DIRECTION ( 'NONE',  ( -1.000000000000000000, -0.000000000000000000, -7.885106708985496922E-16 ) ) ;
#8514 = VERTEX_POINT ( 'NONE', #3151 ) ;
#8515 = CARTESIAN_POINT ( 'NONE',  ( 1.724999999999999867, 0.000000000000000000, 0.8750000000000003331 ) ) ;
#8516 = CARTESIAN_POINT ( 'NONE',  ( 1.999999999999999556, 0.6716990566028301357, 1.375000000000000666 ) ) ;
#8517 = ORIENTED_EDGE ( 'NONE', *, *, #2713, .T. ) ;
#8518 = AXIS2_PLACEMENT_3D ( 'NONE', #4910, #4093, #103 ) ;
#8519 = CARTESIAN_POINT ( 'NONE',  ( -0.3749999999999994449, 0.000000000000000000, 1.725000000000000311 ) ) ;
#8520 = EDGE_CURVE ( 'NONE', #5949, #5002, #5800, .T. ) ;
#8521 = FACE_OUTER_BOUND ( 'NONE', #269, .T. ) ;
#8522 = ADVANCED_FACE ( 'NONE', ( #7184 ), #3899, .F. ) ;
#8523 = DIRECTION ( 'NONE',  ( 0.000000000000000000, 0.000000000000000000, -1.000000000000000000 ) ) ;
#8524 = AXIS2_PLACEMENT_3D ( 'NONE', #3688, #3737, #1059 ) ;
#8525 = DIRECTION ( 'NONE',  ( 0.000000000000000000, 0.000000000000000000, -1.000000000000000000 ) ) ;
#8526 = CARTESIAN_POINT ( 'NONE',  ( 2.000000000000000444, 0.05000000000000000278, 2.000000000000000000 ) ) ;
#8527 = CLOSED_SHELL ( 'NONE', ( #3824, #6209, #8124, #7560, #2597, #8092 ) ) ;
#8528 = ORIENTED_EDGE ( 'NONE', *, *, #2045, .T. ) ;
#8529 = DIRECTION ( 'NONE',  ( 0.000000000000000000, 0.000000000000000000, -1.000000000000000000 ) ) ;
#8530 = DIRECTION ( 'NONE',  ( 1.000000000000000000, 0.000000000000000000, -1.084202172485504681E-16 ) ) ;
#8531 = CARTESIAN_POINT ( 'NONE',  ( 2.168404344971009361E-16, 0.05000000000000000278, -1.225000000000000533 ) ) ;
#8532 = EDGE_LOOP ( 'NONE', ( #5492, #6433, #3075, #4304 ) ) ;
#8533 = EDGE_CURVE ( 'NONE', #4146, #2968, #8434, .T. ) ;
#8534 = DIRECTION ( 'NONE',  ( 0.000000000000000000, 0.000000000000000000, 1.000000000000000000 ) ) ;
#8535 = AXIS2_PLACEMENT_3D ( 'NONE', #6132, #5485, #907 ) ;
#8536 = DIRECTION ( 'NONE',  ( 0.000000000000000000, 0.000000000000000000, -1.000000000000000000 ) ) ;
#8537 = ORIENTED_EDGE ( 'NONE', *, *, #1508, .F. ) ;
#8538 = CARTESIAN_POINT ( 'NONE',  ( -1.124999999999999778, 0.6716990566028298026, 2.000000000000000000 ) ) ;
#8539 = ORIENTED_EDGE ( 'NONE', *, *, #6063, .F. ) ;
#8540 = DIRECTION ( 'NONE',  ( 0.000000000000000000, 1.000000000000000000, 0.000000000000000000 ) ) ;
#8541 = CIRCLE ( 'NONE', #6471, 0.1250000000000002220 ) ;
#8542 = AXIS2_PLACEMENT_3D ( 'NONE', #2937, #6931, #312 ) ;
#8543 = FACE_OUTER_BOUND ( 'NONE', #2241, .T. ) ;
#8544 = DIRECTION ( 'NONE',  ( 1.000000000000000000, 0.000000000000000000, 7.885106708985496922E-16 ) ) ;
#8545 = PLANE ( 'NONE',  #4605 ) ;
#8546 = EDGE_LOOP ( 'NONE', ( #938, #6404, #7196, #169 ) ) ;
#8547 = CARTESIAN_POINT ( 'NONE',  ( 0.1250000000000005551, 0.6716990566028298026, -2.000000000000000000 ) ) ;
#8548 = VECTOR ( 'NONE', #4651, 1000.000000000000000 ) ;
#8549 = CARTESIAN_POINT ( 'NONE',  ( 1.724999999999999867, 0.6716990566028301357, -0.1249999999999996808 ) ) ;
#8550 = ORIENTED_EDGE ( 'NONE', *, *, #3595, .F. ) ;
#8551 = CARTESIAN_POINT ( 'NONE',  ( -1.724999999999999867, 0.1999999999999999833, 0.8750000000000003331 ) ) ;
#8552 = EDGE_LOOP ( 'NONE', ( #2913, #3434, #1952, #4693 ) ) ;
#8553 = VECTOR ( 'NONE', #5604, 1000.000000000000000 ) ;
#8554 = EDGE_LOOP ( 'NONE', ( #5860, #6963, #3599, #648, #3157 ) ) ;
#8555 =( NAMED_UNIT ( * ) PLANE_ANGLE_UNIT ( ) SI_UNIT ( $, .RADIAN. ) );
#8556 = LINE ( 'NONE', #1299, #2238 ) ;
#8557 = DIRECTION ( 'NONE',  ( 0.000000000000000000, -1.000000000000000000, 0.000000000000000000 ) ) ;
#8558 = VERTEX_POINT ( 'NONE', #6619 ) ;
#8559 = CARTESIAN_POINT ( 'NONE',  ( -1.374999999999999556, 0.000000000000000000, -2.000000000000000000 ) ) ;
#8560 = ADVANCED_FACE ( 'NONE', ( #2586 ), #5240, .F. ) ;
#8561 = LINE ( 'NONE', #1838, #5136 ) ;
#8562 = ORIENTED_EDGE ( 'NONE', *, *, #3326, .F. ) ;
#8563 = EDGE_CURVE ( 'NONE', #2686, #3704, #6136, .T. ) ;
#8564 = LINE ( 'NONE', #3984, #4726 ) ;
#8565 = CARTESIAN_POINT ( 'NONE',  ( 1.375000000000000444, 0.2000000000000000111, -2.000000000000000000 ) ) ;
#8566 = CARTESIAN_POINT ( 'NONE',  ( 0.7500000000000004441, 0.000000000000000000, 1.725000000000000089 ) ) ;
#8567 = CARTESIAN_POINT ( 'NONE',  ( -1.999999999999999556, 0.000000000000000000, -0.8749999999999998890 ) ) ;
#8568 = EDGE_CURVE ( 'NONE', #5648, #2862, #2749, .T. ) ;
#8569 = CARTESIAN_POINT ( 'NONE',  ( -1.249999999999999556, 0.2000000000000000111, -1.725000000000000089 ) ) ;
#8570 = ORIENTED_EDGE ( 'NONE', *, *, #4166, .F. ) ;
#8571 = EDGE_CURVE ( 'NONE', #2025, #4245, #118, .T. ) ;
#8572 = CARTESIAN_POINT ( 'NONE',  ( -0.8749999999999994449, 0.000000000000000000, 2.000000000000000000 ) ) ;
#8573 = DIRECTION ( 'NONE',  ( -0.000000000000000000, 0.000000000000000000, -1.000000000000000000 ) ) ;
#8574 = VERTEX_POINT ( 'NONE', #3535 ) ;
#8575 = CARTESIAN_POINT ( 'NONE',  ( -0.6249999999999996669, 0.2000000000000000111, -2.000000000000000000 ) ) ;
#8576 = VECTOR ( 'NONE', #3074, 1000.000000000000000 ) ;
#8577 = LINE ( 'NONE', #2641, #5062 ) ;
#8578 = VERTEX_POINT ( 'NONE', #7358 ) ;
#8579 = DIRECTION ( 'NONE',  ( -1.000000000000000000, 0.000000000000000000, 0.000000000000000000 ) ) ;
#8580 = ORIENTED_EDGE ( 'NONE', *, *, #6890, .T. ) ;
#8581 = LINE ( 'NONE', #5861, #3994 ) ;
#8582 = ADVANCED_FACE ( 'NONE', ( #4748 ), #2671, .F. ) ;
#8583 = EDGE_LOOP ( 'NONE', ( #2696, #4366, #6720, #4800 ) ) ;
#8584 = EDGE_CURVE ( 'NONE', #5141, #2957, #1521, .T. ) ;
#8585 = AXIS2_PLACEMENT_3D ( 'NONE', #2995, #4009, #4049 ) ;
#8586 = DIRECTION ( 'NONE',  ( 0.000000000000000000, 0.000000000000000000, 1.000000000000000000 ) ) ;
#8587 = LINE ( 'NONE', #6598, #8308 ) ;
#8588 = CARTESIAN_POINT ( 'NONE',  ( -0.6249999999999996669, 0.2000000000000000111, -1.725000000000000311 ) ) ;
#8589 = VERTEX_POINT ( 'NONE', #5405 ) ;
#8590 = LINE ( 'NONE', #5906, #1109 ) ;
#8591 = VECTOR ( 'NONE', #4035, 1000.000000000000000 ) ;
#8592 = EDGE_CURVE ( 'NONE', #325, #7341, #5329, .T. ) ;
#8593 = CARTESIAN_POINT ( 'NONE',  ( -0.1249999999999996808, 0.6716990566028298026, -1.725000000000000311 ) ) ;
#8594 = ORIENTED_EDGE ( 'NONE', *, *, #1087, .F. ) ;
#8595 = PLANE ( 'NONE',  #3972 ) ;
#8596 = ORIENTED_EDGE ( 'NONE', *, *, #8166, .T. ) ;
#8597 = VECTOR ( 'NONE', #3234, 1000.000000000000000 ) ;
#8598 = ORIENTED_EDGE ( 'NONE', *, *, #7200, .T. ) ;
#8599 = VECTOR ( 'NONE', #7495, 1000.000000000000000 ) ;
#8600 = VECTOR ( 'NONE', #5220, 1000.000000000000000 ) ;
#8601 = VECTOR ( 'NONE', #7170, 1000.000000000000000 ) ;
#8602 = DIRECTION ( 'NONE',  ( 0.000000000000000000, -1.000000000000000000, 0.000000000000000000 ) ) ;
#8603 = EDGE_LOOP ( 'NONE', ( #6957, #5737, #1041, #3883 ) ) ;
#8604 = PRESENTATION_STYLE_ASSIGNMENT (( #3312 ) ) ;
#8605 = EDGE_LOOP ( 'NONE', ( #7511, #5192, #7630, #5296 ) ) ;
#8606 = AXIS2_PLACEMENT_3D ( 'NONE', #7813, #1949, #2613 ) ;
#8607 = VECTOR ( 'NONE', #2758, 1000.000000000000000 ) ;
#8608 = DIRECTION ( 'NONE',  ( -1.000000000000000000, 0.000000000000000000, 7.885106708985496922E-16 ) ) ;
#8609 = EDGE_CURVE ( 'NONE', #4209, #5660, #1348, .T. ) ;
#8610 = LINE ( 'NONE', #7964, #2096 ) ;
#8611 = ADVANCED_FACE ( 'NONE', ( #8076 ), #7398, .T. ) ;
#8612 = CARTESIAN_POINT ( 'NONE',  ( -1.724999999999999867, 0.1999999999999999833, -0.8750000000000001110 ) ) ;
ENDSEC;
END-ISO-10303-21;
